{
  "type": "FeatureCollection",
  "features": [
    {
      "type": "Feature",
      "properties": {
        "@id": "relation/18094428",
        "amenity": "parking",
        "building": "parking",
        "building:levels": "5",
        "name": "MCD Parking",
        "parking": "multi-storey",
        "roof:shape": "flat",
        "type": "multipolygon",
        "@geometry": "center",
        "flood_count_5yr": 0.0,
        "elevation_m": 216.0,
        "risk_category": "low",
        "risk_color": "#00FF00",
        "risk_label": "LOW",
        "data_source": "polygon",
        "assessment_criteria": {
          "flood_threshold_low": 2,
          "flood_threshold_moderate": 4,
          "elevation_threshold_high": 210,
          "elevation_threshold_low": 205
        },
        "assessed_date": "2026-02-13"
      },
      "geometry": {
        "type": "Point",
        "coordinates": [
          77.2451881,
          28.5667862
        ]
      },
      "id": "relation/18094428"
    },
    {
      "type": "Feature",
      "properties": {
        "@id": "way/24618015",
        "amenity": "parking",
        "created_by": "Potlatch 0.9c",
        "@geometry": "center",
        "flood_count_5yr": 0.0,
        "elevation_m": 214.0,
        "risk_category": "low",
        "risk_color": "#00FF00",
        "risk_label": "LOW",
        "data_source": "polygon",
        "assessment_criteria": {
          "flood_threshold_low": 2,
          "flood_threshold_moderate": 4,
          "elevation_threshold_high": 210,
          "elevation_threshold_low": 205
        },
        "assessed_date": "2026-02-13"
      },
      "geometry": {
        "type": "Point",
        "coordinates": [
          77.2141903,
          28.6173154
        ]
      },
      "id": "way/24618015"
    },
    {
      "type": "Feature",
      "properties": {
        "@id": "way/26662844",
        "amenity": "parking",
        "@geometry": "center",
        "flood_count_5yr": 0.0,
        "elevation_m": 216.0,
        "risk_category": "low",
        "risk_color": "#00FF00",
        "risk_label": "LOW",
        "data_source": "polygon",
        "assessment_criteria": {
          "flood_threshold_low": 2,
          "flood_threshold_moderate": 4,
          "elevation_threshold_high": 210,
          "elevation_threshold_low": 205
        },
        "assessed_date": "2026-02-13"
      },
      "geometry": {
        "type": "Point",
        "coordinates": [
          77.2203462,
          28.5692068
        ]
      },
      "id": "way/26662844"
    },
    {
      "type": "Feature",
      "properties": {
        "@id": "way/31658508",
        "access": "private",
        "amenity": "parking",
        "fee": "no",
        "name": "Residents' Parking",
        "parking": "surface",
        "@geometry": "center",
        "flood_count_5yr": 0.0,
        "elevation_m": 231.0,
        "risk_category": "low",
        "risk_color": "#00FF00",
        "risk_label": "LOW",
        "data_source": "polygon",
        "assessment_criteria": {
          "flood_threshold_low": 2,
          "flood_threshold_moderate": 4,
          "elevation_threshold_high": 210,
          "elevation_threshold_low": 205
        },
        "assessed_date": "2026-02-13"
      },
      "geometry": {
        "type": "Point",
        "coordinates": [
          77.1854129,
          28.5388529
        ]
      },
      "id": "way/31658508"
    },
    {
      "type": "Feature",
      "properties": {
        "@id": "way/40791008",
        "amenity": "parking",
        "building": "parking",
        "building:levels": "8",
        "fee": "yes",
        "name": "Eros",
        "parking": "multi-storey",
        "roof:shape": "flat",
        "@geometry": "center",
        "flood_count_5yr": 0.0,
        "elevation_m": 237.0,
        "risk_category": "low",
        "risk_color": "#00FF00",
        "risk_label": "LOW",
        "data_source": "polygon",
        "assessment_criteria": {
          "flood_threshold_low": 2,
          "flood_threshold_moderate": 4,
          "elevation_threshold_high": 210,
          "elevation_threshold_low": 205
        },
        "assessed_date": "2026-02-13"
      },
      "geometry": {
        "type": "Point",
        "coordinates": [
          77.2519736,
          28.549573
        ]
      },
      "id": "way/40791008"
    },
    {
      "type": "Feature",
      "properties": {
        "@id": "way/43361925",
        "access": "private",
        "amenity": "parking",
        "parking": "surface",
        "@geometry": "center",
        "flood_count_5yr": 0.0,
        "elevation_m": 230.0,
        "risk_category": "low",
        "risk_color": "#00FF00",
        "risk_label": "LOW",
        "data_source": "polygon",
        "assessment_criteria": {
          "flood_threshold_low": 2,
          "flood_threshold_moderate": 4,
          "elevation_threshold_high": 210,
          "elevation_threshold_low": 205
        },
        "assessed_date": "2026-02-13"
      },
      "geometry": {
        "type": "Point",
        "coordinates": [
          77.179953,
          28.5978355
        ]
      },
      "id": "way/43361925"
    },
    {
      "type": "Feature",
      "properties": {
        "@id": "way/44091400",
        "access": "permissive",
        "amenity": "parking",
        "name": "Visitors' parking",
        "@geometry": "center",
        "flood_count_5yr": 0.0,
        "elevation_m": 237.0,
        "risk_category": "low",
        "risk_color": "#00FF00",
        "risk_label": "LOW",
        "data_source": "polygon",
        "assessment_criteria": {
          "flood_threshold_low": 2,
          "flood_threshold_moderate": 4,
          "elevation_threshold_high": 210,
          "elevation_threshold_low": 205
        },
        "assessed_date": "2026-02-13"
      },
      "geometry": {
        "type": "Point",
        "coordinates": [
          77.1848909,
          28.5401266
        ]
      },
      "id": "way/44091400"
    },
    {
      "type": "Feature",
      "properties": {
        "@id": "way/44827324",
        "access": "private",
        "amenity": "parking",
        "@geometry": "center",
        "flood_count_5yr": 0.0,
        "elevation_m": 227.0,
        "risk_category": "low",
        "risk_color": "#00FF00",
        "risk_label": "LOW",
        "data_source": "polygon",
        "assessment_criteria": {
          "flood_threshold_low": 2,
          "flood_threshold_moderate": 4,
          "elevation_threshold_high": 210,
          "elevation_threshold_low": 205
        },
        "assessed_date": "2026-02-13"
      },
      "geometry": {
        "type": "Point",
        "coordinates": [
          77.2618471,
          28.5541972
        ]
      },
      "id": "way/44827324"
    },
    {
      "type": "Feature",
      "properties": {
        "@id": "way/78484369",
        "access": "customers",
        "amenity": "parking",
        "fee": "yes",
        "parking": "surface",
        "surface": "asphalt",
        "@geometry": "center",
        "flood_count_5yr": 0.0,
        "elevation_m": 222.0,
        "risk_category": "low",
        "risk_color": "#00FF00",
        "risk_label": "LOW",
        "data_source": "polygon",
        "assessment_criteria": {
          "flood_threshold_low": 2,
          "flood_threshold_moderate": 4,
          "elevation_threshold_high": 210,
          "elevation_threshold_low": 205
        },
        "assessed_date": "2026-02-13"
      },
      "geometry": {
        "type": "Point",
        "coordinates": [
          77.1130423,
          28.7224186
        ]
      },
      "id": "way/78484369"
    },
    {
      "type": "Feature",
      "properties": {
        "@id": "way/78484482",
        "amenity": "parking",
        "@geometry": "center",
        "flood_count_5yr": 0.0,
        "elevation_m": 212.0,
        "risk_category": "low",
        "risk_color": "#00FF00",
        "risk_label": "LOW",
        "data_source": "polygon",
        "assessment_criteria": {
          "flood_threshold_low": 2,
          "flood_threshold_moderate": 4,
          "elevation_threshold_high": 210,
          "elevation_threshold_low": 205
        },
        "assessed_date": "2026-02-13"
      },
      "geometry": {
        "type": "Point",
        "coordinates": [
          77.1115592,
          28.7232237
        ]
      },
      "id": "way/78484482"
    },
    {
      "type": "Feature",
      "properties": {
        "@id": "way/78595594",
        "access": "yes",
        "amenity": "parking",
        "fee": "yes",
        "parking": "surface",
        "@geometry": "center",
        "flood_count_5yr": 0.0,
        "elevation_m": 220.0,
        "risk_category": "low",
        "risk_color": "#00FF00",
        "risk_label": "LOW",
        "data_source": "polygon",
        "assessment_criteria": {
          "flood_threshold_low": 2,
          "flood_threshold_moderate": 4,
          "elevation_threshold_high": 210,
          "elevation_threshold_low": 205
        },
        "assessed_date": "2026-02-13"
      },
      "geometry": {
        "type": "Point",
        "coordinates": [
          77.1259127,
          28.7080717
        ]
      },
      "id": "way/78595594"
    },
    {
      "type": "Feature",
      "properties": {
        "@id": "way/80414532",
        "amenity": "parking",
        "@geometry": "center",
        "flood_count_5yr": 0.0,
        "elevation_m": 218.0,
        "risk_category": "low",
        "risk_color": "#00FF00",
        "risk_label": "LOW",
        "data_source": "polygon",
        "assessment_criteria": {
          "flood_threshold_low": 2,
          "flood_threshold_moderate": 4,
          "elevation_threshold_high": 210,
          "elevation_threshold_low": 205
        },
        "assessed_date": "2026-02-13"
      },
      "geometry": {
        "type": "Point",
        "coordinates": [
          77.2185904,
          28.6436272
        ]
      },
      "id": "way/80414532"
    },
    {
      "type": "Feature",
      "properties": {
        "@id": "way/80414548",
        "amenity": "parking",
        "@geometry": "center",
        "flood_count_5yr": 0.0,
        "elevation_m": 216.0,
        "risk_category": "low",
        "risk_color": "#00FF00",
        "risk_label": "LOW",
        "data_source": "polygon",
        "assessment_criteria": {
          "flood_threshold_low": 2,
          "flood_threshold_moderate": 4,
          "elevation_threshold_high": 210,
          "elevation_threshold_low": 205
        },
        "assessed_date": "2026-02-13"
      },
      "geometry": {
        "type": "Point",
        "coordinates": [
          77.2187639,
          28.642693
        ]
      },
      "id": "way/80414548"
    },
    {
      "type": "Feature",
      "properties": {
        "@id": "way/80418116",
        "amenity": "parking",
        "@geometry": "center",
        "flood_count_5yr": 0.0,
        "elevation_m": 217.0,
        "risk_category": "low",
        "risk_color": "#00FF00",
        "risk_label": "LOW",
        "data_source": "polygon",
        "assessment_criteria": {
          "flood_threshold_low": 2,
          "flood_threshold_moderate": 4,
          "elevation_threshold_high": 210,
          "elevation_threshold_low": 205
        },
        "assessed_date": "2026-02-13"
      },
      "geometry": {
        "type": "Point",
        "coordinates": [
          77.2226247,
          28.6422232
        ]
      },
      "id": "way/80418116"
    },
    {
      "type": "Feature",
      "properties": {
        "@id": "way/80439691",
        "amenity": "parking",
        "@geometry": "center",
        "flood_count_5yr": 0.0,
        "elevation_m": 218.0,
        "risk_category": "low",
        "risk_color": "#00FF00",
        "risk_label": "LOW",
        "data_source": "polygon",
        "assessment_criteria": {
          "flood_threshold_low": 2,
          "flood_threshold_moderate": 4,
          "elevation_threshold_high": 210,
          "elevation_threshold_low": 205
        },
        "assessed_date": "2026-02-13"
      },
      "geometry": {
        "type": "Point",
        "coordinates": [
          77.2411647,
          28.6070249
        ]
      },
      "id": "way/80439691"
    },
    {
      "type": "Feature",
      "properties": {
        "@id": "way/81352222",
        "access": "yes",
        "amenity": "parking",
        "fee": "no",
        "parking": "surface",
        "@geometry": "center",
        "flood_count_5yr": 0.0,
        "elevation_m": 234.0,
        "risk_category": "low",
        "risk_color": "#00FF00",
        "risk_label": "LOW",
        "data_source": "polygon",
        "assessment_criteria": {
          "flood_threshold_low": 2,
          "flood_threshold_moderate": 4,
          "elevation_threshold_high": 210,
          "elevation_threshold_low": 205
        },
        "assessed_date": "2026-02-13"
      },
      "geometry": {
        "type": "Point",
        "coordinates": [
          77.1820924,
          28.5853175
        ]
      },
      "id": "way/81352222"
    },
    {
      "type": "Feature",
      "properties": {
        "@id": "way/88213152",
        "amenity": "parking",
        "name": "Hauz Khas Deer Park Parking",
        "parking": "surface",
        "@geometry": "center",
        "flood_count_5yr": 0.0,
        "elevation_m": 233.0,
        "risk_category": "low",
        "risk_color": "#00FF00",
        "risk_label": "LOW",
        "data_source": "polygon",
        "assessment_criteria": {
          "flood_threshold_low": 2,
          "flood_threshold_moderate": 4,
          "elevation_threshold_high": 210,
          "elevation_threshold_low": 205
        },
        "assessed_date": "2026-02-13"
      },
      "geometry": {
        "type": "Point",
        "coordinates": [
          77.1885594,
          28.5573456
        ]
      },
      "id": "way/88213152"
    },
    {
      "type": "Feature",
      "properties": {
        "@id": "way/135373084",
        "amenity": "parking",
        "@geometry": "center",
        "flood_count_5yr": 0.0,
        "elevation_m": 250.0,
        "risk_category": "low",
        "risk_color": "#00FF00",
        "risk_label": "LOW",
        "data_source": "polygon",
        "assessment_criteria": {
          "flood_threshold_low": 2,
          "flood_threshold_moderate": 4,
          "elevation_threshold_high": 210,
          "elevation_threshold_low": 205
        },
        "assessed_date": "2026-02-13"
      },
      "geometry": {
        "type": "Point",
        "coordinates": [
          77.1881218,
          28.5251266
        ]
      },
      "id": "way/135373084"
    },
    {
      "type": "Feature",
      "properties": {
        "@id": "way/137412483",
        "amenity": "parking",
        "@geometry": "center",
        "flood_count_5yr": 0.0,
        "elevation_m": 234.0,
        "risk_category": "low",
        "risk_color": "#00FF00",
        "risk_label": "LOW",
        "data_source": "polygon",
        "assessment_criteria": {
          "flood_threshold_low": 2,
          "flood_threshold_moderate": 4,
          "elevation_threshold_high": 210,
          "elevation_threshold_low": 205
        },
        "assessed_date": "2026-02-13"
      },
      "geometry": {
        "type": "Point",
        "coordinates": [
          77.2618562,
          28.5111488
        ]
      },
      "id": "way/137412483"
    },
    {
      "type": "Feature",
      "properties": {
        "@id": "way/138630166",
        "amenity": "parking",
        "fee": "10",
        "name": "Metro Parking",
        "operator": "South Delhi Municipal Corporation",
        "operator:type": "public",
        "parking": "multi-storey",
        "@geometry": "center",
        "flood_count_5yr": 0.0,
        "elevation_m": 219.0,
        "risk_category": "low",
        "risk_color": "#00FF00",
        "risk_label": "LOW",
        "data_source": "polygon",
        "assessment_criteria": {
          "flood_threshold_low": 2,
          "flood_threshold_moderate": 4,
          "elevation_threshold_high": 210,
          "elevation_threshold_low": 205
        },
        "assessed_date": "2026-02-13"
      },
      "geometry": {
        "type": "Point",
        "coordinates": [
          77.2069099,
          28.5572482
        ]
      },
      "id": "way/138630166"
    },
    {
      "type": "Feature",
      "properties": {
        "@id": "way/139069657",
        "amenity": "parking",
        "@geometry": "center",
        "flood_count_5yr": 0.0,
        "elevation_m": 214.0,
        "risk_category": "low",
        "risk_color": "#00FF00",
        "risk_label": "LOW",
        "data_source": "polygon",
        "assessment_criteria": {
          "flood_threshold_low": 2,
          "flood_threshold_moderate": 4,
          "elevation_threshold_high": 210,
          "elevation_threshold_low": 205
        },
        "assessed_date": "2026-02-13"
      },
      "geometry": {
        "type": "Point",
        "coordinates": [
          77.2255741,
          28.6001877
        ]
      },
      "id": "way/139069657"
    },
    {
      "type": "Feature",
      "properties": {
        "@id": "way/142215129",
        "amenity": "parking",
        "@geometry": "center",
        "flood_count_5yr": 0.0,
        "elevation_m": 259.0,
        "risk_category": "low",
        "risk_color": "#00FF00",
        "risk_label": "LOW",
        "data_source": "polygon",
        "assessment_criteria": {
          "flood_threshold_low": 2,
          "flood_threshold_moderate": 4,
          "elevation_threshold_high": 210,
          "elevation_threshold_low": 205
        },
        "assessed_date": "2026-02-13"
      },
      "geometry": {
        "type": "Point",
        "coordinates": [
          77.1805925,
          28.5020183
        ]
      },
      "id": "way/142215129"
    },
    {
      "type": "Feature",
      "properties": {
        "@id": "way/150520028",
        "amenity": "parking",
        "@geometry": "center",
        "flood_count_5yr": 0.0,
        "elevation_m": 228.0,
        "risk_category": "low",
        "risk_color": "#00FF00",
        "risk_label": "LOW",
        "data_source": "polygon",
        "assessment_criteria": {
          "flood_threshold_low": 2,
          "flood_threshold_moderate": 4,
          "elevation_threshold_high": 210,
          "elevation_threshold_low": 205
        },
        "assessed_date": "2026-02-13"
      },
      "geometry": {
        "type": "Point",
        "coordinates": [
          77.211519,
          28.5280437
        ]
      },
      "id": "way/150520028"
    },
    {
      "type": "Feature",
      "properties": {
        "@id": "way/153152573",
        "access": "yes",
        "amenity": "parking",
        "fee": "yes",
        "parking": "surface",
        "@geometry": "center",
        "flood_count_5yr": 0.0,
        "elevation_m": 234.0,
        "risk_category": "low",
        "risk_color": "#00FF00",
        "risk_label": "LOW",
        "data_source": "polygon",
        "assessment_criteria": {
          "flood_threshold_low": 2,
          "flood_threshold_moderate": 4,
          "elevation_threshold_high": 210,
          "elevation_threshold_low": 205
        },
        "assessed_date": "2026-02-13"
      },
      "geometry": {
        "type": "Point",
        "coordinates": [
          77.1954188,
          28.5540224
        ]
      },
      "id": "way/153152573"
    },
    {
      "type": "Feature",
      "properties": {
        "@id": "way/168861267",
        "amenity": "parking",
        "@geometry": "center",
        "flood_count_5yr": 0.0,
        "elevation_m": 223.0,
        "risk_category": "low",
        "risk_color": "#00FF00",
        "risk_label": "LOW",
        "data_source": "polygon",
        "assessment_criteria": {
          "flood_threshold_low": 2,
          "flood_threshold_moderate": 4,
          "elevation_threshold_high": 210,
          "elevation_threshold_low": 205
        },
        "assessed_date": "2026-02-13"
      },
      "geometry": {
        "type": "Point",
        "coordinates": [
          77.0872451,
          28.553453
        ]
      },
      "id": "way/168861267"
    },
    {
      "type": "Feature",
      "properties": {
        "@id": "way/168861278",
        "amenity": "parking",
        "building": "yes",
        "layer": "1",
        "name": "Long and Short Term Parking",
        "@geometry": "center",
        "flood_count_5yr": 0.0,
        "elevation_m": 225.0,
        "risk_category": "low",
        "risk_color": "#00FF00",
        "risk_label": "LOW",
        "data_source": "polygon",
        "assessment_criteria": {
          "flood_threshold_low": 2,
          "flood_threshold_moderate": 4,
          "elevation_threshold_high": 210,
          "elevation_threshold_low": 205
        },
        "assessed_date": "2026-02-13"
      },
      "geometry": {
        "type": "Point",
        "coordinates": [
          77.0881928,
          28.5546696
        ]
      },
      "id": "way/168861278"
    },
    {
      "type": "Feature",
      "properties": {
        "@id": "way/171551669",
        "amenity": "parking",
        "@geometry": "center",
        "flood_count_5yr": 0.0,
        "elevation_m": 218.0,
        "risk_category": "low",
        "risk_color": "#00FF00",
        "risk_label": "LOW",
        "data_source": "polygon",
        "assessment_criteria": {
          "flood_threshold_low": 2,
          "flood_threshold_moderate": 4,
          "elevation_threshold_high": 210,
          "elevation_threshold_low": 205
        },
        "assessed_date": "2026-02-13"
      },
      "geometry": {
        "type": "Point",
        "coordinates": [
          77.1421504,
          28.6964347
        ]
      },
      "id": "way/171551669"
    },
    {
      "type": "Feature",
      "properties": {
        "@id": "way/171613305",
        "amenity": "parking",
        "@geometry": "center",
        "flood_count_5yr": 0.0,
        "elevation_m": 216.0,
        "risk_category": "low",
        "risk_color": "#00FF00",
        "risk_label": "LOW",
        "data_source": "polygon",
        "assessment_criteria": {
          "flood_threshold_low": 2,
          "flood_threshold_moderate": 4,
          "elevation_threshold_high": 210,
          "elevation_threshold_low": 205
        },
        "assessed_date": "2026-02-13"
      },
      "geometry": {
        "type": "Point",
        "coordinates": [
          77.1284412,
          28.6812952
        ]
      },
      "id": "way/171613305"
    },
    {
      "type": "Feature",
      "properties": {
        "@id": "way/196621012",
        "amenity": "parking",
        "name": "EDM Parking",
        "parking": "surface",
        "@geometry": "center",
        "flood_count_5yr": 0.0,
        "elevation_m": 218.0,
        "risk_category": "low",
        "risk_color": "#00FF00",
        "risk_label": "LOW",
        "data_source": "polygon",
        "assessment_criteria": {
          "flood_threshold_low": 2,
          "flood_threshold_moderate": 4,
          "elevation_threshold_high": 210,
          "elevation_threshold_low": 205
        },
        "assessed_date": "2026-02-13"
      },
      "geometry": {
        "type": "Point",
        "coordinates": [
          77.3169252,
          28.6413029
        ]
      },
      "id": "way/196621012"
    },
    {
      "type": "Feature",
      "properties": {
        "@id": "way/196621660",
        "amenity": "parking",
        "name": "EDM Parking",
        "parking": "surface",
        "@geometry": "center",
        "flood_count_5yr": 0.0,
        "elevation_m": 213.0,
        "risk_category": "low",
        "risk_color": "#00FF00",
        "risk_label": "LOW",
        "data_source": "polygon",
        "assessment_criteria": {
          "flood_threshold_low": 2,
          "flood_threshold_moderate": 4,
          "elevation_threshold_high": 210,
          "elevation_threshold_low": 205
        },
        "assessed_date": "2026-02-13"
      },
      "geometry": {
        "type": "Point",
        "coordinates": [
          77.3166005,
          28.6416511
        ]
      },
      "id": "way/196621660"
    },
    {
      "type": "Feature",
      "properties": {
        "@id": "way/200251472",
        "amenity": "parking",
        "@geometry": "center",
        "flood_count_5yr": 0.0,
        "elevation_m": 235.0,
        "risk_category": "low",
        "risk_color": "#00FF00",
        "risk_label": "LOW",
        "data_source": "polygon",
        "assessment_criteria": {
          "flood_threshold_low": 2,
          "flood_threshold_moderate": 4,
          "elevation_threshold_high": 210,
          "elevation_threshold_low": 205
        },
        "assessed_date": "2026-02-13"
      },
      "geometry": {
        "type": "Point",
        "coordinates": [
          77.2009085,
          28.5390693
        ]
      },
      "id": "way/200251472"
    },
    {
      "type": "Feature",
      "properties": {
        "@id": "way/203569948",
        "access": "private",
        "amenity": "parking",
        "@geometry": "center",
        "flood_count_5yr": 0.0,
        "elevation_m": 220.0,
        "risk_category": "low",
        "risk_color": "#00FF00",
        "risk_label": "LOW",
        "data_source": "polygon",
        "assessment_criteria": {
          "flood_threshold_low": 2,
          "flood_threshold_moderate": 4,
          "elevation_threshold_high": 210,
          "elevation_threshold_low": 205
        },
        "assessed_date": "2026-02-13"
      },
      "geometry": {
        "type": "Point",
        "coordinates": [
          77.0282662,
          28.6036124
        ]
      },
      "id": "way/203569948"
    },
    {
      "type": "Feature",
      "properties": {
        "@id": "way/203569949",
        "access": "private",
        "amenity": "parking",
        "@geometry": "center",
        "flood_count_5yr": 0.0,
        "elevation_m": 219.0,
        "risk_category": "low",
        "risk_color": "#00FF00",
        "risk_label": "LOW",
        "data_source": "polygon",
        "assessment_criteria": {
          "flood_threshold_low": 2,
          "flood_threshold_moderate": 4,
          "elevation_threshold_high": 210,
          "elevation_threshold_low": 205
        },
        "assessed_date": "2026-02-13"
      },
      "geometry": {
        "type": "Point",
        "coordinates": [
          77.0281902,
          28.6027191
        ]
      },
      "id": "way/203569949"
    },
    {
      "type": "Feature",
      "properties": {
        "@id": "way/203569950",
        "access": "private",
        "amenity": "parking",
        "@geometry": "center",
        "flood_count_5yr": 0.0,
        "elevation_m": 217.0,
        "risk_category": "low",
        "risk_color": "#00FF00",
        "risk_label": "LOW",
        "data_source": "polygon",
        "assessment_criteria": {
          "flood_threshold_low": 2,
          "flood_threshold_moderate": 4,
          "elevation_threshold_high": 210,
          "elevation_threshold_low": 205
        },
        "assessed_date": "2026-02-13"
      },
      "geometry": {
        "type": "Point",
        "coordinates": [
          77.0298356,
          28.6031983
        ]
      },
      "id": "way/203569950"
    },
    {
      "type": "Feature",
      "properties": {
        "@id": "way/203569951",
        "access": "private",
        "amenity": "parking",
        "@geometry": "center",
        "flood_count_5yr": 0.0,
        "elevation_m": 217.0,
        "risk_category": "low",
        "risk_color": "#00FF00",
        "risk_label": "LOW",
        "data_source": "polygon",
        "assessment_criteria": {
          "flood_threshold_low": 2,
          "flood_threshold_moderate": 4,
          "elevation_threshold_high": 210,
          "elevation_threshold_low": 205
        },
        "assessed_date": "2026-02-13"
      },
      "geometry": {
        "type": "Point",
        "coordinates": [
          77.0297057,
          28.6034973
        ]
      },
      "id": "way/203569951"
    },
    {
      "type": "Feature",
      "properties": {
        "@id": "way/203569953",
        "access": "private",
        "amenity": "parking",
        "@geometry": "center",
        "flood_count_5yr": 0.0,
        "elevation_m": 219.0,
        "risk_category": "low",
        "risk_color": "#00FF00",
        "risk_label": "LOW",
        "data_source": "polygon",
        "assessment_criteria": {
          "flood_threshold_low": 2,
          "flood_threshold_moderate": 4,
          "elevation_threshold_high": 210,
          "elevation_threshold_low": 205
        },
        "assessed_date": "2026-02-13"
      },
      "geometry": {
        "type": "Point",
        "coordinates": [
          77.027337,
          28.6037204
        ]
      },
      "id": "way/203569953"
    },
    {
      "type": "Feature",
      "properties": {
        "@id": "way/203569954",
        "access": "private",
        "amenity": "parking",
        "@geometry": "center",
        "flood_count_5yr": 0.0,
        "elevation_m": 216.0,
        "risk_category": "low",
        "risk_color": "#00FF00",
        "risk_label": "LOW",
        "data_source": "polygon",
        "assessment_criteria": {
          "flood_threshold_low": 2,
          "flood_threshold_moderate": 4,
          "elevation_threshold_high": 210,
          "elevation_threshold_low": 205
        },
        "assessed_date": "2026-02-13"
      },
      "geometry": {
        "type": "Point",
        "coordinates": [
          77.0290903,
          28.6038288
        ]
      },
      "id": "way/203569954"
    },
    {
      "type": "Feature",
      "properties": {
        "@id": "way/203574692",
        "access": "private",
        "amenity": "parking",
        "@geometry": "center",
        "flood_count_5yr": 0.0,
        "elevation_m": 224.0,
        "risk_category": "low",
        "risk_color": "#00FF00",
        "risk_label": "LOW",
        "data_source": "polygon",
        "assessment_criteria": {
          "flood_threshold_low": 2,
          "flood_threshold_moderate": 4,
          "elevation_threshold_high": 210,
          "elevation_threshold_low": 205
        },
        "assessed_date": "2026-02-13"
      },
      "geometry": {
        "type": "Point",
        "coordinates": [
          77.0293546,
          28.6025262
        ]
      },
      "id": "way/203574692"
    },
    {
      "type": "Feature",
      "properties": {
        "@id": "way/203574937",
        "amenity": "parking",
        "parking": "surface",
        "supervised": "yes",
        "@geometry": "center",
        "flood_count_5yr": 0.0,
        "elevation_m": 211.0,
        "risk_category": "low",
        "risk_color": "#00FF00",
        "risk_label": "LOW",
        "data_source": "polygon",
        "assessment_criteria": {
          "flood_threshold_low": 2,
          "flood_threshold_moderate": 4,
          "elevation_threshold_high": 210,
          "elevation_threshold_low": 205
        },
        "assessed_date": "2026-02-13"
      },
      "geometry": {
        "type": "Point",
        "coordinates": [
          77.0267626,
          28.6021707
        ]
      },
      "id": "way/203574937"
    },
    {
      "type": "Feature",
      "properties": {
        "@id": "way/209297517",
        "access": "yes",
        "amenity": "parking",
        "fee": "yes",
        "lit": "yes",
        "name": "Municipal Corporation Department Parking",
        "parking": "surface",
        "smoothness": "excellent",
        "supervised": "yes",
        "surface": "paving_stones",
        "@geometry": "center",
        "flood_count_5yr": 0.0,
        "elevation_m": 215.0,
        "risk_category": "low",
        "risk_color": "#00FF00",
        "risk_label": "LOW",
        "data_source": "polygon",
        "assessment_criteria": {
          "flood_threshold_low": 2,
          "flood_threshold_moderate": 4,
          "elevation_threshold_high": 210,
          "elevation_threshold_low": 205
        },
        "assessed_date": "2026-02-13"
      },
      "geometry": {
        "type": "Point",
        "coordinates": [
          77.0422682,
          28.5916909
        ]
      },
      "id": "way/209297517"
    },
    {
      "type": "Feature",
      "properties": {
        "@id": "way/221423293",
        "amenity": "parking",
        "@geometry": "center",
        "flood_count_5yr": 0.0,
        "elevation_m": 218.0,
        "risk_category": "low",
        "risk_color": "#00FF00",
        "risk_label": "LOW",
        "data_source": "polygon",
        "assessment_criteria": {
          "flood_threshold_low": 2,
          "flood_threshold_moderate": 4,
          "elevation_threshold_high": 210,
          "elevation_threshold_low": 205
        },
        "assessed_date": "2026-02-13"
      },
      "geometry": {
        "type": "Point",
        "coordinates": [
          77.0877612,
          28.6329859
        ]
      },
      "id": "way/221423293"
    },
    {
      "type": "Feature",
      "properties": {
        "@id": "way/226565148",
        "amenity": "parking",
        "@geometry": "center",
        "flood_count_5yr": 0.0,
        "elevation_m": 221.0,
        "risk_category": "low",
        "risk_color": "#00FF00",
        "risk_label": "LOW",
        "data_source": "polygon",
        "assessment_criteria": {
          "flood_threshold_low": 2,
          "flood_threshold_moderate": 4,
          "elevation_threshold_high": 210,
          "elevation_threshold_low": 205
        },
        "assessed_date": "2026-02-13"
      },
      "geometry": {
        "type": "Point",
        "coordinates": [
          77.0842563,
          28.5592093
        ]
      },
      "id": "way/226565148"
    },
    {
      "type": "Feature",
      "properties": {
        "@id": "way/235626542",
        "amenity": "parking",
        "name": "Mohan Estate Metro Parking",
        "parking": "surface",
        "@geometry": "center",
        "flood_count_5yr": 0.0,
        "elevation_m": 212.0,
        "risk_category": "low",
        "risk_color": "#00FF00",
        "risk_label": "LOW",
        "data_source": "polygon",
        "assessment_criteria": {
          "flood_threshold_low": 2,
          "flood_threshold_moderate": 4,
          "elevation_threshold_high": 210,
          "elevation_threshold_low": 205
        },
        "assessed_date": "2026-02-13"
      },
      "geometry": {
        "type": "Point",
        "coordinates": [
          77.2940117,
          28.5193157
        ]
      },
      "id": "way/235626542"
    },
    {
      "type": "Feature",
      "properties": {
        "@id": "way/239641075",
        "amenity": "parking",
        "@geometry": "center",
        "flood_count_5yr": 0.0,
        "elevation_m": 233.0,
        "risk_category": "low",
        "risk_color": "#00FF00",
        "risk_label": "LOW",
        "data_source": "polygon",
        "assessment_criteria": {
          "flood_threshold_low": 2,
          "flood_threshold_moderate": 4,
          "elevation_threshold_high": 210,
          "elevation_threshold_low": 205
        },
        "assessed_date": "2026-02-13"
      },
      "geometry": {
        "type": "Point",
        "coordinates": [
          77.2073612,
          28.5230372
        ]
      },
      "id": "way/239641075"
    },
    {
      "type": "Feature",
      "properties": {
        "@id": "way/239641076",
        "amenity": "parking",
        "@geometry": "center",
        "flood_count_5yr": 0.0,
        "elevation_m": 229.0,
        "risk_category": "low",
        "risk_color": "#00FF00",
        "risk_label": "LOW",
        "data_source": "polygon",
        "assessment_criteria": {
          "flood_threshold_low": 2,
          "flood_threshold_moderate": 4,
          "elevation_threshold_high": 210,
          "elevation_threshold_low": 205
        },
        "assessed_date": "2026-02-13"
      },
      "geometry": {
        "type": "Point",
        "coordinates": [
          77.207995,
          28.5238978
        ]
      },
      "id": "way/239641076"
    },
    {
      "type": "Feature",
      "properties": {
        "@id": "way/239641077",
        "amenity": "parking",
        "@geometry": "center",
        "flood_count_5yr": 0.0,
        "elevation_m": 235.0,
        "risk_category": "low",
        "risk_color": "#00FF00",
        "risk_label": "LOW",
        "data_source": "polygon",
        "assessment_criteria": {
          "flood_threshold_low": 2,
          "flood_threshold_moderate": 4,
          "elevation_threshold_high": 210,
          "elevation_threshold_low": 205
        },
        "assessed_date": "2026-02-13"
      },
      "geometry": {
        "type": "Point",
        "coordinates": [
          77.2083789,
          28.5228994
        ]
      },
      "id": "way/239641077"
    },
    {
      "type": "Feature",
      "properties": {
        "@id": "way/243170321",
        "amenity": "parking",
        "source": "bing",
        "@geometry": "center",
        "flood_count_5yr": 0.0,
        "elevation_m": 237.0,
        "risk_category": "low",
        "risk_color": "#00FF00",
        "risk_label": "LOW",
        "data_source": "polygon",
        "assessment_criteria": {
          "flood_threshold_low": 2,
          "flood_threshold_moderate": 4,
          "elevation_threshold_high": 210,
          "elevation_threshold_low": 205
        },
        "assessed_date": "2026-02-13"
      },
      "geometry": {
        "type": "Point",
        "coordinates": [
          77.1212486,
          28.5625157
        ]
      },
      "id": "way/243170321"
    },
    {
      "type": "Feature",
      "properties": {
        "@id": "way/252334731",
        "amenity": "parking",
        "@geometry": "center",
        "flood_count_5yr": 0.0,
        "elevation_m": 222.0,
        "risk_category": "low",
        "risk_color": "#00FF00",
        "risk_label": "LOW",
        "data_source": "polygon",
        "assessment_criteria": {
          "flood_threshold_low": 2,
          "flood_threshold_moderate": 4,
          "elevation_threshold_high": 210,
          "elevation_threshold_low": 205
        },
        "assessed_date": "2026-02-13"
      },
      "geometry": {
        "type": "Point",
        "coordinates": [
          77.2784429,
          28.5602504
        ]
      },
      "id": "way/252334731"
    },
    {
      "type": "Feature",
      "properties": {
        "@id": "way/262040630",
        "amenity": "parking",
        "fee": "no",
        "parking": "surface",
        "surface": "concrete",
        "@geometry": "center",
        "flood_count_5yr": 0.0,
        "elevation_m": 212.0,
        "risk_category": "low",
        "risk_color": "#00FF00",
        "risk_label": "LOW",
        "data_source": "polygon",
        "assessment_criteria": {
          "flood_threshold_low": 2,
          "flood_threshold_moderate": 4,
          "elevation_threshold_high": 210,
          "elevation_threshold_low": 205
        },
        "assessed_date": "2026-02-13"
      },
      "geometry": {
        "type": "Point",
        "coordinates": [
          77.0203789,
          28.5963427
        ]
      },
      "id": "way/262040630"
    },
    {
      "type": "Feature",
      "properties": {
        "@id": "way/263313406",
        "amenity": "parking",
        "@geometry": "center",
        "flood_count_5yr": 0.0,
        "elevation_m": 212.0,
        "risk_category": "low",
        "risk_color": "#00FF00",
        "risk_label": "LOW",
        "data_source": "polygon",
        "assessment_criteria": {
          "flood_threshold_low": 2,
          "flood_threshold_moderate": 4,
          "elevation_threshold_high": 210,
          "elevation_threshold_low": 205
        },
        "assessed_date": "2026-02-13"
      },
      "geometry": {
        "type": "Point",
        "coordinates": [
          76.9343897,
          28.5715052
        ]
      },
      "id": "way/263313406"
    },
    {
      "type": "Feature",
      "properties": {
        "@id": "way/263313407",
        "amenity": "parking",
        "@geometry": "center",
        "flood_count_5yr": 0.0,
        "elevation_m": 212.0,
        "risk_category": "low",
        "risk_color": "#00FF00",
        "risk_label": "LOW",
        "data_source": "polygon",
        "assessment_criteria": {
          "flood_threshold_low": 2,
          "flood_threshold_moderate": 4,
          "elevation_threshold_high": 210,
          "elevation_threshold_low": 205
        },
        "assessed_date": "2026-02-13"
      },
      "geometry": {
        "type": "Point",
        "coordinates": [
          76.9344501,
          28.5725852
        ]
      },
      "id": "way/263313407"
    },
    {
      "type": "Feature",
      "properties": {
        "@id": "way/264904088",
        "access": "private",
        "amenity": "parking",
        "fee": "yes",
        "@geometry": "center",
        "flood_count_5yr": 0.0,
        "elevation_m": 219.0,
        "risk_category": "low",
        "risk_color": "#00FF00",
        "risk_label": "LOW",
        "data_source": "polygon",
        "assessment_criteria": {
          "flood_threshold_low": 2,
          "flood_threshold_moderate": 4,
          "elevation_threshold_high": 210,
          "elevation_threshold_low": 205
        },
        "assessed_date": "2026-02-13"
      },
      "geometry": {
        "type": "Point",
        "coordinates": [
          77.2403447,
          28.6509516
        ]
      },
      "id": "way/264904088"
    },
    {
      "type": "Feature",
      "properties": {
        "@id": "way/275400420",
        "access": "yes",
        "amenity": "parking",
        "capacity": "20",
        "parking": "surface",
        "supervised": "yes",
        "@geometry": "center",
        "flood_count_5yr": 0.0,
        "elevation_m": 217.0,
        "risk_category": "low",
        "risk_color": "#00FF00",
        "risk_label": "LOW",
        "data_source": "polygon",
        "assessment_criteria": {
          "flood_threshold_low": 2,
          "flood_threshold_moderate": 4,
          "elevation_threshold_high": 210,
          "elevation_threshold_low": 205
        },
        "assessed_date": "2026-02-13"
      },
      "geometry": {
        "type": "Point",
        "coordinates": [
          77.2229842,
          28.5968745
        ]
      },
      "id": "way/275400420"
    },
    {
      "type": "Feature",
      "properties": {
        "@id": "way/275402759",
        "access": "yes",
        "amenity": "parking",
        "capacity": "20",
        "fee": "no",
        "parking": "surface",
        "supervised": "no",
        "@geometry": "center",
        "flood_count_5yr": 0.0,
        "elevation_m": 217.0,
        "risk_category": "low",
        "risk_color": "#00FF00",
        "risk_label": "LOW",
        "data_source": "polygon",
        "assessment_criteria": {
          "flood_threshold_low": 2,
          "flood_threshold_moderate": 4,
          "elevation_threshold_high": 210,
          "elevation_threshold_low": 205
        },
        "assessed_date": "2026-02-13"
      },
      "geometry": {
        "type": "Point",
        "coordinates": [
          77.2165386,
          28.5922832
        ]
      },
      "id": "way/275402759"
    },
    {
      "type": "Feature",
      "properties": {
        "@id": "way/290136039",
        "amenity": "parking",
        "@geometry": "center",
        "flood_count_5yr": 0.0,
        "elevation_m": 220.0,
        "risk_category": "low",
        "risk_color": "#00FF00",
        "risk_label": "LOW",
        "data_source": "polygon",
        "assessment_criteria": {
          "flood_threshold_low": 2,
          "flood_threshold_moderate": 4,
          "elevation_threshold_high": 210,
          "elevation_threshold_low": 205
        },
        "assessed_date": "2026-02-13"
      },
      "geometry": {
        "type": "Point",
        "coordinates": [
          77.2252293,
          28.7073488
        ]
      },
      "id": "way/290136039"
    },
    {
      "type": "Feature",
      "properties": {
        "@id": "way/290150878",
        "amenity": "parking",
        "@geometry": "center",
        "flood_count_5yr": 0.0,
        "elevation_m": 212.0,
        "risk_category": "low",
        "risk_color": "#00FF00",
        "risk_label": "LOW",
        "data_source": "polygon",
        "assessment_criteria": {
          "flood_threshold_low": 2,
          "flood_threshold_moderate": 4,
          "elevation_threshold_high": 210,
          "elevation_threshold_low": 205
        },
        "assessed_date": "2026-02-13"
      },
      "geometry": {
        "type": "Point",
        "coordinates": [
          77.228493,
          28.7109889
        ]
      },
      "id": "way/290150878"
    },
    {
      "type": "Feature",
      "properties": {
        "@id": "way/290682487",
        "amenity": "parking",
        "@geometry": "center",
        "flood_count_5yr": 0.0,
        "elevation_m": 215.0,
        "risk_category": "low",
        "risk_color": "#00FF00",
        "risk_label": "LOW",
        "data_source": "polygon",
        "assessment_criteria": {
          "flood_threshold_low": 2,
          "flood_threshold_moderate": 4,
          "elevation_threshold_high": 210,
          "elevation_threshold_low": 205
        },
        "assessed_date": "2026-02-13"
      },
      "geometry": {
        "type": "Point",
        "coordinates": [
          77.1015946,
          28.5972828
        ]
      },
      "id": "way/290682487"
    },
    {
      "type": "Feature",
      "properties": {
        "@id": "way/291621841",
        "amenity": "parking",
        "barrier": "wall",
        "@geometry": "center",
        "flood_count_5yr": 0.0,
        "elevation_m": 216.0,
        "risk_category": "low",
        "risk_color": "#00FF00",
        "risk_label": "LOW",
        "data_source": "polygon",
        "assessment_criteria": {
          "flood_threshold_low": 2,
          "flood_threshold_moderate": 4,
          "elevation_threshold_high": 210,
          "elevation_threshold_low": 205
        },
        "assessed_date": "2026-02-13"
      },
      "geometry": {
        "type": "Point",
        "coordinates": [
          77.0659916,
          28.6260342
        ]
      },
      "id": "way/291621841"
    },
    {
      "type": "Feature",
      "properties": {
        "@id": "way/292194595",
        "amenity": "parking",
        "barrier": "wall",
        "@geometry": "center",
        "flood_count_5yr": 0.0,
        "elevation_m": 214.0,
        "risk_category": "low",
        "risk_color": "#00FF00",
        "risk_label": "LOW",
        "data_source": "polygon",
        "assessment_criteria": {
          "flood_threshold_low": 2,
          "flood_threshold_moderate": 4,
          "elevation_threshold_high": 210,
          "elevation_threshold_low": 205
        },
        "assessed_date": "2026-02-13"
      },
      "geometry": {
        "type": "Point",
        "coordinates": [
          77.2372498,
          28.610214
        ]
      },
      "id": "way/292194595"
    },
    {
      "type": "Feature",
      "properties": {
        "@id": "way/300246332",
        "addr:city": "Sector - 11, Rohini, Delhi",
        "addr:postcode": "110085",
        "amenity": "parking",
        "capacity": "40",
        "fee": "no",
        "name": "Balaji Temple Parking",
        "name:en": "Balaji Mandir Parking",
        "parking": "surface",
        "supervised": "no",
        "@geometry": "center",
        "flood_count_5yr": 0.0,
        "elevation_m": 220.0,
        "risk_category": "low",
        "risk_color": "#00FF00",
        "risk_label": "LOW",
        "data_source": "polygon",
        "assessment_criteria": {
          "flood_threshold_low": 2,
          "flood_threshold_moderate": 4,
          "elevation_threshold_high": 210,
          "elevation_threshold_low": 205
        },
        "assessed_date": "2026-02-13"
      },
      "geometry": {
        "type": "Point",
        "coordinates": [
          77.1080949,
          28.7313027
        ]
      },
      "id": "way/300246332"
    },
    {
      "type": "Feature",
      "properties": {
        "@id": "way/300256963",
        "access": "private",
        "addr:city": "Sector - 11, Rohini, Delhi",
        "addr:postcode": "110085",
        "amenity": "parking",
        "capacity": "10",
        "fee": "no",
        "name": "Pratibha School Car Parking",
        "parking": "sheds",
        "supervised": "no",
        "@geometry": "center",
        "flood_count_5yr": 0.0,
        "elevation_m": 218.0,
        "risk_category": "low",
        "risk_color": "#00FF00",
        "risk_label": "LOW",
        "data_source": "polygon",
        "assessment_criteria": {
          "flood_threshold_low": 2,
          "flood_threshold_moderate": 4,
          "elevation_threshold_high": 210,
          "elevation_threshold_low": 205
        },
        "assessed_date": "2026-02-13"
      },
      "geometry": {
        "type": "Point",
        "coordinates": [
          77.1124019,
          28.7321568
        ]
      },
      "id": "way/300256963"
    },
    {
      "type": "Feature",
      "properties": {
        "@id": "node/301037300",
        "amenity": "parking",
        "flood_count_5yr": 0.0,
        "elevation_m": 233.0,
        "risk_category": "low",
        "risk_color": "#00FF00",
        "risk_label": "LOW",
        "data_source": "polygon",
        "assessment_criteria": {
          "flood_threshold_low": 2,
          "flood_threshold_moderate": 4,
          "elevation_threshold_high": 210,
          "elevation_threshold_low": 205
        },
        "assessed_date": "2026-02-13"
      },
      "geometry": {
        "type": "Point",
        "coordinates": [
          77.1849927,
          28.5499028
        ]
      },
      "id": "node/301037300"
    },
    {
      "type": "Feature",
      "properties": {
        "@id": "node/301037303",
        "amenity": "parking",
        "flood_count_5yr": 0.0,
        "elevation_m": 227.0,
        "risk_category": "low",
        "risk_color": "#00FF00",
        "risk_label": "LOW",
        "data_source": "polygon",
        "assessment_criteria": {
          "flood_threshold_low": 2,
          "flood_threshold_moderate": 4,
          "elevation_threshold_high": 210,
          "elevation_threshold_low": 205
        },
        "assessed_date": "2026-02-13"
      },
      "geometry": {
        "type": "Point",
        "coordinates": [
          77.192982,
          28.544274
        ]
      },
      "id": "node/301037303"
    },
    {
      "type": "Feature",
      "properties": {
        "@id": "way/306103186",
        "amenity": "parking",
        "@geometry": "center",
        "flood_count_5yr": 0.0,
        "elevation_m": 228.0,
        "risk_category": "low",
        "risk_color": "#00FF00",
        "risk_label": "LOW",
        "data_source": "polygon",
        "assessment_criteria": {
          "flood_threshold_low": 2,
          "flood_threshold_moderate": 4,
          "elevation_threshold_high": 210,
          "elevation_threshold_low": 205
        },
        "assessed_date": "2026-02-13"
      },
      "geometry": {
        "type": "Point",
        "coordinates": [
          77.2085163,
          28.538469
        ]
      },
      "id": "way/306103186"
    },
    {
      "type": "Feature",
      "properties": {
        "@id": "way/306119654",
        "amenity": "parking",
        "@geometry": "center",
        "flood_count_5yr": 0.0,
        "elevation_m": 228.0,
        "risk_category": "low",
        "risk_color": "#00FF00",
        "risk_label": "LOW",
        "data_source": "polygon",
        "assessment_criteria": {
          "flood_threshold_low": 2,
          "flood_threshold_moderate": 4,
          "elevation_threshold_high": 210,
          "elevation_threshold_low": 205
        },
        "assessed_date": "2026-02-13"
      },
      "geometry": {
        "type": "Point",
        "coordinates": [
          77.2084622,
          28.5371154
        ]
      },
      "id": "way/306119654"
    },
    {
      "type": "Feature",
      "properties": {
        "@id": "way/320348671",
        "amenity": "parking",
        "parking": "surface",
        "@geometry": "center",
        "flood_count_5yr": 0.0,
        "elevation_m": 215.0,
        "risk_category": "low",
        "risk_color": "#00FF00",
        "risk_label": "LOW",
        "data_source": "polygon",
        "assessment_criteria": {
          "flood_threshold_low": 2,
          "flood_threshold_moderate": 4,
          "elevation_threshold_high": 210,
          "elevation_threshold_low": 205
        },
        "assessed_date": "2026-02-13"
      },
      "geometry": {
        "type": "Point",
        "coordinates": [
          77.2266267,
          28.6595046
        ]
      },
      "id": "way/320348671"
    },
    {
      "type": "Feature",
      "properties": {
        "@id": "way/320348673",
        "amenity": "parking",
        "barrier": "wall",
        "parking": "surface",
        "@geometry": "center",
        "flood_count_5yr": 0.0,
        "elevation_m": 218.0,
        "risk_category": "low",
        "risk_color": "#00FF00",
        "risk_label": "LOW",
        "data_source": "polygon",
        "assessment_criteria": {
          "flood_threshold_low": 2,
          "flood_threshold_moderate": 4,
          "elevation_threshold_high": 210,
          "elevation_threshold_low": 205
        },
        "assessed_date": "2026-02-13"
      },
      "geometry": {
        "type": "Point",
        "coordinates": [
          77.224282,
          28.6590237
        ]
      },
      "id": "way/320348673"
    },
    {
      "type": "Feature",
      "properties": {
        "@id": "way/320348675",
        "amenity": "parking",
        "@geometry": "center",
        "flood_count_5yr": 0.0,
        "elevation_m": 215.0,
        "risk_category": "low",
        "risk_color": "#00FF00",
        "risk_label": "LOW",
        "data_source": "polygon",
        "assessment_criteria": {
          "flood_threshold_low": 2,
          "flood_threshold_moderate": 4,
          "elevation_threshold_high": 210,
          "elevation_threshold_low": 205
        },
        "assessed_date": "2026-02-13"
      },
      "geometry": {
        "type": "Point",
        "coordinates": [
          77.2237447,
          28.661121
        ]
      },
      "id": "way/320348675"
    },
    {
      "type": "Feature",
      "properties": {
        "@id": "way/330783890",
        "amenity": "parking",
        "name": "Lotus Temple Parking",
        "@geometry": "center",
        "flood_count_5yr": 0.0,
        "elevation_m": 241.0,
        "risk_category": "low",
        "risk_color": "#00FF00",
        "risk_label": "LOW",
        "data_source": "polygon",
        "assessment_criteria": {
          "flood_threshold_low": 2,
          "flood_threshold_moderate": 4,
          "elevation_threshold_high": 210,
          "elevation_threshold_low": 205
        },
        "assessed_date": "2026-02-13"
      },
      "geometry": {
        "type": "Point",
        "coordinates": [
          77.2606884,
          28.5521119
        ]
      },
      "id": "way/330783890"
    },
    {
      "type": "Feature",
      "properties": {
        "@id": "way/340392557",
        "amenity": "parking",
        "@geometry": "center",
        "flood_count_5yr": 0.0,
        "elevation_m": 254.0,
        "risk_category": "low",
        "risk_color": "#00FF00",
        "risk_label": "LOW",
        "data_source": "polygon",
        "assessment_criteria": {
          "flood_threshold_low": 2,
          "flood_threshold_moderate": 4,
          "elevation_threshold_high": 210,
          "elevation_threshold_low": 205
        },
        "assessed_date": "2026-02-13"
      },
      "geometry": {
        "type": "Point",
        "coordinates": [
          77.1677956,
          28.5490485
        ]
      },
      "id": "way/340392557"
    },
    {
      "type": "Feature",
      "properties": {
        "@id": "way/340392664",
        "amenity": "parking",
        "@geometry": "center",
        "flood_count_5yr": 0.0,
        "elevation_m": 255.0,
        "risk_category": "low",
        "risk_color": "#00FF00",
        "risk_label": "LOW",
        "data_source": "polygon",
        "assessment_criteria": {
          "flood_threshold_low": 2,
          "flood_threshold_moderate": 4,
          "elevation_threshold_high": 210,
          "elevation_threshold_low": 205
        },
        "assessed_date": "2026-02-13"
      },
      "geometry": {
        "type": "Point",
        "coordinates": [
          77.1677038,
          28.5492199
        ]
      },
      "id": "way/340392664"
    },
    {
      "type": "Feature",
      "properties": {
        "@id": "way/340397139",
        "amenity": "parking",
        "@geometry": "center",
        "flood_count_5yr": 0.0,
        "elevation_m": 257.0,
        "risk_category": "low",
        "risk_color": "#00FF00",
        "risk_label": "LOW",
        "data_source": "polygon",
        "assessment_criteria": {
          "flood_threshold_low": 2,
          "flood_threshold_moderate": 4,
          "elevation_threshold_high": 210,
          "elevation_threshold_low": 205
        },
        "assessed_date": "2026-02-13"
      },
      "geometry": {
        "type": "Point",
        "coordinates": [
          77.1673215,
          28.5483617
        ]
      },
      "id": "way/340397139"
    },
    {
      "type": "Feature",
      "properties": {
        "@id": "way/340397304",
        "amenity": "parking",
        "@geometry": "center",
        "flood_count_5yr": 0.0,
        "elevation_m": 256.0,
        "risk_category": "low",
        "risk_color": "#00FF00",
        "risk_label": "LOW",
        "data_source": "polygon",
        "assessment_criteria": {
          "flood_threshold_low": 2,
          "flood_threshold_moderate": 4,
          "elevation_threshold_high": 210,
          "elevation_threshold_low": 205
        },
        "assessed_date": "2026-02-13"
      },
      "geometry": {
        "type": "Point",
        "coordinates": [
          77.1670841,
          28.5480873
        ]
      },
      "id": "way/340397304"
    },
    {
      "type": "Feature",
      "properties": {
        "@id": "way/359757116",
        "addr:city": "New Delhi",
        "amenity": "parking",
        "@geometry": "center",
        "flood_count_5yr": 0.0,
        "elevation_m": 211.0,
        "risk_category": "low",
        "risk_color": "#00FF00",
        "risk_label": "LOW",
        "data_source": "polygon",
        "assessment_criteria": {
          "flood_threshold_low": 2,
          "flood_threshold_moderate": 4,
          "elevation_threshold_high": 210,
          "elevation_threshold_low": 205
        },
        "assessed_date": "2026-02-13"
      },
      "geometry": {
        "type": "Point",
        "coordinates": [
          77.210392,
          28.6149174
        ]
      },
      "id": "way/359757116"
    },
    {
      "type": "Feature",
      "properties": {
        "@id": "way/359757117",
        "addr:city": "New Delhi",
        "amenity": "parking",
        "@geometry": "center",
        "flood_count_5yr": 0.0,
        "elevation_m": 213.0,
        "risk_category": "low",
        "risk_color": "#00FF00",
        "risk_label": "LOW",
        "data_source": "polygon",
        "assessment_criteria": {
          "flood_threshold_low": 2,
          "flood_threshold_moderate": 4,
          "elevation_threshold_high": 210,
          "elevation_threshold_low": 205
        },
        "assessed_date": "2026-02-13"
      },
      "geometry": {
        "type": "Point",
        "coordinates": [
          77.2102812,
          28.6127751
        ]
      },
      "id": "way/359757117"
    },
    {
      "type": "Feature",
      "properties": {
        "@id": "way/359757118",
        "addr:city": "New Delhi",
        "amenity": "parking",
        "@geometry": "center",
        "flood_count_5yr": 0.0,
        "elevation_m": 215.0,
        "risk_category": "low",
        "risk_color": "#00FF00",
        "risk_label": "LOW",
        "data_source": "polygon",
        "assessment_criteria": {
          "flood_threshold_low": 2,
          "flood_threshold_moderate": 4,
          "elevation_threshold_high": 210,
          "elevation_threshold_low": 205
        },
        "assessed_date": "2026-02-13"
      },
      "geometry": {
        "type": "Point",
        "coordinates": [
          77.2103115,
          28.6132535
        ]
      },
      "id": "way/359757118"
    },
    {
      "type": "Feature",
      "properties": {
        "@id": "way/359757119",
        "addr:city": "New Delhi",
        "amenity": "parking",
        "@geometry": "center",
        "flood_count_5yr": 0.0,
        "elevation_m": 212.0,
        "risk_category": "low",
        "risk_color": "#00FF00",
        "risk_label": "LOW",
        "data_source": "polygon",
        "assessment_criteria": {
          "flood_threshold_low": 2,
          "flood_threshold_moderate": 4,
          "elevation_threshold_high": 210,
          "elevation_threshold_low": 205
        },
        "assessed_date": "2026-02-13"
      },
      "geometry": {
        "type": "Point",
        "coordinates": [
          77.2103881,
          28.6144323
        ]
      },
      "id": "way/359757119"
    },
    {
      "type": "Feature",
      "properties": {
        "@id": "way/359757121",
        "addr:city": "New Delhi",
        "amenity": "parking",
        "@geometry": "center",
        "flood_count_5yr": 0.0,
        "elevation_m": 215.0,
        "risk_category": "low",
        "risk_color": "#00FF00",
        "risk_label": "LOW",
        "data_source": "polygon",
        "assessment_criteria": {
          "flood_threshold_low": 2,
          "flood_threshold_moderate": 4,
          "elevation_threshold_high": 210,
          "elevation_threshold_low": 205
        },
        "assessed_date": "2026-02-13"
      },
      "geometry": {
        "type": "Point",
        "coordinates": [
          77.2113801,
          28.6150725
        ]
      },
      "id": "way/359757121"
    },
    {
      "type": "Feature",
      "properties": {
        "@id": "way/359770125",
        "amenity": "parking",
        "@geometry": "center",
        "flood_count_5yr": 0.0,
        "elevation_m": 227.0,
        "risk_category": "low",
        "risk_color": "#00FF00",
        "risk_label": "LOW",
        "data_source": "polygon",
        "assessment_criteria": {
          "flood_threshold_low": 2,
          "flood_threshold_moderate": 4,
          "elevation_threshold_high": 210,
          "elevation_threshold_low": 205
        },
        "assessed_date": "2026-02-13"
      },
      "geometry": {
        "type": "Point",
        "coordinates": [
          77.2007192,
          28.6135692
        ]
      },
      "id": "way/359770125"
    },
    {
      "type": "Feature",
      "properties": {
        "@id": "way/359802017",
        "amenity": "parking",
        "@geometry": "center",
        "flood_count_5yr": 0.0,
        "elevation_m": 229.0,
        "risk_category": "low",
        "risk_color": "#00FF00",
        "risk_label": "LOW",
        "data_source": "polygon",
        "assessment_criteria": {
          "flood_threshold_low": 2,
          "flood_threshold_moderate": 4,
          "elevation_threshold_high": 210,
          "elevation_threshold_low": 205
        },
        "assessed_date": "2026-02-13"
      },
      "geometry": {
        "type": "Point",
        "coordinates": [
          77.2007651,
          28.6150211
        ]
      },
      "id": "way/359802017"
    },
    {
      "type": "Feature",
      "properties": {
        "@id": "way/359803393",
        "amenity": "parking",
        "@geometry": "center",
        "flood_count_5yr": 0.0,
        "elevation_m": 232.0,
        "risk_category": "low",
        "risk_color": "#00FF00",
        "risk_label": "LOW",
        "data_source": "polygon",
        "assessment_criteria": {
          "flood_threshold_low": 2,
          "flood_threshold_moderate": 4,
          "elevation_threshold_high": 210,
          "elevation_threshold_low": 205
        },
        "assessed_date": "2026-02-13"
      },
      "geometry": {
        "type": "Point",
        "coordinates": [
          77.2042622,
          28.6134579
        ]
      },
      "id": "way/359803393"
    },
    {
      "type": "Feature",
      "properties": {
        "@id": "way/359803394",
        "addr:city": "New Delhi",
        "amenity": "parking",
        "@geometry": "center",
        "flood_count_5yr": 0.0,
        "elevation_m": 227.0,
        "risk_category": "low",
        "risk_color": "#00FF00",
        "risk_label": "LOW",
        "data_source": "polygon",
        "assessment_criteria": {
          "flood_threshold_low": 2,
          "flood_threshold_moderate": 4,
          "elevation_threshold_high": 210,
          "elevation_threshold_low": 205
        },
        "assessed_date": "2026-02-13"
      },
      "geometry": {
        "type": "Point",
        "coordinates": [
          77.2044123,
          28.6147796
        ]
      },
      "id": "way/359803394"
    },
    {
      "type": "Feature",
      "properties": {
        "@id": "way/360264486",
        "amenity": "parking",
        "@geometry": "center",
        "flood_count_5yr": 0.0,
        "elevation_m": 216.0,
        "risk_category": "low",
        "risk_color": "#00FF00",
        "risk_label": "LOW",
        "data_source": "polygon",
        "assessment_criteria": {
          "flood_threshold_low": 2,
          "flood_threshold_moderate": 4,
          "elevation_threshold_high": 210,
          "elevation_threshold_low": 205
        },
        "assessed_date": "2026-02-13"
      },
      "geometry": {
        "type": "Point",
        "coordinates": [
          77.2295565,
          28.6684991
        ]
      },
      "id": "way/360264486"
    },
    {
      "type": "Feature",
      "properties": {
        "@id": "way/361721725",
        "amenity": "parking",
        "@geometry": "center",
        "flood_count_5yr": 0.0,
        "elevation_m": 229.0,
        "risk_category": "low",
        "risk_color": "#00FF00",
        "risk_label": "LOW",
        "data_source": "polygon",
        "assessment_criteria": {
          "flood_threshold_low": 2,
          "flood_threshold_moderate": 4,
          "elevation_threshold_high": 210,
          "elevation_threshold_low": 205
        },
        "assessed_date": "2026-02-13"
      },
      "geometry": {
        "type": "Point",
        "coordinates": [
          77.1862429,
          28.6622349
        ]
      },
      "id": "way/361721725"
    },
    {
      "type": "Feature",
      "properties": {
        "@id": "way/370280691",
        "amenity": "parking",
        "@geometry": "center",
        "flood_count_5yr": 0.0,
        "elevation_m": 242.0,
        "risk_category": "low",
        "risk_color": "#00FF00",
        "risk_label": "LOW",
        "data_source": "polygon",
        "assessment_criteria": {
          "flood_threshold_low": 2,
          "flood_threshold_moderate": 4,
          "elevation_threshold_high": 210,
          "elevation_threshold_low": 205
        },
        "assessed_date": "2026-02-13"
      },
      "geometry": {
        "type": "Point",
        "coordinates": [
          77.1480631,
          28.5875836
        ]
      },
      "id": "way/370280691"
    },
    {
      "type": "Feature",
      "properties": {
        "@id": "way/370716729",
        "addr:city": "New Delhi",
        "amenity": "parking",
        "@geometry": "center",
        "flood_count_5yr": 0.0,
        "elevation_m": 216.0,
        "risk_category": "low",
        "risk_color": "#00FF00",
        "risk_label": "LOW",
        "data_source": "polygon",
        "assessment_criteria": {
          "flood_threshold_low": 2,
          "flood_threshold_moderate": 4,
          "elevation_threshold_high": 210,
          "elevation_threshold_low": 205
        },
        "assessed_date": "2026-02-13"
      },
      "geometry": {
        "type": "Point",
        "coordinates": [
          77.2072986,
          28.6120218
        ]
      },
      "id": "way/370716729"
    },
    {
      "type": "Feature",
      "properties": {
        "@id": "way/370716733",
        "addr:city": "New Delhi",
        "amenity": "parking",
        "@geometry": "center",
        "flood_count_5yr": 0.0,
        "elevation_m": 218.0,
        "risk_category": "low",
        "risk_color": "#00FF00",
        "risk_label": "LOW",
        "data_source": "polygon",
        "assessment_criteria": {
          "flood_threshold_low": 2,
          "flood_threshold_moderate": 4,
          "elevation_threshold_high": 210,
          "elevation_threshold_low": 205
        },
        "assessed_date": "2026-02-13"
      },
      "geometry": {
        "type": "Point",
        "coordinates": [
          77.2067445,
          28.6116815
        ]
      },
      "id": "way/370716733"
    },
    {
      "type": "Feature",
      "properties": {
        "@id": "way/387905289",
        "amenity": "parking",
        "@geometry": "center",
        "flood_count_5yr": 0.0,
        "elevation_m": 224.0,
        "risk_category": "low",
        "risk_color": "#00FF00",
        "risk_label": "LOW",
        "data_source": "polygon",
        "assessment_criteria": {
          "flood_threshold_low": 2,
          "flood_threshold_moderate": 4,
          "elevation_threshold_high": 210,
          "elevation_threshold_low": 205
        },
        "assessed_date": "2026-02-13"
      },
      "geometry": {
        "type": "Point",
        "coordinates": [
          77.2163989,
          28.6551096
        ]
      },
      "id": "way/387905289"
    },
    {
      "type": "Feature",
      "properties": {
        "@id": "way/402853145",
        "access": "yes",
        "amenity": "parking",
        "parking": "surface",
        "smoothness": "excellent",
        "surface": "paved",
        "@geometry": "center",
        "flood_count_5yr": 0.0,
        "elevation_m": 215.0,
        "risk_category": "low",
        "risk_color": "#00FF00",
        "risk_label": "LOW",
        "data_source": "polygon",
        "assessment_criteria": {
          "flood_threshold_low": 2,
          "flood_threshold_moderate": 4,
          "elevation_threshold_high": 210,
          "elevation_threshold_low": 205
        },
        "assessed_date": "2026-02-13"
      },
      "geometry": {
        "type": "Point",
        "coordinates": [
          77.2129547,
          28.6950222
        ]
      },
      "id": "way/402853145"
    },
    {
      "type": "Feature",
      "properties": {
        "@id": "way/402853151",
        "access": "private",
        "amenity": "parking",
        "parking": "surface",
        "@geometry": "center",
        "flood_count_5yr": 0.0,
        "elevation_m": 211.0,
        "risk_category": "low",
        "risk_color": "#00FF00",
        "risk_label": "LOW",
        "data_source": "polygon",
        "assessment_criteria": {
          "flood_threshold_low": 2,
          "flood_threshold_moderate": 4,
          "elevation_threshold_high": 210,
          "elevation_threshold_low": 205
        },
        "assessed_date": "2026-02-13"
      },
      "geometry": {
        "type": "Point",
        "coordinates": [
          77.2072626,
          28.6907053
        ]
      },
      "id": "way/402853151"
    },
    {
      "type": "Feature",
      "properties": {
        "@id": "way/402853152",
        "access": "private",
        "amenity": "parking",
        "parking": "surface",
        "@geometry": "center",
        "flood_count_5yr": 0.0,
        "elevation_m": 216.0,
        "risk_category": "low",
        "risk_color": "#00FF00",
        "risk_label": "LOW",
        "data_source": "polygon",
        "assessment_criteria": {
          "flood_threshold_low": 2,
          "flood_threshold_moderate": 4,
          "elevation_threshold_high": 210,
          "elevation_threshold_low": 205
        },
        "assessed_date": "2026-02-13"
      },
      "geometry": {
        "type": "Point",
        "coordinates": [
          77.2063243,
          28.6887997
        ]
      },
      "id": "way/402853152"
    },
    {
      "type": "Feature",
      "properties": {
        "@id": "way/402859106",
        "amenity": "parking",
        "name": "School Parking Lot",
        "@geometry": "center",
        "flood_count_5yr": 0.0,
        "elevation_m": 221.0,
        "risk_category": "low",
        "risk_color": "#00FF00",
        "risk_label": "LOW",
        "data_source": "polygon",
        "assessment_criteria": {
          "flood_threshold_low": 2,
          "flood_threshold_moderate": 4,
          "elevation_threshold_high": 210,
          "elevation_threshold_low": 205
        },
        "assessed_date": "2026-02-13"
      },
      "geometry": {
        "type": "Point",
        "coordinates": [
          77.1945682,
          28.5819861
        ]
      },
      "id": "way/402859106"
    },
    {
      "type": "Feature",
      "properties": {
        "@id": "way/402859119",
        "amenity": "parking",
        "@geometry": "center",
        "flood_count_5yr": 0.0,
        "elevation_m": 239.0,
        "risk_category": "low",
        "risk_color": "#00FF00",
        "risk_label": "LOW",
        "data_source": "polygon",
        "assessment_criteria": {
          "flood_threshold_low": 2,
          "flood_threshold_moderate": 4,
          "elevation_threshold_high": 210,
          "elevation_threshold_low": 205
        },
        "assessed_date": "2026-02-13"
      },
      "geometry": {
        "type": "Point",
        "coordinates": [
          77.191187,
          28.5854175
        ]
      },
      "id": "way/402859119"
    },
    {
      "type": "Feature",
      "properties": {
        "@id": "way/408832989",
        "access": "private",
        "amenity": "parking",
        "parking": "surface",
        "@geometry": "center",
        "flood_count_5yr": 0.0,
        "elevation_m": 224.0,
        "risk_category": "low",
        "risk_color": "#00FF00",
        "risk_label": "LOW",
        "data_source": "polygon",
        "assessment_criteria": {
          "flood_threshold_low": 2,
          "flood_threshold_moderate": 4,
          "elevation_threshold_high": 210,
          "elevation_threshold_low": 205
        },
        "assessed_date": "2026-02-13"
      },
      "geometry": {
        "type": "Point",
        "coordinates": [
          77.0649593,
          28.5870469
        ]
      },
      "id": "way/408832989"
    },
    {
      "type": "Feature",
      "properties": {
        "@id": "way/408832990",
        "access": "private",
        "amenity": "parking",
        "parking": "surface",
        "@geometry": "center",
        "flood_count_5yr": 0.0,
        "elevation_m": 217.0,
        "risk_category": "low",
        "risk_color": "#00FF00",
        "risk_label": "LOW",
        "data_source": "polygon",
        "assessment_criteria": {
          "flood_threshold_low": 2,
          "flood_threshold_moderate": 4,
          "elevation_threshold_high": 210,
          "elevation_threshold_low": 205
        },
        "assessed_date": "2026-02-13"
      },
      "geometry": {
        "type": "Point",
        "coordinates": [
          77.0642684,
          28.5879286
        ]
      },
      "id": "way/408832990"
    },
    {
      "type": "Feature",
      "properties": {
        "@id": "way/430403027",
        "amenity": "parking",
        "parking": "surface",
        "@geometry": "center",
        "flood_count_5yr": 0.0,
        "elevation_m": 229.0,
        "risk_category": "low",
        "risk_color": "#00FF00",
        "risk_label": "LOW",
        "data_source": "polygon",
        "assessment_criteria": {
          "flood_threshold_low": 2,
          "flood_threshold_moderate": 4,
          "elevation_threshold_high": 210,
          "elevation_threshold_low": 205
        },
        "assessed_date": "2026-02-13"
      },
      "geometry": {
        "type": "Point",
        "coordinates": [
          77.1854401,
          28.5653518
        ]
      },
      "id": "way/430403027"
    },
    {
      "type": "Feature",
      "properties": {
        "@id": "way/438994149",
        "amenity": "parking",
        "@geometry": "center",
        "flood_count_5yr": 0.0,
        "elevation_m": 231.0,
        "risk_category": "low",
        "risk_color": "#00FF00",
        "risk_label": "LOW",
        "data_source": "polygon",
        "assessment_criteria": {
          "flood_threshold_low": 2,
          "flood_threshold_moderate": 4,
          "elevation_threshold_high": 210,
          "elevation_threshold_low": 205
        },
        "assessed_date": "2026-02-13"
      },
      "geometry": {
        "type": "Point",
        "coordinates": [
          77.2136287,
          28.5358586
        ]
      },
      "id": "way/438994149"
    },
    {
      "type": "Feature",
      "properties": {
        "@id": "node/449450807",
        "amenity": "parking",
        "flood_count_5yr": 0.0,
        "elevation_m": 270.0,
        "risk_category": "low",
        "risk_color": "#00FF00",
        "risk_label": "LOW",
        "data_source": "polygon",
        "assessment_criteria": {
          "flood_threshold_low": 2,
          "flood_threshold_moderate": 4,
          "elevation_threshold_high": 210,
          "elevation_threshold_low": 205
        },
        "assessed_date": "2026-02-13"
      },
      "geometry": {
        "type": "Point",
        "coordinates": [
          77.1674675,
          28.5100391
        ]
      },
      "id": "node/449450807"
    },
    {
      "type": "Feature",
      "properties": {
        "@id": "node/449450839",
        "amenity": "parking",
        "flood_count_5yr": 0.0,
        "elevation_m": 263.0,
        "risk_category": "low",
        "risk_color": "#00FF00",
        "risk_label": "LOW",
        "data_source": "polygon",
        "assessment_criteria": {
          "flood_threshold_low": 2,
          "flood_threshold_moderate": 4,
          "elevation_threshold_high": 210,
          "elevation_threshold_low": 205
        },
        "assessed_date": "2026-02-13"
      },
      "geometry": {
        "type": "Point",
        "coordinates": [
          77.166489,
          28.5079122
        ]
      },
      "id": "node/449450839"
    },
    {
      "type": "Feature",
      "properties": {
        "@id": "node/449455817",
        "amenity": "parking",
        "flood_count_5yr": 0.0,
        "elevation_m": 259.0,
        "risk_category": "low",
        "risk_color": "#00FF00",
        "risk_label": "LOW",
        "data_source": "polygon",
        "assessment_criteria": {
          "flood_threshold_low": 2,
          "flood_threshold_moderate": 4,
          "elevation_threshold_high": 210,
          "elevation_threshold_low": 205
        },
        "assessed_date": "2026-02-13"
      },
      "geometry": {
        "type": "Point",
        "coordinates": [
          77.1529192,
          28.5389671
        ]
      },
      "id": "node/449455817"
    },
    {
      "type": "Feature",
      "properties": {
        "@id": "way/451101061",
        "amenity": "parking",
        "@geometry": "center",
        "flood_count_5yr": 0.0,
        "elevation_m": 216.0,
        "risk_category": "low",
        "risk_color": "#00FF00",
        "risk_label": "LOW",
        "data_source": "polygon",
        "assessment_criteria": {
          "flood_threshold_low": 2,
          "flood_threshold_moderate": 4,
          "elevation_threshold_high": 210,
          "elevation_threshold_low": 205
        },
        "assessed_date": "2026-02-13"
      },
      "geometry": {
        "type": "Point",
        "coordinates": [
          77.0324026,
          28.5997685
        ]
      },
      "id": "way/451101061"
    },
    {
      "type": "Feature",
      "properties": {
        "@id": "way/454514534",
        "amenity": "parking",
        "@geometry": "center",
        "flood_count_5yr": 0.0,
        "elevation_m": 235.0,
        "risk_category": "low",
        "risk_color": "#00FF00",
        "risk_label": "LOW",
        "data_source": "polygon",
        "assessment_criteria": {
          "flood_threshold_low": 2,
          "flood_threshold_moderate": 4,
          "elevation_threshold_high": 210,
          "elevation_threshold_low": 205
        },
        "assessed_date": "2026-02-13"
      },
      "geometry": {
        "type": "Point",
        "coordinates": [
          77.2560404,
          28.551545
        ]
      },
      "id": "way/454514534"
    },
    {
      "type": "Feature",
      "properties": {
        "@id": "way/454517227",
        "amenity": "parking",
        "@geometry": "center",
        "flood_count_5yr": 0.0,
        "elevation_m": 238.0,
        "risk_category": "low",
        "risk_color": "#00FF00",
        "risk_label": "LOW",
        "data_source": "polygon",
        "assessment_criteria": {
          "flood_threshold_low": 2,
          "flood_threshold_moderate": 4,
          "elevation_threshold_high": 210,
          "elevation_threshold_low": 205
        },
        "assessed_date": "2026-02-13"
      },
      "geometry": {
        "type": "Point",
        "coordinates": [
          77.2530972,
          28.5477337
        ]
      },
      "id": "way/454517227"
    },
    {
      "type": "Feature",
      "properties": {
        "@id": "way/463710714",
        "access": "yes",
        "amenity": "parking",
        "fee": "yes",
        "parking": "surface",
        "@geometry": "center",
        "flood_count_5yr": 0.0,
        "elevation_m": 216.0,
        "risk_category": "low",
        "risk_color": "#00FF00",
        "risk_label": "LOW",
        "data_source": "polygon",
        "assessment_criteria": {
          "flood_threshold_low": 2,
          "flood_threshold_moderate": 4,
          "elevation_threshold_high": 210,
          "elevation_threshold_low": 205
        },
        "assessed_date": "2026-02-13"
      },
      "geometry": {
        "type": "Point",
        "coordinates": [
          77.2232037,
          28.6419117
        ]
      },
      "id": "way/463710714"
    },
    {
      "type": "Feature",
      "properties": {
        "@id": "way/463710715",
        "amenity": "parking",
        "@geometry": "center",
        "flood_count_5yr": 0.0,
        "elevation_m": 218.0,
        "risk_category": "low",
        "risk_color": "#00FF00",
        "risk_label": "LOW",
        "data_source": "polygon",
        "assessment_criteria": {
          "flood_threshold_low": 2,
          "flood_threshold_moderate": 4,
          "elevation_threshold_high": 210,
          "elevation_threshold_low": 205
        },
        "assessed_date": "2026-02-13"
      },
      "geometry": {
        "type": "Point",
        "coordinates": [
          77.2227515,
          28.6410427
        ]
      },
      "id": "way/463710715"
    },
    {
      "type": "Feature",
      "properties": {
        "@id": "way/463710736",
        "amenity": "parking",
        "@geometry": "center",
        "flood_count_5yr": 0.0,
        "elevation_m": 215.0,
        "risk_category": "low",
        "risk_color": "#00FF00",
        "risk_label": "LOW",
        "data_source": "polygon",
        "assessment_criteria": {
          "flood_threshold_low": 2,
          "flood_threshold_moderate": 4,
          "elevation_threshold_high": 210,
          "elevation_threshold_low": 205
        },
        "assessed_date": "2026-02-13"
      },
      "geometry": {
        "type": "Point",
        "coordinates": [
          77.2223367,
          28.6436136
        ]
      },
      "id": "way/463710736"
    },
    {
      "type": "Feature",
      "properties": {
        "@id": "way/475786827",
        "amenity": "parking",
        "capacity": "20",
        "ele": "1",
        "fee": "yes",
        "maxstay": "45 minutes",
        "park_ride": "no",
        "parking": "surface",
        "supervised": "yes",
        "surface": "paved",
        "@geometry": "center",
        "flood_count_5yr": 0.0,
        "elevation_m": 218.0,
        "risk_category": "low",
        "risk_color": "#00FF00",
        "risk_label": "LOW",
        "data_source": "polygon",
        "assessment_criteria": {
          "flood_threshold_low": 2,
          "flood_threshold_moderate": 4,
          "elevation_threshold_high": 210,
          "elevation_threshold_low": 205
        },
        "assessed_date": "2026-02-13"
      },
      "geometry": {
        "type": "Point",
        "coordinates": [
          77.1662739,
          28.7085055
        ]
      },
      "id": "way/475786827"
    },
    {
      "type": "Feature",
      "properties": {
        "@id": "way/510367286",
        "amenity": "parking",
        "capacity": "20",
        "fee": "no",
        "name": "IIT Hospital",
        "park_ride": "no",
        "parking": "surface",
        "supervised": "no",
        "@geometry": "center",
        "flood_count_5yr": 0.0,
        "elevation_m": 232.0,
        "risk_category": "low",
        "risk_color": "#00FF00",
        "risk_label": "LOW",
        "data_source": "polygon",
        "assessment_criteria": {
          "flood_threshold_low": 2,
          "flood_threshold_moderate": 4,
          "elevation_threshold_high": 210,
          "elevation_threshold_low": 205
        },
        "assessed_date": "2026-02-13"
      },
      "geometry": {
        "type": "Point",
        "coordinates": [
          77.1886025,
          28.5454935
        ]
      },
      "id": "way/510367286"
    },
    {
      "type": "Feature",
      "properties": {
        "@id": "way/510367293",
        "access": "private",
        "amenity": "parking",
        "fee": "no",
        "name": "Bharti School",
        "operator": "IIT Delhi",
        "park_ride": "no",
        "parking": "underground",
        "@geometry": "center",
        "flood_count_5yr": 0.0,
        "elevation_m": 230.0,
        "risk_category": "low",
        "risk_color": "#00FF00",
        "risk_label": "LOW",
        "data_source": "polygon",
        "assessment_criteria": {
          "flood_threshold_low": 2,
          "flood_threshold_moderate": 4,
          "elevation_threshold_high": 210,
          "elevation_threshold_low": 205
        },
        "assessed_date": "2026-02-13"
      },
      "geometry": {
        "type": "Point",
        "coordinates": [
          77.1899818,
          28.5448832
        ]
      },
      "id": "way/510367293"
    },
    {
      "type": "Feature",
      "properties": {
        "@id": "way/510934758",
        "amenity": "parking",
        "fee": "no",
        "name": "Visitors Parking",
        "operator": "IIT Delhi",
        "park_ride": "no",
        "parking": "surface",
        "supervised": "no",
        "surface": "ground",
        "@geometry": "center",
        "flood_count_5yr": 0.0,
        "elevation_m": 229.0,
        "risk_category": "low",
        "risk_color": "#00FF00",
        "risk_label": "LOW",
        "data_source": "polygon",
        "assessment_criteria": {
          "flood_threshold_low": 2,
          "flood_threshold_moderate": 4,
          "elevation_threshold_high": 210,
          "elevation_threshold_low": 205
        },
        "assessed_date": "2026-02-13"
      },
      "geometry": {
        "type": "Point",
        "coordinates": [
          77.1866291,
          28.5456025
        ]
      },
      "id": "way/510934758"
    },
    {
      "type": "Feature",
      "properties": {
        "@id": "way/532895193",
        "addr:city": "Delhi Cantonment",
        "addr:neighbourhood": "Basant Nagar",
        "addr:postcode": "110010",
        "addr:suburb": "New Pinto Park",
        "amenity": "parking",
        "fee": "no",
        "park_ride": "no",
        "supervised": "no",
        "@geometry": "center",
        "flood_count_5yr": 0.0,
        "elevation_m": 218.0,
        "risk_category": "low",
        "risk_color": "#00FF00",
        "risk_label": "LOW",
        "data_source": "polygon",
        "assessment_criteria": {
          "flood_threshold_low": 2,
          "flood_threshold_moderate": 4,
          "elevation_threshold_high": 210,
          "elevation_threshold_low": 205
        },
        "assessed_date": "2026-02-13"
      },
      "geometry": {
        "type": "Point",
        "coordinates": [
          77.0942784,
          28.5741793
        ]
      },
      "id": "way/532895193"
    },
    {
      "type": "Feature",
      "properties": {
        "@id": "way/538065797",
        "access": "private",
        "addr:city": "New Delhi",
        "addr:postcode": "110058",
        "addr:unit": "Janakpuri",
        "amenity": "parking",
        "capacity": "50",
        "fee": "no",
        "maxstay": "1 day",
        "operator": "Maharaja Surajmal College",
        "parking": "surface",
        "supervised": "yes",
        "surface": "concrete",
        "@geometry": "center",
        "flood_count_5yr": 0.0,
        "elevation_m": 220.0,
        "risk_category": "low",
        "risk_color": "#00FF00",
        "risk_label": "LOW",
        "data_source": "polygon",
        "assessment_criteria": {
          "flood_threshold_low": 2,
          "flood_threshold_moderate": 4,
          "elevation_threshold_high": 210,
          "elevation_threshold_low": 205
        },
        "assessed_date": "2026-02-13"
      },
      "geometry": {
        "type": "Point",
        "coordinates": [
          77.0923508,
          28.6198441
        ]
      },
      "id": "way/538065797"
    },
    {
      "type": "Feature",
      "properties": {
        "@id": "way/542442738",
        "access": "private",
        "amenity": "parking",
        "@geometry": "center",
        "flood_count_5yr": 0.0,
        "elevation_m": 263.0,
        "risk_category": "low",
        "risk_color": "#00FF00",
        "risk_label": "LOW",
        "data_source": "polygon",
        "assessment_criteria": {
          "flood_threshold_low": 2,
          "flood_threshold_moderate": 4,
          "elevation_threshold_high": 210,
          "elevation_threshold_low": 205
        },
        "assessed_date": "2026-02-13"
      },
      "geometry": {
        "type": "Point",
        "coordinates": [
          77.1702894,
          28.5121917
        ]
      },
      "id": "way/542442738"
    },
    {
      "type": "Feature",
      "properties": {
        "@id": "way/542443913",
        "access": "private",
        "amenity": "parking",
        "@geometry": "center",
        "flood_count_5yr": 0.0,
        "elevation_m": 264.0,
        "risk_category": "low",
        "risk_color": "#00FF00",
        "risk_label": "LOW",
        "data_source": "polygon",
        "assessment_criteria": {
          "flood_threshold_low": 2,
          "flood_threshold_moderate": 4,
          "elevation_threshold_high": 210,
          "elevation_threshold_low": 205
        },
        "assessed_date": "2026-02-13"
      },
      "geometry": {
        "type": "Point",
        "coordinates": [
          77.1700003,
          28.5112836
        ]
      },
      "id": "way/542443913"
    },
    {
      "type": "Feature",
      "properties": {
        "@id": "way/598077783",
        "amenity": "parking",
        "@geometry": "center",
        "flood_count_5yr": 0.0,
        "elevation_m": 224.0,
        "risk_category": "low",
        "risk_color": "#00FF00",
        "risk_label": "LOW",
        "data_source": "polygon",
        "assessment_criteria": {
          "flood_threshold_low": 2,
          "flood_threshold_moderate": 4,
          "elevation_threshold_high": 210,
          "elevation_threshold_low": 205
        },
        "assessed_date": "2026-02-13"
      },
      "geometry": {
        "type": "Point",
        "coordinates": [
          77.2316029,
          28.5538657
        ]
      },
      "id": "way/598077783"
    },
    {
      "type": "Feature",
      "properties": {
        "@id": "way/598077785",
        "amenity": "parking",
        "@geometry": "center",
        "flood_count_5yr": 0.0,
        "elevation_m": 218.0,
        "risk_category": "low",
        "risk_color": "#00FF00",
        "risk_label": "LOW",
        "data_source": "polygon",
        "assessment_criteria": {
          "flood_threshold_low": 2,
          "flood_threshold_moderate": 4,
          "elevation_threshold_high": 210,
          "elevation_threshold_low": 205
        },
        "assessed_date": "2026-02-13"
      },
      "geometry": {
        "type": "Point",
        "coordinates": [
          77.2306136,
          28.5537015
        ]
      },
      "id": "way/598077785"
    },
    {
      "type": "Feature",
      "properties": {
        "@id": "way/615449686",
        "amenity": "parking",
        "@geometry": "center",
        "flood_count_5yr": 0.0,
        "elevation_m": 222.0,
        "risk_category": "low",
        "risk_color": "#00FF00",
        "risk_label": "LOW",
        "data_source": "polygon",
        "assessment_criteria": {
          "flood_threshold_low": 2,
          "flood_threshold_moderate": 4,
          "elevation_threshold_high": 210,
          "elevation_threshold_low": 205
        },
        "assessed_date": "2026-02-13"
      },
      "geometry": {
        "type": "Point",
        "coordinates": [
          77.1228514,
          28.7089499
        ]
      },
      "id": "way/615449686"
    },
    {
      "type": "Feature",
      "properties": {
        "@id": "node/616563762",
        "amenity": "parking",
        "flood_count_5yr": 0.0,
        "elevation_m": 214.0,
        "risk_category": "low",
        "risk_color": "#00FF00",
        "risk_label": "LOW",
        "data_source": "polygon",
        "assessment_criteria": {
          "flood_threshold_low": 2,
          "flood_threshold_moderate": 4,
          "elevation_threshold_high": 210,
          "elevation_threshold_low": 205
        },
        "assessed_date": "2026-02-13"
      },
      "geometry": {
        "type": "Point",
        "coordinates": [
          77.2267137,
          28.6669732
        ]
      },
      "id": "node/616563762"
    },
    {
      "type": "Feature",
      "properties": {
        "@id": "way/633000290",
        "amenity": "parking",
        "@geometry": "center",
        "flood_count_5yr": 0.0,
        "elevation_m": 235.0,
        "risk_category": "low",
        "risk_color": "#00FF00",
        "risk_label": "LOW",
        "data_source": "polygon",
        "assessment_criteria": {
          "flood_threshold_low": 2,
          "flood_threshold_moderate": 4,
          "elevation_threshold_high": 210,
          "elevation_threshold_low": 205
        },
        "assessed_date": "2026-02-13"
      },
      "geometry": {
        "type": "Point",
        "coordinates": [
          77.1974662,
          28.530323
        ]
      },
      "id": "way/633000290"
    },
    {
      "type": "Feature",
      "properties": {
        "@id": "way/633000303",
        "amenity": "parking",
        "@geometry": "center",
        "flood_count_5yr": 0.0,
        "elevation_m": 233.0,
        "risk_category": "low",
        "risk_color": "#00FF00",
        "risk_label": "LOW",
        "data_source": "polygon",
        "assessment_criteria": {
          "flood_threshold_low": 2,
          "flood_threshold_moderate": 4,
          "elevation_threshold_high": 210,
          "elevation_threshold_low": 205
        },
        "assessed_date": "2026-02-13"
      },
      "geometry": {
        "type": "Point",
        "coordinates": [
          77.2008982,
          28.5204952
        ]
      },
      "id": "way/633000303"
    },
    {
      "type": "Feature",
      "properties": {
        "@id": "way/633000310",
        "amenity": "parking",
        "@geometry": "center",
        "flood_count_5yr": 0.0,
        "elevation_m": 231.0,
        "risk_category": "low",
        "risk_color": "#00FF00",
        "risk_label": "LOW",
        "data_source": "polygon",
        "assessment_criteria": {
          "flood_threshold_low": 2,
          "flood_threshold_moderate": 4,
          "elevation_threshold_high": 210,
          "elevation_threshold_low": 205
        },
        "assessed_date": "2026-02-13"
      },
      "geometry": {
        "type": "Point",
        "coordinates": [
          77.2048699,
          28.5284299
        ]
      },
      "id": "way/633000310"
    },
    {
      "type": "Feature",
      "properties": {
        "@id": "way/643411395",
        "amenity": "parking",
        "parking": "street_side",
        "@geometry": "center",
        "flood_count_5yr": 0.0,
        "elevation_m": 218.0,
        "risk_category": "low",
        "risk_color": "#00FF00",
        "risk_label": "LOW",
        "data_source": "polygon",
        "assessment_criteria": {
          "flood_threshold_low": 2,
          "flood_threshold_moderate": 4,
          "elevation_threshold_high": 210,
          "elevation_threshold_low": 205
        },
        "assessed_date": "2026-02-13"
      },
      "geometry": {
        "type": "Point",
        "coordinates": [
          77.1417857,
          28.7215827
        ]
      },
      "id": "way/643411395"
    },
    {
      "type": "Feature",
      "properties": {
        "@id": "way/658209303",
        "amenity": "parking",
        "parking": "surface",
        "@geometry": "center",
        "flood_count_5yr": 0.0,
        "elevation_m": 227.0,
        "risk_category": "low",
        "risk_color": "#00FF00",
        "risk_label": "LOW",
        "data_source": "polygon",
        "assessment_criteria": {
          "flood_threshold_low": 2,
          "flood_threshold_moderate": 4,
          "elevation_threshold_high": 210,
          "elevation_threshold_low": 205
        },
        "assessed_date": "2026-02-13"
      },
      "geometry": {
        "type": "Point",
        "coordinates": [
          77.2151008,
          28.6660417
        ]
      },
      "id": "way/658209303"
    },
    {
      "type": "Feature",
      "properties": {
        "@id": "way/658209313",
        "amenity": "parking",
        "parking": "surface",
        "@geometry": "center",
        "flood_count_5yr": 0.0,
        "elevation_m": 224.0,
        "risk_category": "low",
        "risk_color": "#00FF00",
        "risk_label": "LOW",
        "data_source": "polygon",
        "assessment_criteria": {
          "flood_threshold_low": 2,
          "flood_threshold_moderate": 4,
          "elevation_threshold_high": 210,
          "elevation_threshold_low": 205
        },
        "assessed_date": "2026-02-13"
      },
      "geometry": {
        "type": "Point",
        "coordinates": [
          77.2131505,
          28.6671231
        ]
      },
      "id": "way/658209313"
    },
    {
      "type": "Feature",
      "properties": {
        "@id": "way/662332954",
        "access": "yes",
        "amenity": "parking",
        "name": "Tughlakabad Metro Parking",
        "parking": "surface",
        "@geometry": "center",
        "flood_count_5yr": 0.0,
        "elevation_m": 215.0,
        "risk_category": "low",
        "risk_color": "#00FF00",
        "risk_label": "LOW",
        "data_source": "polygon",
        "assessment_criteria": {
          "flood_threshold_low": 2,
          "flood_threshold_moderate": 4,
          "elevation_threshold_high": 210,
          "elevation_threshold_low": 205
        },
        "assessed_date": "2026-02-13"
      },
      "geometry": {
        "type": "Point",
        "coordinates": [
          77.2989544,
          28.5033251
        ]
      },
      "id": "way/662332954"
    },
    {
      "type": "Feature",
      "properties": {
        "@id": "way/671295875",
        "amenity": "parking",
        "parking": "street_side",
        "@geometry": "center",
        "flood_count_5yr": 0.0,
        "elevation_m": 244.0,
        "risk_category": "low",
        "risk_color": "#00FF00",
        "risk_label": "LOW",
        "data_source": "polygon",
        "assessment_criteria": {
          "flood_threshold_low": 2,
          "flood_threshold_moderate": 4,
          "elevation_threshold_high": 210,
          "elevation_threshold_low": 205
        },
        "assessed_date": "2026-02-13"
      },
      "geometry": {
        "type": "Point",
        "coordinates": [
          77.1970324,
          28.5145083
        ]
      },
      "id": "way/671295875"
    },
    {
      "type": "Feature",
      "properties": {
        "@id": "way/679237193",
        "amenity": "parking",
        "@geometry": "center",
        "flood_count_5yr": 0.0,
        "elevation_m": 213.0,
        "risk_category": "low",
        "risk_color": "#00FF00",
        "risk_label": "LOW",
        "data_source": "polygon",
        "assessment_criteria": {
          "flood_threshold_low": 2,
          "flood_threshold_moderate": 4,
          "elevation_threshold_high": 210,
          "elevation_threshold_low": 205
        },
        "assessed_date": "2026-02-13"
      },
      "geometry": {
        "type": "Point",
        "coordinates": [
          77.0124163,
          28.6846584
        ]
      },
      "id": "way/679237193"
    },
    {
      "type": "Feature",
      "properties": {
        "@id": "way/698608846",
        "amenity": "parking",
        "building": "parking",
        "parking": "multi-storey",
        "@geometry": "center",
        "flood_count_5yr": 0.0,
        "elevation_m": 212.0,
        "risk_category": "low",
        "risk_color": "#00FF00",
        "risk_label": "LOW",
        "data_source": "polygon",
        "assessment_criteria": {
          "flood_threshold_low": 2,
          "flood_threshold_moderate": 4,
          "elevation_threshold_high": 210,
          "elevation_threshold_low": 205
        },
        "assessed_date": "2026-02-13"
      },
      "geometry": {
        "type": "Point",
        "coordinates": [
          77.2358175,
          28.6098481
        ]
      },
      "id": "way/698608846"
    },
    {
      "type": "Feature",
      "properties": {
        "@id": "way/702118118",
        "amenity": "parking",
        "@geometry": "center",
        "flood_count_5yr": 0.0,
        "elevation_m": 213.0,
        "risk_category": "low",
        "risk_color": "#00FF00",
        "risk_label": "LOW",
        "data_source": "polygon",
        "assessment_criteria": {
          "flood_threshold_low": 2,
          "flood_threshold_moderate": 4,
          "elevation_threshold_high": 210,
          "elevation_threshold_low": 205
        },
        "assessed_date": "2026-02-13"
      },
      "geometry": {
        "type": "Point",
        "coordinates": [
          77.3027206,
          28.493167
        ]
      },
      "id": "way/702118118"
    },
    {
      "type": "Feature",
      "properties": {
        "@id": "way/707631332",
        "amenity": "parking",
        "operator": "Delhi Metro",
        "parking": "surface",
        "@geometry": "center",
        "flood_count_5yr": 0.0,
        "elevation_m": 226.0,
        "risk_category": "low",
        "risk_color": "#00FF00",
        "risk_label": "LOW",
        "data_source": "polygon",
        "assessment_criteria": {
          "flood_threshold_low": 2,
          "flood_threshold_moderate": 4,
          "elevation_threshold_high": 210,
          "elevation_threshold_low": 205
        },
        "assessed_date": "2026-02-13"
      },
      "geometry": {
        "type": "Point",
        "coordinates": [
          77.2074809,
          28.6663445
        ]
      },
      "id": "way/707631332"
    },
    {
      "type": "Feature",
      "properties": {
        "@id": "way/707631337",
        "amenity": "parking",
        "@geometry": "center",
        "flood_count_5yr": 0.0,
        "elevation_m": 214.0,
        "risk_category": "low",
        "risk_color": "#00FF00",
        "risk_label": "LOW",
        "data_source": "polygon",
        "assessment_criteria": {
          "flood_threshold_low": 2,
          "flood_threshold_moderate": 4,
          "elevation_threshold_high": 210,
          "elevation_threshold_low": 205
        },
        "assessed_date": "2026-02-13"
      },
      "geometry": {
        "type": "Point",
        "coordinates": [
          77.165156,
          28.6822047
        ]
      },
      "id": "way/707631337"
    },
    {
      "type": "Feature",
      "properties": {
        "@id": "way/707631338",
        "amenity": "parking",
        "@geometry": "center",
        "flood_count_5yr": 0.0,
        "elevation_m": 222.0,
        "risk_category": "low",
        "risk_color": "#00FF00",
        "risk_label": "LOW",
        "data_source": "polygon",
        "assessment_criteria": {
          "flood_threshold_low": 2,
          "flood_threshold_moderate": 4,
          "elevation_threshold_high": 210,
          "elevation_threshold_low": 205
        },
        "assessed_date": "2026-02-13"
      },
      "geometry": {
        "type": "Point",
        "coordinates": [
          77.1646961,
          28.6830906
        ]
      },
      "id": "way/707631338"
    },
    {
      "type": "Feature",
      "properties": {
        "@id": "way/707631339",
        "amenity": "parking",
        "@geometry": "center",
        "flood_count_5yr": 0.0,
        "elevation_m": 225.0,
        "risk_category": "low",
        "risk_color": "#00FF00",
        "risk_label": "LOW",
        "data_source": "polygon",
        "assessment_criteria": {
          "flood_threshold_low": 2,
          "flood_threshold_moderate": 4,
          "elevation_threshold_high": 210,
          "elevation_threshold_low": 205
        },
        "assessed_date": "2026-02-13"
      },
      "geometry": {
        "type": "Point",
        "coordinates": [
          77.1641609,
          28.6820825
        ]
      },
      "id": "way/707631339"
    },
    {
      "type": "Feature",
      "properties": {
        "@id": "way/707859995",
        "amenity": "parking",
        "@geometry": "center",
        "flood_count_5yr": 0.0,
        "elevation_m": 217.0,
        "risk_category": "low",
        "risk_color": "#00FF00",
        "risk_label": "LOW",
        "data_source": "polygon",
        "assessment_criteria": {
          "flood_threshold_low": 2,
          "flood_threshold_moderate": 4,
          "elevation_threshold_high": 210,
          "elevation_threshold_low": 205
        },
        "assessed_date": "2026-02-13"
      },
      "geometry": {
        "type": "Point",
        "coordinates": [
          77.1705769,
          28.6729663
        ]
      },
      "id": "way/707859995"
    },
    {
      "type": "Feature",
      "properties": {
        "@id": "way/707860000",
        "amenity": "parking",
        "@geometry": "center",
        "flood_count_5yr": 0.0,
        "elevation_m": 222.0,
        "risk_category": "low",
        "risk_color": "#00FF00",
        "risk_label": "LOW",
        "data_source": "polygon",
        "assessment_criteria": {
          "flood_threshold_low": 2,
          "flood_threshold_moderate": 4,
          "elevation_threshold_high": 210,
          "elevation_threshold_low": 205
        },
        "assessed_date": "2026-02-13"
      },
      "geometry": {
        "type": "Point",
        "coordinates": [
          77.2165893,
          28.6651444
        ]
      },
      "id": "way/707860000"
    },
    {
      "type": "Feature",
      "properties": {
        "@id": "way/707860001",
        "amenity": "parking",
        "@geometry": "center",
        "flood_count_5yr": 0.0,
        "elevation_m": 224.0,
        "risk_category": "low",
        "risk_color": "#00FF00",
        "risk_label": "LOW",
        "data_source": "polygon",
        "assessment_criteria": {
          "flood_threshold_low": 2,
          "flood_threshold_moderate": 4,
          "elevation_threshold_high": 210,
          "elevation_threshold_low": 205
        },
        "assessed_date": "2026-02-13"
      },
      "geometry": {
        "type": "Point",
        "coordinates": [
          77.1981583,
          28.6666709
        ]
      },
      "id": "way/707860001"
    },
    {
      "type": "Feature",
      "properties": {
        "@id": "way/711421323",
        "amenity": "parking",
        "@geometry": "center",
        "flood_count_5yr": 0.0,
        "elevation_m": 215.0,
        "risk_category": "low",
        "risk_color": "#00FF00",
        "risk_label": "LOW",
        "data_source": "polygon",
        "assessment_criteria": {
          "flood_threshold_low": 2,
          "flood_threshold_moderate": 4,
          "elevation_threshold_high": 210,
          "elevation_threshold_low": 205
        },
        "assessed_date": "2026-02-13"
      },
      "geometry": {
        "type": "Point",
        "coordinates": [
          77.2124173,
          28.611844
        ]
      },
      "id": "way/711421323"
    },
    {
      "type": "Feature",
      "properties": {
        "@id": "way/717907809",
        "addr:city": "New Delhi",
        "amenity": "parking",
        "@geometry": "center",
        "flood_count_5yr": 0.0,
        "elevation_m": 221.0,
        "risk_category": "low",
        "risk_color": "#00FF00",
        "risk_label": "LOW",
        "data_source": "polygon",
        "assessment_criteria": {
          "flood_threshold_low": 2,
          "flood_threshold_moderate": 4,
          "elevation_threshold_high": 210,
          "elevation_threshold_low": 205
        },
        "assessed_date": "2026-02-13"
      },
      "geometry": {
        "type": "Point",
        "coordinates": [
          77.2120005,
          28.6191318
        ]
      },
      "id": "way/717907809"
    },
    {
      "type": "Feature",
      "properties": {
        "@id": "way/717907810",
        "amenity": "parking",
        "@geometry": "center",
        "flood_count_5yr": 0.0,
        "elevation_m": 211.0,
        "risk_category": "low",
        "risk_color": "#00FF00",
        "risk_label": "LOW",
        "data_source": "polygon",
        "assessment_criteria": {
          "flood_threshold_low": 2,
          "flood_threshold_moderate": 4,
          "elevation_threshold_high": 210,
          "elevation_threshold_low": 205
        },
        "assessed_date": "2026-02-13"
      },
      "geometry": {
        "type": "Point",
        "coordinates": [
          77.2127326,
          28.6165222
        ]
      },
      "id": "way/717907810"
    },
    {
      "type": "Feature",
      "properties": {
        "@id": "way/717907811",
        "amenity": "parking",
        "@geometry": "center",
        "flood_count_5yr": 0.0,
        "elevation_m": 211.0,
        "risk_category": "low",
        "risk_color": "#00FF00",
        "risk_label": "LOW",
        "data_source": "polygon",
        "assessment_criteria": {
          "flood_threshold_low": 2,
          "flood_threshold_moderate": 4,
          "elevation_threshold_high": 210,
          "elevation_threshold_low": 205
        },
        "assessed_date": "2026-02-13"
      },
      "geometry": {
        "type": "Point",
        "coordinates": [
          77.2127501,
          28.6160796
        ]
      },
      "id": "way/717907811"
    },
    {
      "type": "Feature",
      "properties": {
        "@id": "way/717907812",
        "amenity": "parking",
        "@geometry": "center",
        "flood_count_5yr": 0.0,
        "elevation_m": 213.0,
        "risk_category": "low",
        "risk_color": "#00FF00",
        "risk_label": "LOW",
        "data_source": "polygon",
        "assessment_criteria": {
          "flood_threshold_low": 2,
          "flood_threshold_moderate": 4,
          "elevation_threshold_high": 210,
          "elevation_threshold_low": 205
        },
        "assessed_date": "2026-02-13"
      },
      "geometry": {
        "type": "Point",
        "coordinates": [
          77.2126629,
          28.6156393
        ]
      },
      "id": "way/717907812"
    },
    {
      "type": "Feature",
      "properties": {
        "@id": "way/720908259",
        "amenity": "parking",
        "@geometry": "center",
        "flood_count_5yr": 0.0,
        "elevation_m": 224.0,
        "risk_category": "low",
        "risk_color": "#00FF00",
        "risk_label": "LOW",
        "data_source": "polygon",
        "assessment_criteria": {
          "flood_threshold_low": 2,
          "flood_threshold_moderate": 4,
          "elevation_threshold_high": 210,
          "elevation_threshold_low": 205
        },
        "assessed_date": "2026-02-13"
      },
      "geometry": {
        "type": "Point",
        "coordinates": [
          77.1580685,
          28.6511094
        ]
      },
      "id": "way/720908259"
    },
    {
      "type": "Feature",
      "properties": {
        "@id": "way/722443697",
        "amenity": "parking",
        "@geometry": "center",
        "flood_count_5yr": 0.0,
        "elevation_m": 243.0,
        "risk_category": "low",
        "risk_color": "#00FF00",
        "risk_label": "LOW",
        "data_source": "polygon",
        "assessment_criteria": {
          "flood_threshold_low": 2,
          "flood_threshold_moderate": 4,
          "elevation_threshold_high": 210,
          "elevation_threshold_low": 205
        },
        "assessed_date": "2026-02-13"
      },
      "geometry": {
        "type": "Point",
        "coordinates": [
          77.2181574,
          28.6287068
        ]
      },
      "id": "way/722443697"
    },
    {
      "type": "Feature",
      "properties": {
        "@id": "way/722443699",
        "addr:city": "New Delhi",
        "amenity": "parking",
        "@geometry": "center",
        "flood_count_5yr": 0.0,
        "elevation_m": 220.0,
        "risk_category": "low",
        "risk_color": "#00FF00",
        "risk_label": "LOW",
        "data_source": "polygon",
        "assessment_criteria": {
          "flood_threshold_low": 2,
          "flood_threshold_moderate": 4,
          "elevation_threshold_high": 210,
          "elevation_threshold_low": 205
        },
        "assessed_date": "2026-02-13"
      },
      "geometry": {
        "type": "Point",
        "coordinates": [
          77.206122,
          28.6162992
        ]
      },
      "id": "way/722443699"
    },
    {
      "type": "Feature",
      "properties": {
        "@id": "way/724359088",
        "access": "yes",
        "amenity": "parking",
        "fee": "yes",
        "parking": "surface",
        "surface": "asphalt",
        "@geometry": "center",
        "flood_count_5yr": 0.0,
        "elevation_m": 217.0,
        "risk_category": "low",
        "risk_color": "#00FF00",
        "risk_label": "LOW",
        "data_source": "polygon",
        "assessment_criteria": {
          "flood_threshold_low": 2,
          "flood_threshold_moderate": 4,
          "elevation_threshold_high": 210,
          "elevation_threshold_low": 205
        },
        "assessed_date": "2026-02-13"
      },
      "geometry": {
        "type": "Point",
        "coordinates": [
          77.2241851,
          28.5634009
        ]
      },
      "id": "way/724359088"
    },
    {
      "type": "Feature",
      "properties": {
        "@id": "node/738197279",
        "amenity": "parking",
        "flood_count_5yr": 0.0,
        "elevation_m": 231.0,
        "risk_category": "low",
        "risk_color": "#00FF00",
        "risk_label": "LOW",
        "data_source": "polygon",
        "assessment_criteria": {
          "flood_threshold_low": 2,
          "flood_threshold_moderate": 4,
          "elevation_threshold_high": 210,
          "elevation_threshold_low": 205
        },
        "assessed_date": "2026-02-13"
      },
      "geometry": {
        "type": "Point",
        "coordinates": [
          77.2078377,
          28.5242332
        ]
      },
      "id": "node/738197279"
    },
    {
      "type": "Feature",
      "properties": {
        "@id": "way/768166441",
        "amenity": "parking",
        "depot": "bus",
        "@geometry": "center",
        "flood_count_5yr": 0.0,
        "elevation_m": 213.0,
        "risk_category": "low",
        "risk_color": "#00FF00",
        "risk_label": "LOW",
        "data_source": "polygon",
        "assessment_criteria": {
          "flood_threshold_low": 2,
          "flood_threshold_moderate": 4,
          "elevation_threshold_high": 210,
          "elevation_threshold_low": 205
        },
        "assessed_date": "2026-02-13"
      },
      "geometry": {
        "type": "Point",
        "coordinates": [
          77.2362939,
          28.5910661
        ]
      },
      "id": "way/768166441"
    },
    {
      "type": "Feature",
      "properties": {
        "@id": "node/786590777",
        "amenity": "parking",
        "flood_count_5yr": 0.0,
        "elevation_m": 245.0,
        "risk_category": "low",
        "risk_color": "#00FF00",
        "risk_label": "LOW",
        "data_source": "polygon",
        "assessment_criteria": {
          "flood_threshold_low": 2,
          "flood_threshold_moderate": 4,
          "elevation_threshold_high": 210,
          "elevation_threshold_low": 205
        },
        "assessed_date": "2026-02-13"
      },
      "geometry": {
        "type": "Point",
        "coordinates": [
          77.2500411,
          28.5492361
        ]
      },
      "id": "node/786590777"
    },
    {
      "type": "Feature",
      "properties": {
        "@id": "way/818723414",
        "amenity": "parking",
        "@geometry": "center",
        "flood_count_5yr": 0.0,
        "elevation_m": 233.0,
        "risk_category": "low",
        "risk_color": "#00FF00",
        "risk_label": "LOW",
        "data_source": "polygon",
        "assessment_criteria": {
          "flood_threshold_low": 2,
          "flood_threshold_moderate": 4,
          "elevation_threshold_high": 210,
          "elevation_threshold_low": 205
        },
        "assessed_date": "2026-02-13"
      },
      "geometry": {
        "type": "Point",
        "coordinates": [
          77.2134139,
          28.5285038
        ]
      },
      "id": "way/818723414"
    },
    {
      "type": "Feature",
      "properties": {
        "@id": "way/818723419",
        "amenity": "parking",
        "@geometry": "center",
        "flood_count_5yr": 0.0,
        "elevation_m": 234.0,
        "risk_category": "low",
        "risk_color": "#00FF00",
        "risk_label": "LOW",
        "data_source": "polygon",
        "assessment_criteria": {
          "flood_threshold_low": 2,
          "flood_threshold_moderate": 4,
          "elevation_threshold_high": 210,
          "elevation_threshold_low": 205
        },
        "assessed_date": "2026-02-13"
      },
      "geometry": {
        "type": "Point",
        "coordinates": [
          77.2321633,
          28.5216368
        ]
      },
      "id": "way/818723419"
    },
    {
      "type": "Feature",
      "properties": {
        "@id": "way/819421703",
        "amenity": "parking",
        "@geometry": "center",
        "flood_count_5yr": 0.0,
        "elevation_m": 225.0,
        "risk_category": "low",
        "risk_color": "#00FF00",
        "risk_label": "LOW",
        "data_source": "polygon",
        "assessment_criteria": {
          "flood_threshold_low": 2,
          "flood_threshold_moderate": 4,
          "elevation_threshold_high": 210,
          "elevation_threshold_low": 205
        },
        "assessed_date": "2026-02-13"
      },
      "geometry": {
        "type": "Point",
        "coordinates": [
          77.2315906,
          28.5394557
        ]
      },
      "id": "way/819421703"
    },
    {
      "type": "Feature",
      "properties": {
        "@id": "way/819425229",
        "amenity": "parking",
        "@geometry": "center",
        "flood_count_5yr": 0.0,
        "elevation_m": 237.0,
        "risk_category": "low",
        "risk_color": "#00FF00",
        "risk_label": "LOW",
        "data_source": "polygon",
        "assessment_criteria": {
          "flood_threshold_low": 2,
          "flood_threshold_moderate": 4,
          "elevation_threshold_high": 210,
          "elevation_threshold_low": 205
        },
        "assessed_date": "2026-02-13"
      },
      "geometry": {
        "type": "Point",
        "coordinates": [
          77.232111,
          28.5269928
        ]
      },
      "id": "way/819425229"
    },
    {
      "type": "Feature",
      "properties": {
        "@id": "way/819779883",
        "amenity": "parking",
        "@geometry": "center",
        "flood_count_5yr": 0.0,
        "elevation_m": 211.0,
        "risk_category": "low",
        "risk_color": "#00FF00",
        "risk_label": "LOW",
        "data_source": "polygon",
        "assessment_criteria": {
          "flood_threshold_low": 2,
          "flood_threshold_moderate": 4,
          "elevation_threshold_high": 210,
          "elevation_threshold_low": 205
        },
        "assessed_date": "2026-02-13"
      },
      "geometry": {
        "type": "Point",
        "coordinates": [
          77.2948647,
          28.6388239
        ]
      },
      "id": "way/819779883"
    },
    {
      "type": "Feature",
      "properties": {
        "@id": "way/820303292",
        "amenity": "parking",
        "@geometry": "center",
        "flood_count_5yr": 0.0,
        "elevation_m": 267.0,
        "risk_category": "low",
        "risk_color": "#00FF00",
        "risk_label": "LOW",
        "data_source": "polygon",
        "assessment_criteria": {
          "flood_threshold_low": 2,
          "flood_threshold_moderate": 4,
          "elevation_threshold_high": 210,
          "elevation_threshold_low": 205
        },
        "assessed_date": "2026-02-13"
      },
      "geometry": {
        "type": "Point",
        "coordinates": [
          77.1649656,
          28.509782
        ]
      },
      "id": "way/820303292"
    },
    {
      "type": "Feature",
      "properties": {
        "@id": "way/842303207",
        "amenity": "parking",
        "@geometry": "center",
        "flood_count_5yr": 0.0,
        "elevation_m": 222.0,
        "risk_category": "low",
        "risk_color": "#00FF00",
        "risk_label": "LOW",
        "data_source": "polygon",
        "assessment_criteria": {
          "flood_threshold_low": 2,
          "flood_threshold_moderate": 4,
          "elevation_threshold_high": 210,
          "elevation_threshold_low": 205
        },
        "assessed_date": "2026-02-13"
      },
      "geometry": {
        "type": "Point",
        "coordinates": [
          77.060968,
          28.5204533
        ]
      },
      "id": "way/842303207"
    },
    {
      "type": "Feature",
      "properties": {
        "@id": "node/850627124",
        "amenity": "parking",
        "flood_count_5yr": 0.0,
        "elevation_m": 211.0,
        "risk_category": "low",
        "risk_color": "#00FF00",
        "risk_label": "LOW",
        "data_source": "polygon",
        "assessment_criteria": {
          "flood_threshold_low": 2,
          "flood_threshold_moderate": 4,
          "elevation_threshold_high": 210,
          "elevation_threshold_low": 205
        },
        "assessed_date": "2026-02-13"
      },
      "geometry": {
        "type": "Point",
        "coordinates": [
          77.064789,
          28.573348
        ]
      },
      "id": "node/850627124"
    },
    {
      "type": "Feature",
      "properties": {
        "@id": "way/860198428",
        "access": "yes",
        "amenity": "parking",
        "parking": "surface",
        "surface": "cobblestone",
        "@geometry": "center",
        "flood_count_5yr": 0.0,
        "elevation_m": 233.0,
        "risk_category": "low",
        "risk_color": "#00FF00",
        "risk_label": "LOW",
        "data_source": "polygon",
        "assessment_criteria": {
          "flood_threshold_low": 2,
          "flood_threshold_moderate": 4,
          "elevation_threshold_high": 210,
          "elevation_threshold_low": 205
        },
        "assessed_date": "2026-02-13"
      },
      "geometry": {
        "type": "Point",
        "coordinates": [
          77.2545602,
          28.5250094
        ]
      },
      "id": "way/860198428"
    },
    {
      "type": "Feature",
      "properties": {
        "@id": "way/860250848",
        "amenity": "parking",
        "@geometry": "center",
        "flood_count_5yr": 0.0,
        "elevation_m": 216.0,
        "risk_category": "low",
        "risk_color": "#00FF00",
        "risk_label": "LOW",
        "data_source": "polygon",
        "assessment_criteria": {
          "flood_threshold_low": 2,
          "flood_threshold_moderate": 4,
          "elevation_threshold_high": 210,
          "elevation_threshold_low": 205
        },
        "assessed_date": "2026-02-13"
      },
      "geometry": {
        "type": "Point",
        "coordinates": [
          77.1095424,
          28.6980907
        ]
      },
      "id": "way/860250848"
    },
    {
      "type": "Feature",
      "properties": {
        "@id": "way/860250850",
        "amenity": "parking",
        "@geometry": "center",
        "flood_count_5yr": 0.0,
        "elevation_m": 211.0,
        "risk_category": "low",
        "risk_color": "#00FF00",
        "risk_label": "LOW",
        "data_source": "polygon",
        "assessment_criteria": {
          "flood_threshold_low": 2,
          "flood_threshold_moderate": 4,
          "elevation_threshold_high": 210,
          "elevation_threshold_low": 205
        },
        "assessed_date": "2026-02-13"
      },
      "geometry": {
        "type": "Point",
        "coordinates": [
          77.1148948,
          28.6990696
        ]
      },
      "id": "way/860250850"
    },
    {
      "type": "Feature",
      "properties": {
        "@id": "way/860250930",
        "amenity": "parking",
        "@geometry": "center",
        "flood_count_5yr": 0.0,
        "elevation_m": 217.0,
        "risk_category": "low",
        "risk_color": "#00FF00",
        "risk_label": "LOW",
        "data_source": "polygon",
        "assessment_criteria": {
          "flood_threshold_low": 2,
          "flood_threshold_moderate": 4,
          "elevation_threshold_high": 210,
          "elevation_threshold_low": 205
        },
        "assessed_date": "2026-02-13"
      },
      "geometry": {
        "type": "Point",
        "coordinates": [
          77.1182704,
          28.6954753
        ]
      },
      "id": "way/860250930"
    },
    {
      "type": "Feature",
      "properties": {
        "@id": "node/928558934",
        "amenity": "parking",
        "parking": "surface",
        "flood_count_5yr": 0.0,
        "elevation_m": 219.0,
        "risk_category": "low",
        "risk_color": "#00FF00",
        "risk_label": "LOW",
        "data_source": "polygon",
        "assessment_criteria": {
          "flood_threshold_low": 2,
          "flood_threshold_moderate": 4,
          "elevation_threshold_high": 210,
          "elevation_threshold_low": 205
        },
        "assessed_date": "2026-02-13"
      },
      "geometry": {
        "type": "Point",
        "coordinates": [
          77.2212149,
          28.6324431
        ]
      },
      "id": "node/928558934"
    },
    {
      "type": "Feature",
      "properties": {
        "@id": "node/928559077",
        "amenity": "parking",
        "parking": "surface",
        "flood_count_5yr": 0.0,
        "elevation_m": 223.0,
        "risk_category": "low",
        "risk_color": "#00FF00",
        "risk_label": "LOW",
        "data_source": "polygon",
        "assessment_criteria": {
          "flood_threshold_low": 2,
          "flood_threshold_moderate": 4,
          "elevation_threshold_high": 210,
          "elevation_threshold_low": 205
        },
        "assessed_date": "2026-02-13"
      },
      "geometry": {
        "type": "Point",
        "coordinates": [
          77.2207988,
          28.6318154
        ]
      },
      "id": "node/928559077"
    },
    {
      "type": "Feature",
      "properties": {
        "@id": "node/928559154",
        "amenity": "parking",
        "parking": "surface",
        "flood_count_5yr": 0.0,
        "elevation_m": 223.0,
        "risk_category": "low",
        "risk_color": "#00FF00",
        "risk_label": "LOW",
        "data_source": "polygon",
        "assessment_criteria": {
          "flood_threshold_low": 2,
          "flood_threshold_moderate": 4,
          "elevation_threshold_high": 210,
          "elevation_threshold_low": 205
        },
        "assessed_date": "2026-02-13"
      },
      "geometry": {
        "type": "Point",
        "coordinates": [
          77.2204152,
          28.6315957
        ]
      },
      "id": "node/928559154"
    },
    {
      "type": "Feature",
      "properties": {
        "@id": "node/928559229",
        "access": "yes",
        "amenity": "parking",
        "fee": "yes",
        "parking": "surface",
        "flood_count_5yr": 0.0,
        "elevation_m": 218.0,
        "risk_category": "low",
        "risk_color": "#00FF00",
        "risk_label": "LOW",
        "data_source": "polygon",
        "assessment_criteria": {
          "flood_threshold_low": 2,
          "flood_threshold_moderate": 4,
          "elevation_threshold_high": 210,
          "elevation_threshold_low": 205
        },
        "assessed_date": "2026-02-13"
      },
      "geometry": {
        "type": "Point",
        "coordinates": [
          77.2186316,
          28.633774
        ]
      },
      "id": "node/928559229"
    },
    {
      "type": "Feature",
      "properties": {
        "@id": "node/928559360",
        "access": "yes",
        "amenity": "parking",
        "fee": "yes",
        "parking": "surface",
        "flood_count_5yr": 0.0,
        "elevation_m": 217.0,
        "risk_category": "low",
        "risk_color": "#00FF00",
        "risk_label": "LOW",
        "data_source": "polygon",
        "assessment_criteria": {
          "flood_threshold_low": 2,
          "flood_threshold_moderate": 4,
          "elevation_threshold_high": 210,
          "elevation_threshold_low": 205
        },
        "assessed_date": "2026-02-13"
      },
      "geometry": {
        "type": "Point",
        "coordinates": [
          77.2195757,
          28.6340848
        ]
      },
      "id": "node/928559360"
    },
    {
      "type": "Feature",
      "properties": {
        "@id": "node/943245928",
        "addr:city": "New Delhi",
        "amenity": "parking",
        "name": "Parliament Visitor Parking",
        "flood_count_5yr": 0.0,
        "elevation_m": 216.0,
        "risk_category": "low",
        "risk_color": "#00FF00",
        "risk_label": "LOW",
        "data_source": "polygon",
        "assessment_criteria": {
          "flood_threshold_low": 2,
          "flood_threshold_moderate": 4,
          "elevation_threshold_high": 210,
          "elevation_threshold_low": 205
        },
        "assessed_date": "2026-02-13"
      },
      "geometry": {
        "type": "Point",
        "coordinates": [
          77.2100168,
          28.6162015
        ]
      },
      "id": "node/943245928"
    },
    {
      "type": "Feature",
      "properties": {
        "@id": "way/952398104",
        "amenity": "parking",
        "name": "Parking for Faculty & Students",
        "operator": "NSUT",
        "operator:type": "university",
        "@geometry": "center",
        "flood_count_5yr": 0.0,
        "elevation_m": 215.0,
        "risk_category": "low",
        "risk_color": "#00FF00",
        "risk_label": "LOW",
        "data_source": "polygon",
        "assessment_criteria": {
          "flood_threshold_low": 2,
          "flood_threshold_moderate": 4,
          "elevation_threshold_high": 210,
          "elevation_threshold_low": 205
        },
        "assessed_date": "2026-02-13"
      },
      "geometry": {
        "type": "Point",
        "coordinates": [
          77.0359828,
          28.6105194
        ]
      },
      "id": "way/952398104"
    },
    {
      "type": "Feature",
      "properties": {
        "@id": "way/952634325",
        "amenity": "parking",
        "name": "Parking for Staff & Students",
        "operator": "NSUT",
        "operator:type": "university",
        "@geometry": "center",
        "flood_count_5yr": 0.0,
        "elevation_m": 211.0,
        "risk_category": "low",
        "risk_color": "#00FF00",
        "risk_label": "LOW",
        "data_source": "polygon",
        "assessment_criteria": {
          "flood_threshold_low": 2,
          "flood_threshold_moderate": 4,
          "elevation_threshold_high": 210,
          "elevation_threshold_low": 205
        },
        "assessed_date": "2026-02-13"
      },
      "geometry": {
        "type": "Point",
        "coordinates": [
          77.0363593,
          28.6090946
        ]
      },
      "id": "way/952634325"
    },
    {
      "type": "Feature",
      "properties": {
        "@id": "way/952634326",
        "amenity": "parking",
        "@geometry": "center",
        "flood_count_5yr": 0.0,
        "elevation_m": 217.0,
        "risk_category": "low",
        "risk_color": "#00FF00",
        "risk_label": "LOW",
        "data_source": "polygon",
        "assessment_criteria": {
          "flood_threshold_low": 2,
          "flood_threshold_moderate": 4,
          "elevation_threshold_high": 210,
          "elevation_threshold_low": 205
        },
        "assessed_date": "2026-02-13"
      },
      "geometry": {
        "type": "Point",
        "coordinates": [
          77.0395688,
          28.6104572
        ]
      },
      "id": "way/952634326"
    },
    {
      "type": "Feature",
      "properties": {
        "@id": "way/962692147",
        "amenity": "parking",
        "@geometry": "center",
        "flood_count_5yr": 0.0,
        "elevation_m": 268.0,
        "risk_category": "low",
        "risk_color": "#00FF00",
        "risk_label": "LOW",
        "data_source": "polygon",
        "assessment_criteria": {
          "flood_threshold_low": 2,
          "flood_threshold_moderate": 4,
          "elevation_threshold_high": 210,
          "elevation_threshold_low": 205
        },
        "assessed_date": "2026-02-13"
      },
      "geometry": {
        "type": "Point",
        "coordinates": [
          77.1684714,
          28.5137081
        ]
      },
      "id": "way/962692147"
    },
    {
      "type": "Feature",
      "properties": {
        "@id": "way/982729144",
        "access": "private",
        "amenity": "parking",
        "fee": "no",
        "parking": "surface",
        "surface": "asphalt",
        "@geometry": "center",
        "flood_count_5yr": 0.0,
        "elevation_m": 269.0,
        "risk_category": "low",
        "risk_color": "#00FF00",
        "risk_label": "LOW",
        "data_source": "polygon",
        "assessment_criteria": {
          "flood_threshold_low": 2,
          "flood_threshold_moderate": 4,
          "elevation_threshold_high": 210,
          "elevation_threshold_low": 205
        },
        "assessed_date": "2026-02-13"
      },
      "geometry": {
        "type": "Point",
        "coordinates": [
          77.1487449,
          28.5247764
        ]
      },
      "id": "way/982729144"
    },
    {
      "type": "Feature",
      "properties": {
        "@id": "way/982896113",
        "access": "private",
        "amenity": "parking",
        "fee": "no",
        "operator": "RWA",
        "operator:type": "community",
        "parking": "surface",
        "surface": "asphalt",
        "@geometry": "center",
        "flood_count_5yr": 0.0,
        "elevation_m": 272.0,
        "risk_category": "low",
        "risk_color": "#00FF00",
        "risk_label": "LOW",
        "data_source": "polygon",
        "assessment_criteria": {
          "flood_threshold_low": 2,
          "flood_threshold_moderate": 4,
          "elevation_threshold_high": 210,
          "elevation_threshold_low": 205
        },
        "assessed_date": "2026-02-13"
      },
      "geometry": {
        "type": "Point",
        "coordinates": [
          77.149512,
          28.5250537
        ]
      },
      "id": "way/982896113"
    },
    {
      "type": "Feature",
      "properties": {
        "@id": "way/988361882",
        "amenity": "parking",
        "operator": "Surya Kiran Hospital",
        "operator:type": "private",
        "@geometry": "center",
        "flood_count_5yr": 0.0,
        "elevation_m": 213.0,
        "risk_category": "low",
        "risk_color": "#00FF00",
        "risk_label": "LOW",
        "data_source": "polygon",
        "assessment_criteria": {
          "flood_threshold_low": 2,
          "flood_threshold_moderate": 4,
          "elevation_threshold_high": 210,
          "elevation_threshold_low": 205
        },
        "assessed_date": "2026-02-13"
      },
      "geometry": {
        "type": "Point",
        "coordinates": [
          76.9925268,
          28.6138618
        ]
      },
      "id": "way/988361882"
    },
    {
      "type": "Feature",
      "properties": {
        "@id": "way/998322394",
        "amenity": "parking",
        "@geometry": "center",
        "flood_count_5yr": 0.0,
        "elevation_m": 220.0,
        "risk_category": "low",
        "risk_color": "#00FF00",
        "risk_label": "LOW",
        "data_source": "polygon",
        "assessment_criteria": {
          "flood_threshold_low": 2,
          "flood_threshold_moderate": 4,
          "elevation_threshold_high": 210,
          "elevation_threshold_low": 205
        },
        "assessed_date": "2026-02-13"
      },
      "geometry": {
        "type": "Point",
        "coordinates": [
          77.2075311,
          28.5588736
        ]
      },
      "id": "way/998322394"
    },
    {
      "type": "Feature",
      "properties": {
        "@id": "way/998322395",
        "amenity": "parking",
        "@geometry": "center",
        "flood_count_5yr": 0.0,
        "elevation_m": 228.0,
        "risk_category": "low",
        "risk_color": "#00FF00",
        "risk_label": "LOW",
        "data_source": "polygon",
        "assessment_criteria": {
          "flood_threshold_low": 2,
          "flood_threshold_moderate": 4,
          "elevation_threshold_high": 210,
          "elevation_threshold_low": 205
        },
        "assessed_date": "2026-02-13"
      },
      "geometry": {
        "type": "Point",
        "coordinates": [
          77.2081444,
          28.5592672
        ]
      },
      "id": "way/998322395"
    },
    {
      "type": "Feature",
      "properties": {
        "@id": "way/1002238093",
        "amenity": "parking",
        "@geometry": "center",
        "flood_count_5yr": 0.0,
        "elevation_m": 216.0,
        "risk_category": "low",
        "risk_color": "#00FF00",
        "risk_label": "LOW",
        "data_source": "polygon",
        "assessment_criteria": {
          "flood_threshold_low": 2,
          "flood_threshold_moderate": 4,
          "elevation_threshold_high": 210,
          "elevation_threshold_low": 205
        },
        "assessed_date": "2026-02-13"
      },
      "geometry": {
        "type": "Point",
        "coordinates": [
          77.0365714,
          28.6073618
        ]
      },
      "id": "way/1002238093"
    },
    {
      "type": "Feature",
      "properties": {
        "@id": "way/1039337253",
        "amenity": "parking",
        "@geometry": "center",
        "flood_count_5yr": 0.0,
        "elevation_m": 214.0,
        "risk_category": "low",
        "risk_color": "#00FF00",
        "risk_label": "LOW",
        "data_source": "polygon",
        "assessment_criteria": {
          "flood_threshold_low": 2,
          "flood_threshold_moderate": 4,
          "elevation_threshold_high": 210,
          "elevation_threshold_low": 205
        },
        "assessed_date": "2026-02-13"
      },
      "geometry": {
        "type": "Point",
        "coordinates": [
          77.2908573,
          28.614649
        ]
      },
      "id": "way/1039337253"
    },
    {
      "type": "Feature",
      "properties": {
        "@id": "way/1043426509",
        "amenity": "parking",
        "barrier": "wall",
        "@geometry": "center",
        "flood_count_5yr": 0.0,
        "elevation_m": 220.0,
        "risk_category": "low",
        "risk_color": "#00FF00",
        "risk_label": "LOW",
        "data_source": "polygon",
        "assessment_criteria": {
          "flood_threshold_low": 2,
          "flood_threshold_moderate": 4,
          "elevation_threshold_high": 210,
          "elevation_threshold_low": 205
        },
        "assessed_date": "2026-02-13"
      },
      "geometry": {
        "type": "Point",
        "coordinates": [
          77.2315574,
          28.6242189
        ]
      },
      "id": "way/1043426509"
    },
    {
      "type": "Feature",
      "properties": {
        "@id": "way/1088202865",
        "amenity": "parking",
        "operator": "IIT Delhi",
        "@geometry": "center",
        "flood_count_5yr": 0.0,
        "elevation_m": 225.0,
        "risk_category": "low",
        "risk_color": "#00FF00",
        "risk_label": "LOW",
        "data_source": "polygon",
        "assessment_criteria": {
          "flood_threshold_low": 2,
          "flood_threshold_moderate": 4,
          "elevation_threshold_high": 210,
          "elevation_threshold_low": 205
        },
        "assessed_date": "2026-02-13"
      },
      "geometry": {
        "type": "Point",
        "coordinates": [
          77.1861417,
          28.5449547
        ]
      },
      "id": "way/1088202865"
    },
    {
      "type": "Feature",
      "properties": {
        "@id": "way/1095293724",
        "access": "private",
        "amenity": "parking",
        "parking": "surface",
        "@geometry": "center",
        "flood_count_5yr": 0.0,
        "elevation_m": 232.0,
        "risk_category": "low",
        "risk_color": "#00FF00",
        "risk_label": "LOW",
        "data_source": "polygon",
        "assessment_criteria": {
          "flood_threshold_low": 2,
          "flood_threshold_moderate": 4,
          "elevation_threshold_high": 210,
          "elevation_threshold_low": 205
        },
        "assessed_date": "2026-02-13"
      },
      "geometry": {
        "type": "Point",
        "coordinates": [
          77.1910932,
          28.5439147
        ]
      },
      "id": "way/1095293724"
    },
    {
      "type": "Feature",
      "properties": {
        "@id": "way/1095293725",
        "amenity": "parking",
        "@geometry": "center",
        "flood_count_5yr": 0.0,
        "elevation_m": 238.0,
        "risk_category": "low",
        "risk_color": "#00FF00",
        "risk_label": "LOW",
        "data_source": "polygon",
        "assessment_criteria": {
          "flood_threshold_low": 2,
          "flood_threshold_moderate": 4,
          "elevation_threshold_high": 210,
          "elevation_threshold_low": 205
        },
        "assessed_date": "2026-02-13"
      },
      "geometry": {
        "type": "Point",
        "coordinates": [
          77.192621,
          28.5455952
        ]
      },
      "id": "way/1095293725"
    },
    {
      "type": "Feature",
      "properties": {
        "@id": "way/1096892287",
        "access": "permissive",
        "amenity": "parking",
        "fee": "no",
        "parking": "surface",
        "surface": "concrete",
        "@geometry": "center",
        "flood_count_5yr": 0.0,
        "elevation_m": 214.0,
        "risk_category": "low",
        "risk_color": "#00FF00",
        "risk_label": "LOW",
        "data_source": "polygon",
        "assessment_criteria": {
          "flood_threshold_low": 2,
          "flood_threshold_moderate": 4,
          "elevation_threshold_high": 210,
          "elevation_threshold_low": 205
        },
        "assessed_date": "2026-02-13"
      },
      "geometry": {
        "type": "Point",
        "coordinates": [
          77.0787735,
          28.7209663
        ]
      },
      "id": "way/1096892287"
    },
    {
      "type": "Feature",
      "properties": {
        "@id": "way/1096895846",
        "access": "permissive",
        "amenity": "parking",
        "fee": "no",
        "parking": "surface",
        "surface": "concrete",
        "@geometry": "center",
        "flood_count_5yr": 0.0,
        "elevation_m": 215.0,
        "risk_category": "low",
        "risk_color": "#00FF00",
        "risk_label": "LOW",
        "data_source": "polygon",
        "assessment_criteria": {
          "flood_threshold_low": 2,
          "flood_threshold_moderate": 4,
          "elevation_threshold_high": 210,
          "elevation_threshold_low": 205
        },
        "assessed_date": "2026-02-13"
      },
      "geometry": {
        "type": "Point",
        "coordinates": [
          77.079209,
          28.7214761
        ]
      },
      "id": "way/1096895846"
    },
    {
      "type": "Feature",
      "properties": {
        "@id": "way/1096895847",
        "access": "permissive",
        "amenity": "parking",
        "fee": "no",
        "parking": "surface",
        "surface": "concrete",
        "@geometry": "center",
        "flood_count_5yr": 0.0,
        "elevation_m": 216.0,
        "risk_category": "low",
        "risk_color": "#00FF00",
        "risk_label": "LOW",
        "data_source": "polygon",
        "assessment_criteria": {
          "flood_threshold_low": 2,
          "flood_threshold_moderate": 4,
          "elevation_threshold_high": 210,
          "elevation_threshold_low": 205
        },
        "assessed_date": "2026-02-13"
      },
      "geometry": {
        "type": "Point",
        "coordinates": [
          77.0792933,
          28.7215607
        ]
      },
      "id": "way/1096895847"
    },
    {
      "type": "Feature",
      "properties": {
        "@id": "way/1096895848",
        "access": "permissive",
        "amenity": "parking",
        "fee": "no",
        "parking": "surface",
        "surface": "concrete",
        "@geometry": "center",
        "flood_count_5yr": 0.0,
        "elevation_m": 217.0,
        "risk_category": "low",
        "risk_color": "#00FF00",
        "risk_label": "LOW",
        "data_source": "polygon",
        "assessment_criteria": {
          "flood_threshold_low": 2,
          "flood_threshold_moderate": 4,
          "elevation_threshold_high": 210,
          "elevation_threshold_low": 205
        },
        "assessed_date": "2026-02-13"
      },
      "geometry": {
        "type": "Point",
        "coordinates": [
          77.0797498,
          28.7220882
        ]
      },
      "id": "way/1096895848"
    },
    {
      "type": "Feature",
      "properties": {
        "@id": "way/1096895849",
        "access": "permissive",
        "amenity": "parking",
        "fee": "no",
        "parking": "surface",
        "surface": "concrete",
        "@geometry": "center",
        "flood_count_5yr": 0.0,
        "elevation_m": 217.0,
        "risk_category": "low",
        "risk_color": "#00FF00",
        "risk_label": "LOW",
        "data_source": "polygon",
        "assessment_criteria": {
          "flood_threshold_low": 2,
          "flood_threshold_moderate": 4,
          "elevation_threshold_high": 210,
          "elevation_threshold_low": 205
        },
        "assessed_date": "2026-02-13"
      },
      "geometry": {
        "type": "Point",
        "coordinates": [
          77.0804018,
          28.7216133
        ]
      },
      "id": "way/1096895849"
    },
    {
      "type": "Feature",
      "properties": {
        "@id": "way/1097311616",
        "amenity": "parking",
        "@geometry": "center",
        "flood_count_5yr": 0.0,
        "elevation_m": 236.0,
        "risk_category": "low",
        "risk_color": "#00FF00",
        "risk_label": "LOW",
        "data_source": "polygon",
        "assessment_criteria": {
          "flood_threshold_low": 2,
          "flood_threshold_moderate": 4,
          "elevation_threshold_high": 210,
          "elevation_threshold_low": 205
        },
        "assessed_date": "2026-02-13"
      },
      "geometry": {
        "type": "Point",
        "coordinates": [
          77.184664,
          28.5427324
        ]
      },
      "id": "way/1097311616"
    },
    {
      "type": "Feature",
      "properties": {
        "@id": "node/1116438504",
        "amenity": "parking",
        "name": "Palika Bhawan",
        "flood_count_5yr": 0.0,
        "elevation_m": 236.0,
        "risk_category": "low",
        "risk_color": "#00FF00",
        "risk_label": "LOW",
        "data_source": "polygon",
        "assessment_criteria": {
          "flood_threshold_low": 2,
          "flood_threshold_moderate": 4,
          "elevation_threshold_high": 210,
          "elevation_threshold_low": 205
        },
        "assessed_date": "2026-02-13"
      },
      "geometry": {
        "type": "Point",
        "coordinates": [
          77.1845461,
          28.5710889
        ]
      },
      "id": "node/1116438504"
    },
    {
      "type": "Feature",
      "properties": {
        "@id": "way/1123830769",
        "amenity": "parking",
        "@geometry": "center",
        "flood_count_5yr": 0.0,
        "elevation_m": 212.0,
        "risk_category": "low",
        "risk_color": "#00FF00",
        "risk_label": "LOW",
        "data_source": "polygon",
        "assessment_criteria": {
          "flood_threshold_low": 2,
          "flood_threshold_moderate": 4,
          "elevation_threshold_high": 210,
          "elevation_threshold_low": 205
        },
        "assessed_date": "2026-02-13"
      },
      "geometry": {
        "type": "Point",
        "coordinates": [
          77.248789,
          28.5895867
        ]
      },
      "id": "way/1123830769"
    },
    {
      "type": "Feature",
      "properties": {
        "@id": "way/1123927750",
        "access": "yes",
        "amenity": "parking",
        "fee": "yes",
        "parking": "surface",
        "supervised": "yes",
        "@geometry": "center",
        "flood_count_5yr": 0.0,
        "elevation_m": 214.0,
        "risk_category": "low",
        "risk_color": "#00FF00",
        "risk_label": "LOW",
        "data_source": "polygon",
        "assessment_criteria": {
          "flood_threshold_low": 2,
          "flood_threshold_moderate": 4,
          "elevation_threshold_high": 210,
          "elevation_threshold_low": 205
        },
        "assessed_date": "2026-02-13"
      },
      "geometry": {
        "type": "Point",
        "coordinates": [
          77.2306732,
          28.573022
        ]
      },
      "id": "way/1123927750"
    },
    {
      "type": "Feature",
      "properties": {
        "@id": "way/1127484001",
        "amenity": "parking",
        "@geometry": "center",
        "flood_count_5yr": 0.0,
        "elevation_m": 214.0,
        "risk_category": "low",
        "risk_color": "#00FF00",
        "risk_label": "LOW",
        "data_source": "polygon",
        "assessment_criteria": {
          "flood_threshold_low": 2,
          "flood_threshold_moderate": 4,
          "elevation_threshold_high": 210,
          "elevation_threshold_low": 205
        },
        "assessed_date": "2026-02-13"
      },
      "geometry": {
        "type": "Point",
        "coordinates": [
          77.2477243,
          28.5952889
        ]
      },
      "id": "way/1127484001"
    },
    {
      "type": "Feature",
      "properties": {
        "@id": "way/1130940774",
        "access": "customers",
        "amenity": "parking",
        "parking": "surface",
        "@geometry": "center",
        "flood_count_5yr": 0.0,
        "elevation_m": 211.0,
        "risk_category": "low",
        "risk_color": "#00FF00",
        "risk_label": "LOW",
        "data_source": "polygon",
        "assessment_criteria": {
          "flood_threshold_low": 2,
          "flood_threshold_moderate": 4,
          "elevation_threshold_high": 210,
          "elevation_threshold_low": 205
        },
        "assessed_date": "2026-02-13"
      },
      "geometry": {
        "type": "Point",
        "coordinates": [
          77.2471593,
          28.5885081
        ]
      },
      "id": "way/1130940774"
    },
    {
      "type": "Feature",
      "properties": {
        "@id": "way/1138075167",
        "amenity": "parking",
        "@geometry": "center",
        "flood_count_5yr": 0.0,
        "elevation_m": 215.0,
        "risk_category": "low",
        "risk_color": "#00FF00",
        "risk_label": "LOW",
        "data_source": "polygon",
        "assessment_criteria": {
          "flood_threshold_low": 2,
          "flood_threshold_moderate": 4,
          "elevation_threshold_high": 210,
          "elevation_threshold_low": 205
        },
        "assessed_date": "2026-02-13"
      },
      "geometry": {
        "type": "Point",
        "coordinates": [
          77.240831,
          28.6081614
        ]
      },
      "id": "way/1138075167"
    },
    {
      "type": "Feature",
      "properties": {
        "@id": "way/1138292914",
        "amenity": "parking",
        "@geometry": "center",
        "flood_count_5yr": 0.0,
        "elevation_m": 214.0,
        "risk_category": "low",
        "risk_color": "#00FF00",
        "risk_label": "LOW",
        "data_source": "polygon",
        "assessment_criteria": {
          "flood_threshold_low": 2,
          "flood_threshold_moderate": 4,
          "elevation_threshold_high": 210,
          "elevation_threshold_low": 205
        },
        "assessed_date": "2026-02-13"
      },
      "geometry": {
        "type": "Point",
        "coordinates": [
          77.2375133,
          28.6261356
        ]
      },
      "id": "way/1138292914"
    },
    {
      "type": "Feature",
      "properties": {
        "@id": "way/1138292915",
        "amenity": "parking",
        "@geometry": "center",
        "flood_count_5yr": 0.0,
        "elevation_m": 215.0,
        "risk_category": "low",
        "risk_color": "#00FF00",
        "risk_label": "LOW",
        "data_source": "polygon",
        "assessment_criteria": {
          "flood_threshold_low": 2,
          "flood_threshold_moderate": 4,
          "elevation_threshold_high": 210,
          "elevation_threshold_low": 205
        },
        "assessed_date": "2026-02-13"
      },
      "geometry": {
        "type": "Point",
        "coordinates": [
          77.2374712,
          28.6260891
        ]
      },
      "id": "way/1138292915"
    },
    {
      "type": "Feature",
      "properties": {
        "@id": "way/1138292916",
        "amenity": "parking",
        "@geometry": "center",
        "flood_count_5yr": 0.0,
        "elevation_m": 213.0,
        "risk_category": "low",
        "risk_color": "#00FF00",
        "risk_label": "LOW",
        "data_source": "polygon",
        "assessment_criteria": {
          "flood_threshold_low": 2,
          "flood_threshold_moderate": 4,
          "elevation_threshold_high": 210,
          "elevation_threshold_low": 205
        },
        "assessed_date": "2026-02-13"
      },
      "geometry": {
        "type": "Point",
        "coordinates": [
          77.2380448,
          28.626118
        ]
      },
      "id": "way/1138292916"
    },
    {
      "type": "Feature",
      "properties": {
        "@id": "way/1138292917",
        "amenity": "parking",
        "@geometry": "center",
        "flood_count_5yr": 0.0,
        "elevation_m": 213.0,
        "risk_category": "low",
        "risk_color": "#00FF00",
        "risk_label": "LOW",
        "data_source": "polygon",
        "assessment_criteria": {
          "flood_threshold_low": 2,
          "flood_threshold_moderate": 4,
          "elevation_threshold_high": 210,
          "elevation_threshold_low": 205
        },
        "assessed_date": "2026-02-13"
      },
      "geometry": {
        "type": "Point",
        "coordinates": [
          77.2378777,
          28.6261719
        ]
      },
      "id": "way/1138292917"
    },
    {
      "type": "Feature",
      "properties": {
        "@id": "way/1138292918",
        "amenity": "parking",
        "@geometry": "center",
        "flood_count_5yr": 0.0,
        "elevation_m": 211.0,
        "risk_category": "low",
        "risk_color": "#00FF00",
        "risk_label": "LOW",
        "data_source": "polygon",
        "assessment_criteria": {
          "flood_threshold_low": 2,
          "flood_threshold_moderate": 4,
          "elevation_threshold_high": 210,
          "elevation_threshold_low": 205
        },
        "assessed_date": "2026-02-13"
      },
      "geometry": {
        "type": "Point",
        "coordinates": [
          77.236843,
          28.6262351
        ]
      },
      "id": "way/1138292918"
    },
    {
      "type": "Feature",
      "properties": {
        "@id": "way/1138292919",
        "amenity": "parking",
        "@geometry": "center",
        "flood_count_5yr": 0.0,
        "elevation_m": 216.0,
        "risk_category": "low",
        "risk_color": "#00FF00",
        "risk_label": "LOW",
        "data_source": "polygon",
        "assessment_criteria": {
          "flood_threshold_low": 2,
          "flood_threshold_moderate": 4,
          "elevation_threshold_high": 210,
          "elevation_threshold_low": 205
        },
        "assessed_date": "2026-02-13"
      },
      "geometry": {
        "type": "Point",
        "coordinates": [
          77.2360513,
          28.6262622
        ]
      },
      "id": "way/1138292919"
    },
    {
      "type": "Feature",
      "properties": {
        "@id": "way/1138292924",
        "amenity": "parking",
        "@geometry": "center",
        "flood_count_5yr": 0.0,
        "elevation_m": 213.0,
        "risk_category": "low",
        "risk_color": "#00FF00",
        "risk_label": "LOW",
        "data_source": "polygon",
        "assessment_criteria": {
          "flood_threshold_low": 2,
          "flood_threshold_moderate": 4,
          "elevation_threshold_high": 210,
          "elevation_threshold_low": 205
        },
        "assessed_date": "2026-02-13"
      },
      "geometry": {
        "type": "Point",
        "coordinates": [
          77.2352787,
          28.6274195
        ]
      },
      "id": "way/1138292924"
    },
    {
      "type": "Feature",
      "properties": {
        "@id": "node/1142095622",
        "amenity": "parking",
        "name": "USO parking",
        "flood_count_5yr": 0.0,
        "elevation_m": 239.0,
        "risk_category": "low",
        "risk_color": "#00FF00",
        "risk_label": "LOW",
        "data_source": "polygon",
        "assessment_criteria": {
          "flood_threshold_low": 2,
          "flood_threshold_moderate": 4,
          "elevation_threshold_high": 210,
          "elevation_threshold_low": 205
        },
        "assessed_date": "2026-02-13"
      },
      "geometry": {
        "type": "Point",
        "coordinates": [
          77.1785053,
          28.5422971
        ]
      },
      "id": "node/1142095622"
    },
    {
      "type": "Feature",
      "properties": {
        "@id": "node/1142097773",
        "amenity": "parking",
        "capacity": "60",
        "fee": "10 Rs",
        "flood_count_5yr": 0.0,
        "elevation_m": 239.0,
        "risk_category": "low",
        "risk_color": "#00FF00",
        "risk_label": "LOW",
        "data_source": "polygon",
        "assessment_criteria": {
          "flood_threshold_low": 2,
          "flood_threshold_moderate": 4,
          "elevation_threshold_high": 210,
          "elevation_threshold_low": 205
        },
        "assessed_date": "2026-02-13"
      },
      "geometry": {
        "type": "Point",
        "coordinates": [
          77.1777912,
          28.5422691
        ]
      },
      "id": "node/1142097773"
    },
    {
      "type": "Feature",
      "properties": {
        "@id": "way/1150644252",
        "amenity": "parking",
        "barrier": "wall",
        "@geometry": "center",
        "flood_count_5yr": 0.0,
        "elevation_m": 212.0,
        "risk_category": "low",
        "risk_color": "#00FF00",
        "risk_label": "LOW",
        "data_source": "polygon",
        "assessment_criteria": {
          "flood_threshold_low": 2,
          "flood_threshold_moderate": 4,
          "elevation_threshold_high": 210,
          "elevation_threshold_low": 205
        },
        "assessed_date": "2026-02-13"
      },
      "geometry": {
        "type": "Point",
        "coordinates": [
          77.1630627,
          28.7260701
        ]
      },
      "id": "way/1150644252"
    },
    {
      "type": "Feature",
      "properties": {
        "@id": "way/1151248648",
        "access": "customers",
        "amenity": "parking",
        "fee": "no",
        "parking": "surface",
        "@geometry": "center",
        "flood_count_5yr": 0.0,
        "elevation_m": 217.0,
        "risk_category": "low",
        "risk_color": "#00FF00",
        "risk_label": "LOW",
        "data_source": "polygon",
        "assessment_criteria": {
          "flood_threshold_low": 2,
          "flood_threshold_moderate": 4,
          "elevation_threshold_high": 210,
          "elevation_threshold_low": 205
        },
        "assessed_date": "2026-02-13"
      },
      "geometry": {
        "type": "Point",
        "coordinates": [
          77.2332852,
          28.5603232
        ]
      },
      "id": "way/1151248648"
    },
    {
      "type": "Feature",
      "properties": {
        "@id": "way/1158131881",
        "amenity": "parking",
        "@geometry": "center",
        "flood_count_5yr": 0.0,
        "elevation_m": 220.0,
        "risk_category": "low",
        "risk_color": "#00FF00",
        "risk_label": "LOW",
        "data_source": "polygon",
        "assessment_criteria": {
          "flood_threshold_low": 2,
          "flood_threshold_moderate": 4,
          "elevation_threshold_high": 210,
          "elevation_threshold_low": 205
        },
        "assessed_date": "2026-02-13"
      },
      "geometry": {
        "type": "Point",
        "coordinates": [
          77.2335887,
          28.5502346
        ]
      },
      "id": "way/1158131881"
    },
    {
      "type": "Feature",
      "properties": {
        "@id": "way/1163944178",
        "amenity": "parking",
        "@geometry": "center",
        "flood_count_5yr": 0.0,
        "elevation_m": 240.0,
        "risk_category": "low",
        "risk_color": "#00FF00",
        "risk_label": "LOW",
        "data_source": "polygon",
        "assessment_criteria": {
          "flood_threshold_low": 2,
          "flood_threshold_moderate": 4,
          "elevation_threshold_high": 210,
          "elevation_threshold_low": 205
        },
        "assessed_date": "2026-02-13"
      },
      "geometry": {
        "type": "Point",
        "coordinates": [
          77.1620263,
          28.5576846
        ]
      },
      "id": "way/1163944178"
    },
    {
      "type": "Feature",
      "properties": {
        "@id": "way/1164818050",
        "amenity": "parking",
        "@geometry": "center",
        "flood_count_5yr": 0.0,
        "elevation_m": null,
        "risk_category": "low",
        "risk_color": "#00FF00",
        "risk_label": "LOW",
        "data_source": "polygon",
        "assessment_criteria": {
          "flood_threshold_low": 2,
          "flood_threshold_moderate": 4,
          "elevation_threshold_high": 210,
          "elevation_threshold_low": 205
        },
        "assessed_date": "2026-02-13"
      },
      "geometry": {
        "type": "Point",
        "coordinates": [
          77.2016526,
          28.4387758
        ]
      },
      "id": "way/1164818050"
    },
    {
      "type": "Feature",
      "properties": {
        "@id": "way/1165055510",
        "amenity": "parking",
        "@geometry": "center",
        "flood_count_5yr": 0.0,
        "elevation_m": 265.0,
        "risk_category": "low",
        "risk_color": "#00FF00",
        "risk_label": "LOW",
        "data_source": "polygon",
        "assessment_criteria": {
          "flood_threshold_low": 2,
          "flood_threshold_moderate": 4,
          "elevation_threshold_high": 210,
          "elevation_threshold_low": 205
        },
        "assessed_date": "2026-02-13"
      },
      "geometry": {
        "type": "Point",
        "coordinates": [
          77.2672346,
          28.493505
        ]
      },
      "id": "way/1165055510"
    },
    {
      "type": "Feature",
      "properties": {
        "@id": "way/1182647527",
        "access": "private",
        "amenity": "parking",
        "capacity:disabled": "0",
        "parking": "surface",
        "@geometry": "center",
        "flood_count_5yr": 0.0,
        "elevation_m": 226.0,
        "risk_category": "low",
        "risk_color": "#00FF00",
        "risk_label": "LOW",
        "data_source": "polygon",
        "assessment_criteria": {
          "flood_threshold_low": 2,
          "flood_threshold_moderate": 4,
          "elevation_threshold_high": 210,
          "elevation_threshold_low": 205
        },
        "assessed_date": "2026-02-13"
      },
      "geometry": {
        "type": "Point",
        "coordinates": [
          77.0863993,
          28.5579038
        ]
      },
      "id": "way/1182647527"
    },
    {
      "type": "Feature",
      "properties": {
        "@id": "way/1182663141",
        "access": "unknown",
        "amenity": "parking",
        "@geometry": "center",
        "flood_count_5yr": 0.0,
        "elevation_m": 224.0,
        "risk_category": "low",
        "risk_color": "#00FF00",
        "risk_label": "LOW",
        "data_source": "polygon",
        "assessment_criteria": {
          "flood_threshold_low": 2,
          "flood_threshold_moderate": 4,
          "elevation_threshold_high": 210,
          "elevation_threshold_low": 205
        },
        "assessed_date": "2026-02-13"
      },
      "geometry": {
        "type": "Point",
        "coordinates": [
          77.0837499,
          28.5567329
        ]
      },
      "id": "way/1182663141"
    },
    {
      "type": "Feature",
      "properties": {
        "@id": "way/1182663142",
        "access": "unknown",
        "amenity": "parking",
        "@geometry": "center",
        "flood_count_5yr": 0.0,
        "elevation_m": 224.0,
        "risk_category": "low",
        "risk_color": "#00FF00",
        "risk_label": "LOW",
        "data_source": "polygon",
        "assessment_criteria": {
          "flood_threshold_low": 2,
          "flood_threshold_moderate": 4,
          "elevation_threshold_high": 210,
          "elevation_threshold_low": 205
        },
        "assessed_date": "2026-02-13"
      },
      "geometry": {
        "type": "Point",
        "coordinates": [
          77.0837896,
          28.5566355
        ]
      },
      "id": "way/1182663142"
    },
    {
      "type": "Feature",
      "properties": {
        "@id": "way/1182663143",
        "access": "unknown",
        "amenity": "parking",
        "@geometry": "center",
        "flood_count_5yr": 0.0,
        "elevation_m": 224.0,
        "risk_category": "low",
        "risk_color": "#00FF00",
        "risk_label": "LOW",
        "data_source": "polygon",
        "assessment_criteria": {
          "flood_threshold_low": 2,
          "flood_threshold_moderate": 4,
          "elevation_threshold_high": 210,
          "elevation_threshold_low": 205
        },
        "assessed_date": "2026-02-13"
      },
      "geometry": {
        "type": "Point",
        "coordinates": [
          77.0839126,
          28.5565793
        ]
      },
      "id": "way/1182663143"
    },
    {
      "type": "Feature",
      "properties": {
        "@id": "way/1182663144",
        "access": "unknown",
        "amenity": "parking",
        "@geometry": "center",
        "flood_count_5yr": 0.0,
        "elevation_m": 225.0,
        "risk_category": "low",
        "risk_color": "#00FF00",
        "risk_label": "LOW",
        "data_source": "polygon",
        "assessment_criteria": {
          "flood_threshold_low": 2,
          "flood_threshold_moderate": 4,
          "elevation_threshold_high": 210,
          "elevation_threshold_low": 205
        },
        "assessed_date": "2026-02-13"
      },
      "geometry": {
        "type": "Point",
        "coordinates": [
          77.0839645,
          28.5564602
        ]
      },
      "id": "way/1182663144"
    },
    {
      "type": "Feature",
      "properties": {
        "@id": "way/1187842279",
        "access": "yes",
        "amenity": "parking",
        "barrier": "wall",
        "fee": "yes",
        "parking": "surface",
        "@geometry": "center",
        "flood_count_5yr": 0.0,
        "elevation_m": 214.0,
        "risk_category": "low",
        "risk_color": "#00FF00",
        "risk_label": "LOW",
        "data_source": "polygon",
        "assessment_criteria": {
          "flood_threshold_low": 2,
          "flood_threshold_moderate": 4,
          "elevation_threshold_high": 210,
          "elevation_threshold_low": 205
        },
        "assessed_date": "2026-02-13"
      },
      "geometry": {
        "type": "Point",
        "coordinates": [
          77.2369259,
          28.5713779
        ]
      },
      "id": "way/1187842279"
    },
    {
      "type": "Feature",
      "properties": {
        "@id": "way/1189514233",
        "amenity": "parking",
        "@geometry": "center",
        "flood_count_5yr": 0.0,
        "elevation_m": 211.0,
        "risk_category": "low",
        "risk_color": "#00FF00",
        "risk_label": "LOW",
        "data_source": "polygon",
        "assessment_criteria": {
          "flood_threshold_low": 2,
          "flood_threshold_moderate": 4,
          "elevation_threshold_high": 210,
          "elevation_threshold_low": 205
        },
        "assessed_date": "2026-02-13"
      },
      "geometry": {
        "type": "Point",
        "coordinates": [
          77.1592148,
          28.7359188
        ]
      },
      "id": "way/1189514233"
    },
    {
      "type": "Feature",
      "properties": {
        "@id": "way/1194020327",
        "amenity": "parking",
        "@geometry": "center",
        "flood_count_5yr": 0.0,
        "elevation_m": 211.0,
        "risk_category": "low",
        "risk_color": "#00FF00",
        "risk_label": "LOW",
        "data_source": "polygon",
        "assessment_criteria": {
          "flood_threshold_low": 2,
          "flood_threshold_moderate": 4,
          "elevation_threshold_high": 210,
          "elevation_threshold_low": 205
        },
        "assessed_date": "2026-02-13"
      },
      "geometry": {
        "type": "Point",
        "coordinates": [
          77.3055269,
          28.6245444
        ]
      },
      "id": "way/1194020327"
    },
    {
      "type": "Feature",
      "properties": {
        "@id": "way/1202333640",
        "access": "customers",
        "amenity": "parking",
        "parking": "surface",
        "@geometry": "center",
        "flood_count_5yr": 0.0,
        "elevation_m": 227.0,
        "risk_category": "low",
        "risk_color": "#00FF00",
        "risk_label": "LOW",
        "data_source": "polygon",
        "assessment_criteria": {
          "flood_threshold_low": 2,
          "flood_threshold_moderate": 4,
          "elevation_threshold_high": 210,
          "elevation_threshold_low": 205
        },
        "assessed_date": "2026-02-13"
      },
      "geometry": {
        "type": "Point",
        "coordinates": [
          77.2118104,
          28.5248728
        ]
      },
      "id": "way/1202333640"
    },
    {
      "type": "Feature",
      "properties": {
        "@id": "way/1202333642",
        "amenity": "parking",
        "@geometry": "center",
        "flood_count_5yr": 0.0,
        "elevation_m": 230.0,
        "risk_category": "low",
        "risk_color": "#00FF00",
        "risk_label": "LOW",
        "data_source": "polygon",
        "assessment_criteria": {
          "flood_threshold_low": 2,
          "flood_threshold_moderate": 4,
          "elevation_threshold_high": 210,
          "elevation_threshold_low": 205
        },
        "assessed_date": "2026-02-13"
      },
      "geometry": {
        "type": "Point",
        "coordinates": [
          77.2108834,
          28.5243581
        ]
      },
      "id": "way/1202333642"
    },
    {
      "type": "Feature",
      "properties": {
        "@id": "way/1210865041",
        "amenity": "parking",
        "@geometry": "center",
        "flood_count_5yr": 0.0,
        "elevation_m": 220.0,
        "risk_category": "low",
        "risk_color": "#00FF00",
        "risk_label": "LOW",
        "data_source": "polygon",
        "assessment_criteria": {
          "flood_threshold_low": 2,
          "flood_threshold_moderate": 4,
          "elevation_threshold_high": 210,
          "elevation_threshold_low": 205
        },
        "assessed_date": "2026-02-13"
      },
      "geometry": {
        "type": "Point",
        "coordinates": [
          77.0931649,
          28.6606219
        ]
      },
      "id": "way/1210865041"
    },
    {
      "type": "Feature",
      "properties": {
        "@id": "way/1228708582",
        "amenity": "parking",
        "@geometry": "center",
        "flood_count_5yr": 0.0,
        "elevation_m": 214.0,
        "risk_category": "low",
        "risk_color": "#00FF00",
        "risk_label": "LOW",
        "data_source": "polygon",
        "assessment_criteria": {
          "flood_threshold_low": 2,
          "flood_threshold_moderate": 4,
          "elevation_threshold_high": 210,
          "elevation_threshold_low": 205
        },
        "assessed_date": "2026-02-13"
      },
      "geometry": {
        "type": "Point",
        "coordinates": [
          77.2329007,
          28.6252467
        ]
      },
      "id": "way/1228708582"
    },
    {
      "type": "Feature",
      "properties": {
        "@id": "way/1234918799",
        "access": "yes",
        "amenity": "parking",
        "parking": "street_side",
        "@geometry": "center",
        "flood_count_5yr": 0.0,
        "elevation_m": 221.0,
        "risk_category": "low",
        "risk_color": "#00FF00",
        "risk_label": "LOW",
        "data_source": "polygon",
        "assessment_criteria": {
          "flood_threshold_low": 2,
          "flood_threshold_moderate": 4,
          "elevation_threshold_high": 210,
          "elevation_threshold_low": 205
        },
        "assessed_date": "2026-02-13"
      },
      "geometry": {
        "type": "Point",
        "coordinates": [
          77.2163362,
          28.6323186
        ]
      },
      "id": "way/1234918799"
    },
    {
      "type": "Feature",
      "properties": {
        "@id": "way/1236278171",
        "amenity": "parking",
        "parking": "street_side",
        "@geometry": "center",
        "flood_count_5yr": 0.0,
        "elevation_m": 213.0,
        "risk_category": "low",
        "risk_color": "#00FF00",
        "risk_label": "LOW",
        "data_source": "polygon",
        "assessment_criteria": {
          "flood_threshold_low": 2,
          "flood_threshold_moderate": 4,
          "elevation_threshold_high": 210,
          "elevation_threshold_low": 205
        },
        "assessed_date": "2026-02-13"
      },
      "geometry": {
        "type": "Point",
        "coordinates": [
          77.22076,
          28.6341258
        ]
      },
      "id": "way/1236278171"
    },
    {
      "type": "Feature",
      "properties": {
        "@id": "way/1237304338",
        "amenity": "parking",
        "parking": "surface",
        "@geometry": "center",
        "flood_count_5yr": 0.0,
        "elevation_m": 214.0,
        "risk_category": "low",
        "risk_color": "#00FF00",
        "risk_label": "LOW",
        "data_source": "polygon",
        "assessment_criteria": {
          "flood_threshold_low": 2,
          "flood_threshold_moderate": 4,
          "elevation_threshold_high": 210,
          "elevation_threshold_low": 205
        },
        "assessed_date": "2026-02-13"
      },
      "geometry": {
        "type": "Point",
        "coordinates": [
          77.2211116,
          28.6327117
        ]
      },
      "id": "way/1237304338"
    },
    {
      "type": "Feature",
      "properties": {
        "@id": "way/1246891429",
        "amenity": "parking",
        "@geometry": "center",
        "flood_count_5yr": 0.0,
        "elevation_m": 215.0,
        "risk_category": "low",
        "risk_color": "#00FF00",
        "risk_label": "LOW",
        "data_source": "polygon",
        "assessment_criteria": {
          "flood_threshold_low": 2,
          "flood_threshold_moderate": 4,
          "elevation_threshold_high": 210,
          "elevation_threshold_low": 205
        },
        "assessed_date": "2026-02-13"
      },
      "geometry": {
        "type": "Point",
        "coordinates": [
          77.1539149,
          28.6937221
        ]
      },
      "id": "way/1246891429"
    },
    {
      "type": "Feature",
      "properties": {
        "@id": "way/1248027235",
        "access": "private",
        "amenity": "parking",
        "parking": "surface",
        "@geometry": "center",
        "flood_count_5yr": 0.0,
        "elevation_m": 218.0,
        "risk_category": "low",
        "risk_color": "#00FF00",
        "risk_label": "LOW",
        "data_source": "polygon",
        "assessment_criteria": {
          "flood_threshold_low": 2,
          "flood_threshold_moderate": 4,
          "elevation_threshold_high": 210,
          "elevation_threshold_low": 205
        },
        "assessed_date": "2026-02-13"
      },
      "geometry": {
        "type": "Point",
        "coordinates": [
          77.2358863,
          28.6111802
        ]
      },
      "id": "way/1248027235"
    },
    {
      "type": "Feature",
      "properties": {
        "@id": "way/1256903644",
        "amenity": "parking",
        "@geometry": "center",
        "flood_count_5yr": 0.0,
        "elevation_m": 212.0,
        "risk_category": "low",
        "risk_color": "#00FF00",
        "risk_label": "LOW",
        "data_source": "polygon",
        "assessment_criteria": {
          "flood_threshold_low": 2,
          "flood_threshold_moderate": 4,
          "elevation_threshold_high": 210,
          "elevation_threshold_low": 205
        },
        "assessed_date": "2026-02-13"
      },
      "geometry": {
        "type": "Point",
        "coordinates": [
          77.2437827,
          28.5944566
        ]
      },
      "id": "way/1256903644"
    },
    {
      "type": "Feature",
      "properties": {
        "@id": "way/1258245106",
        "amenity": "parking",
        "name": "Metro Station Parking",
        "@geometry": "center",
        "flood_count_5yr": 0.0,
        "elevation_m": 246.0,
        "risk_category": "low",
        "risk_color": "#00FF00",
        "risk_label": "LOW",
        "data_source": "polygon",
        "assessment_criteria": {
          "flood_threshold_low": 2,
          "flood_threshold_moderate": 4,
          "elevation_threshold_high": 210,
          "elevation_threshold_low": 205
        },
        "assessed_date": "2026-02-13"
      },
      "geometry": {
        "type": "Point",
        "coordinates": [
          77.2507835,
          28.5507845
        ]
      },
      "id": "way/1258245106"
    },
    {
      "type": "Feature",
      "properties": {
        "@id": "way/1258314197",
        "amenity": "parking",
        "operator": "parking lot",
        "@geometry": "center",
        "flood_count_5yr": 0.0,
        "elevation_m": 216.0,
        "risk_category": "low",
        "risk_color": "#00FF00",
        "risk_label": "LOW",
        "data_source": "polygon",
        "assessment_criteria": {
          "flood_threshold_low": 2,
          "flood_threshold_moderate": 4,
          "elevation_threshold_high": 210,
          "elevation_threshold_low": 205
        },
        "assessed_date": "2026-02-13"
      },
      "geometry": {
        "type": "Point",
        "coordinates": [
          77.2904468,
          28.4971251
        ]
      },
      "id": "way/1258314197"
    },
    {
      "type": "Feature",
      "properties": {
        "@id": "way/1258384837",
        "amenity": "parking",
        "@geometry": "center",
        "flood_count_5yr": 0.0,
        "elevation_m": 222.0,
        "risk_category": "low",
        "risk_color": "#00FF00",
        "risk_label": "LOW",
        "data_source": "polygon",
        "assessment_criteria": {
          "flood_threshold_low": 2,
          "flood_threshold_moderate": 4,
          "elevation_threshold_high": 210,
          "elevation_threshold_low": 205
        },
        "assessed_date": "2026-02-13"
      },
      "geometry": {
        "type": "Point",
        "coordinates": [
          77.0486302,
          28.6010758
        ]
      },
      "id": "way/1258384837"
    },
    {
      "type": "Feature",
      "properties": {
        "@id": "way/1258384994",
        "amenity": "parking",
        "@geometry": "center",
        "flood_count_5yr": 0.0,
        "elevation_m": 223.0,
        "risk_category": "low",
        "risk_color": "#00FF00",
        "risk_label": "LOW",
        "data_source": "polygon",
        "assessment_criteria": {
          "flood_threshold_low": 2,
          "flood_threshold_moderate": 4,
          "elevation_threshold_high": 210,
          "elevation_threshold_low": 205
        },
        "assessed_date": "2026-02-13"
      },
      "geometry": {
        "type": "Point",
        "coordinates": [
          77.048673,
          28.6006886
        ]
      },
      "id": "way/1258384994"
    },
    {
      "type": "Feature",
      "properties": {
        "@id": "way/1258385275",
        "amenity": "parking",
        "@geometry": "center",
        "flood_count_5yr": 0.0,
        "elevation_m": 221.0,
        "risk_category": "low",
        "risk_color": "#00FF00",
        "risk_label": "LOW",
        "data_source": "polygon",
        "assessment_criteria": {
          "flood_threshold_low": 2,
          "flood_threshold_moderate": 4,
          "elevation_threshold_high": 210,
          "elevation_threshold_low": 205
        },
        "assessed_date": "2026-02-13"
      },
      "geometry": {
        "type": "Point",
        "coordinates": [
          77.0482937,
          28.6000621
        ]
      },
      "id": "way/1258385275"
    },
    {
      "type": "Feature",
      "properties": {
        "@id": "way/1258386910",
        "amenity": "parking",
        "@geometry": "center",
        "flood_count_5yr": 0.0,
        "elevation_m": 221.0,
        "risk_category": "low",
        "risk_color": "#00FF00",
        "risk_label": "LOW",
        "data_source": "polygon",
        "assessment_criteria": {
          "flood_threshold_low": 2,
          "flood_threshold_moderate": 4,
          "elevation_threshold_high": 210,
          "elevation_threshold_low": 205
        },
        "assessed_date": "2026-02-13"
      },
      "geometry": {
        "type": "Point",
        "coordinates": [
          77.048207,
          28.6012844
        ]
      },
      "id": "way/1258386910"
    },
    {
      "type": "Feature",
      "properties": {
        "@id": "way/1264466280",
        "access": "private",
        "amenity": "parking",
        "fee": "no",
        "lit": "yes",
        "parking": "surface",
        "smoothness": "excellent",
        "surface": "concrete",
        "@geometry": "center",
        "flood_count_5yr": 0.0,
        "elevation_m": 223.0,
        "risk_category": "low",
        "risk_color": "#00FF00",
        "risk_label": "LOW",
        "data_source": "polygon",
        "assessment_criteria": {
          "flood_threshold_low": 2,
          "flood_threshold_moderate": 4,
          "elevation_threshold_high": 210,
          "elevation_threshold_low": 205
        },
        "assessed_date": "2026-02-13"
      },
      "geometry": {
        "type": "Point",
        "coordinates": [
          77.2106719,
          28.6849929
        ]
      },
      "id": "way/1264466280"
    },
    {
      "type": "Feature",
      "properties": {
        "@id": "way/1265084170",
        "access": "yes",
        "amenity": "parking",
        "fee": "no",
        "level": "0",
        "parking": "surface",
        "source": "Esri World Imagery",
        "@geometry": "center",
        "flood_count_5yr": 0.0,
        "elevation_m": 231.0,
        "risk_category": "low",
        "risk_color": "#00FF00",
        "risk_label": "LOW",
        "data_source": "polygon",
        "assessment_criteria": {
          "flood_threshold_low": 2,
          "flood_threshold_moderate": 4,
          "elevation_threshold_high": 210,
          "elevation_threshold_low": 205
        },
        "assessed_date": "2026-02-13"
      },
      "geometry": {
        "type": "Point",
        "coordinates": [
          77.1922141,
          28.6467234
        ]
      },
      "id": "way/1265084170"
    },
    {
      "type": "Feature",
      "properties": {
        "@id": "way/1265773838",
        "amenity": "parking",
        "parking": "surface",
        "@geometry": "center",
        "flood_count_5yr": 0.0,
        "elevation_m": 248.0,
        "risk_category": "low",
        "risk_color": "#00FF00",
        "risk_label": "LOW",
        "data_source": "polygon",
        "assessment_criteria": {
          "flood_threshold_low": 2,
          "flood_threshold_moderate": 4,
          "elevation_threshold_high": 210,
          "elevation_threshold_low": 205
        },
        "assessed_date": "2026-02-13"
      },
      "geometry": {
        "type": "Point",
        "coordinates": [
          77.2502315,
          28.5492498
        ]
      },
      "id": "way/1265773838"
    },
    {
      "type": "Feature",
      "properties": {
        "@id": "way/1265773839",
        "amenity": "parking",
        "level": "-1",
        "parking": "underground",
        "@geometry": "center",
        "flood_count_5yr": 0.0,
        "elevation_m": 244.0,
        "risk_category": "low",
        "risk_color": "#00FF00",
        "risk_label": "LOW",
        "data_source": "polygon",
        "assessment_criteria": {
          "flood_threshold_low": 2,
          "flood_threshold_moderate": 4,
          "elevation_threshold_high": 210,
          "elevation_threshold_low": 205
        },
        "assessed_date": "2026-02-13"
      },
      "geometry": {
        "type": "Point",
        "coordinates": [
          77.2512655,
          28.5479203
        ]
      },
      "id": "way/1265773839"
    },
    {
      "type": "Feature",
      "properties": {
        "@id": "way/1265773840",
        "amenity": "parking",
        "parking": "surface",
        "@geometry": "center",
        "flood_count_5yr": 0.0,
        "elevation_m": 236.0,
        "risk_category": "low",
        "risk_color": "#00FF00",
        "risk_label": "LOW",
        "data_source": "polygon",
        "assessment_criteria": {
          "flood_threshold_low": 2,
          "flood_threshold_moderate": 4,
          "elevation_threshold_high": 210,
          "elevation_threshold_low": 205
        },
        "assessed_date": "2026-02-13"
      },
      "geometry": {
        "type": "Point",
        "coordinates": [
          77.2503018,
          28.5476396
        ]
      },
      "id": "way/1265773840"
    },
    {
      "type": "Feature",
      "properties": {
        "@id": "way/1266062921",
        "access": "private",
        "amenity": "parking",
        "operator": "Hindu College",
        "parking": "surface",
        "@geometry": "center",
        "flood_count_5yr": 0.0,
        "elevation_m": 222.0,
        "risk_category": "low",
        "risk_color": "#00FF00",
        "risk_label": "LOW",
        "data_source": "polygon",
        "assessment_criteria": {
          "flood_threshold_low": 2,
          "flood_threshold_moderate": 4,
          "elevation_threshold_high": 210,
          "elevation_threshold_low": 205
        },
        "assessed_date": "2026-02-13"
      },
      "geometry": {
        "type": "Point",
        "coordinates": [
          77.2124338,
          28.6838957
        ]
      },
      "id": "way/1266062921"
    },
    {
      "type": "Feature",
      "properties": {
        "@id": "way/1266808273",
        "access": "private",
        "amenity": "parking",
        "@geometry": "center",
        "flood_count_5yr": 0.0,
        "elevation_m": 218.0,
        "risk_category": "low",
        "risk_color": "#00FF00",
        "risk_label": "LOW",
        "data_source": "polygon",
        "assessment_criteria": {
          "flood_threshold_low": 2,
          "flood_threshold_moderate": 4,
          "elevation_threshold_high": 210,
          "elevation_threshold_low": 205
        },
        "assessed_date": "2026-02-13"
      },
      "geometry": {
        "type": "Point",
        "coordinates": [
          77.0805366,
          28.5966492
        ]
      },
      "id": "way/1266808273"
    },
    {
      "type": "Feature",
      "properties": {
        "@id": "way/1270655678",
        "amenity": "parking",
        "barrier": "fence",
        "@geometry": "center",
        "flood_count_5yr": 0.0,
        "elevation_m": 212.0,
        "risk_category": "low",
        "risk_color": "#00FF00",
        "risk_label": "LOW",
        "data_source": "polygon",
        "assessment_criteria": {
          "flood_threshold_low": 2,
          "flood_threshold_moderate": 4,
          "elevation_threshold_high": 210,
          "elevation_threshold_low": 205
        },
        "assessed_date": "2026-02-13"
      },
      "geometry": {
        "type": "Point",
        "coordinates": [
          77.2399269,
          28.567057
        ]
      },
      "id": "way/1270655678"
    },
    {
      "type": "Feature",
      "properties": {
        "@id": "way/1271156409",
        "access": "private",
        "amenity": "parking",
        "parking": "surface",
        "@geometry": "center",
        "flood_count_5yr": 0.0,
        "elevation_m": 216.0,
        "risk_category": "low",
        "risk_color": "#00FF00",
        "risk_label": "LOW",
        "data_source": "polygon",
        "assessment_criteria": {
          "flood_threshold_low": 2,
          "flood_threshold_moderate": 4,
          "elevation_threshold_high": 210,
          "elevation_threshold_low": 205
        },
        "assessed_date": "2026-02-13"
      },
      "geometry": {
        "type": "Point",
        "coordinates": [
          77.2096641,
          28.620376
        ]
      },
      "id": "way/1271156409"
    },
    {
      "type": "Feature",
      "properties": {
        "@id": "way/1271166577",
        "access": "private",
        "amenity": "parking",
        "parking": "surface",
        "@geometry": "center",
        "flood_count_5yr": 0.0,
        "elevation_m": 230.0,
        "risk_category": "low",
        "risk_color": "#00FF00",
        "risk_label": "LOW",
        "data_source": "polygon",
        "assessment_criteria": {
          "flood_threshold_low": 2,
          "flood_threshold_moderate": 4,
          "elevation_threshold_high": 210,
          "elevation_threshold_low": 205
        },
        "assessed_date": "2026-02-13"
      },
      "geometry": {
        "type": "Point",
        "coordinates": [
          77.1865336,
          28.5915029
        ]
      },
      "id": "way/1271166577"
    },
    {
      "type": "Feature",
      "properties": {
        "@id": "way/1271166593",
        "access": "private",
        "amenity": "parking",
        "parking": "surface",
        "@geometry": "center",
        "flood_count_5yr": 0.0,
        "elevation_m": 224.0,
        "risk_category": "low",
        "risk_color": "#00FF00",
        "risk_label": "LOW",
        "data_source": "polygon",
        "assessment_criteria": {
          "flood_threshold_low": 2,
          "flood_threshold_moderate": 4,
          "elevation_threshold_high": 210,
          "elevation_threshold_low": 205
        },
        "assessed_date": "2026-02-13"
      },
      "geometry": {
        "type": "Point",
        "coordinates": [
          77.1954654,
          28.6021442
        ]
      },
      "id": "way/1271166593"
    },
    {
      "type": "Feature",
      "properties": {
        "@id": "way/1271640975",
        "amenity": "parking",
        "@geometry": "center",
        "flood_count_5yr": 0.0,
        "elevation_m": 230.0,
        "risk_category": "low",
        "risk_color": "#00FF00",
        "risk_label": "LOW",
        "data_source": "polygon",
        "assessment_criteria": {
          "flood_threshold_low": 2,
          "flood_threshold_moderate": 4,
          "elevation_threshold_high": 210,
          "elevation_threshold_low": 205
        },
        "assessed_date": "2026-02-13"
      },
      "geometry": {
        "type": "Point",
        "coordinates": [
          77.192179,
          28.5920536
        ]
      },
      "id": "way/1271640975"
    },
    {
      "type": "Feature",
      "properties": {
        "@id": "way/1271687008",
        "access": "private",
        "amenity": "parking",
        "parking": "surface",
        "@geometry": "center",
        "flood_count_5yr": 0.0,
        "elevation_m": 227.0,
        "risk_category": "low",
        "risk_color": "#00FF00",
        "risk_label": "LOW",
        "data_source": "polygon",
        "assessment_criteria": {
          "flood_threshold_low": 2,
          "flood_threshold_moderate": 4,
          "elevation_threshold_high": 210,
          "elevation_threshold_low": 205
        },
        "assessed_date": "2026-02-13"
      },
      "geometry": {
        "type": "Point",
        "coordinates": [
          77.1352299,
          28.5969166
        ]
      },
      "id": "way/1271687008"
    },
    {
      "type": "Feature",
      "properties": {
        "@id": "way/1271687009",
        "access": "yes",
        "amenity": "parking",
        "capacity:disabled": "0",
        "capacity:women": "0",
        "fee": "no",
        "lit": "yes",
        "maxstay": "no",
        "parking": "surface",
        "surface": "concrete",
        "@geometry": "center",
        "flood_count_5yr": 0.0,
        "elevation_m": 229.0,
        "risk_category": "low",
        "risk_color": "#00FF00",
        "risk_label": "LOW",
        "data_source": "polygon",
        "assessment_criteria": {
          "flood_threshold_low": 2,
          "flood_threshold_moderate": 4,
          "elevation_threshold_high": 210,
          "elevation_threshold_low": 205
        },
        "assessed_date": "2026-02-13"
      },
      "geometry": {
        "type": "Point",
        "coordinates": [
          77.123144,
          28.596426
        ]
      },
      "id": "way/1271687009"
    },
    {
      "type": "Feature",
      "properties": {
        "@id": "way/1273171330",
        "amenity": "parking",
        "parking": "surface",
        "@geometry": "center",
        "flood_count_5yr": 0.0,
        "elevation_m": 241.0,
        "risk_category": "low",
        "risk_color": "#00FF00",
        "risk_label": "LOW",
        "data_source": "polygon",
        "assessment_criteria": {
          "flood_threshold_low": 2,
          "flood_threshold_moderate": 4,
          "elevation_threshold_high": 210,
          "elevation_threshold_low": 205
        },
        "assessed_date": "2026-02-13"
      },
      "geometry": {
        "type": "Point",
        "coordinates": [
          77.1224498,
          28.54836
        ]
      },
      "id": "way/1273171330"
    },
    {
      "type": "Feature",
      "properties": {
        "@id": "way/1274009117",
        "access": "permissive",
        "amenity": "parking",
        "parking": "sheds",
        "@geometry": "center",
        "flood_count_5yr": 0.0,
        "elevation_m": 227.0,
        "risk_category": "low",
        "risk_color": "#00FF00",
        "risk_label": "LOW",
        "data_source": "polygon",
        "assessment_criteria": {
          "flood_threshold_low": 2,
          "flood_threshold_moderate": 4,
          "elevation_threshold_high": 210,
          "elevation_threshold_low": 205
        },
        "assessed_date": "2026-02-13"
      },
      "geometry": {
        "type": "Point",
        "coordinates": [
          77.1182501,
          28.5906394
        ]
      },
      "id": "way/1274009117"
    },
    {
      "type": "Feature",
      "properties": {
        "@id": "way/1274009125",
        "access": "permissive",
        "amenity": "parking",
        "parking": "surface",
        "@geometry": "center",
        "flood_count_5yr": 0.0,
        "elevation_m": 230.0,
        "risk_category": "low",
        "risk_color": "#00FF00",
        "risk_label": "LOW",
        "data_source": "polygon",
        "assessment_criteria": {
          "flood_threshold_low": 2,
          "flood_threshold_moderate": 4,
          "elevation_threshold_high": 210,
          "elevation_threshold_low": 205
        },
        "assessed_date": "2026-02-13"
      },
      "geometry": {
        "type": "Point",
        "coordinates": [
          77.1191104,
          28.591128
        ]
      },
      "id": "way/1274009125"
    },
    {
      "type": "Feature",
      "properties": {
        "@id": "way/1274009126",
        "access": "permissive",
        "amenity": "parking",
        "parking": "sheds",
        "@geometry": "center",
        "flood_count_5yr": 0.0,
        "elevation_m": 227.0,
        "risk_category": "low",
        "risk_color": "#00FF00",
        "risk_label": "LOW",
        "data_source": "polygon",
        "assessment_criteria": {
          "flood_threshold_low": 2,
          "flood_threshold_moderate": 4,
          "elevation_threshold_high": 210,
          "elevation_threshold_low": 205
        },
        "assessed_date": "2026-02-13"
      },
      "geometry": {
        "type": "Point",
        "coordinates": [
          77.1183783,
          28.5907417
        ]
      },
      "id": "way/1274009126"
    },
    {
      "type": "Feature",
      "properties": {
        "@id": "way/1274009129",
        "access": "permissive",
        "amenity": "parking",
        "parking": "sheds",
        "@geometry": "center",
        "flood_count_5yr": 0.0,
        "elevation_m": 227.0,
        "risk_category": "low",
        "risk_color": "#00FF00",
        "risk_label": "LOW",
        "data_source": "polygon",
        "assessment_criteria": {
          "flood_threshold_low": 2,
          "flood_threshold_moderate": 4,
          "elevation_threshold_high": 210,
          "elevation_threshold_low": 205
        },
        "assessed_date": "2026-02-13"
      },
      "geometry": {
        "type": "Point",
        "coordinates": [
          77.118453,
          28.590702
        ]
      },
      "id": "way/1274009129"
    },
    {
      "type": "Feature",
      "properties": {
        "@id": "way/1274561917",
        "access": "yes",
        "amenity": "parking",
        "capacity:disabled": "0",
        "fee": "no",
        "parking": "surface",
        "surface": "concrete",
        "@geometry": "center",
        "flood_count_5yr": 0.0,
        "elevation_m": 223.0,
        "risk_category": "low",
        "risk_color": "#00FF00",
        "risk_label": "LOW",
        "data_source": "polygon",
        "assessment_criteria": {
          "flood_threshold_low": 2,
          "flood_threshold_moderate": 4,
          "elevation_threshold_high": 210,
          "elevation_threshold_low": 205
        },
        "assessed_date": "2026-02-13"
      },
      "geometry": {
        "type": "Point",
        "coordinates": [
          77.1217365,
          28.5952717
        ]
      },
      "id": "way/1274561917"
    },
    {
      "type": "Feature",
      "properties": {
        "@id": "way/1274756250",
        "access": "yes",
        "amenity": "parking",
        "fee": "no",
        "parking": "surface",
        "surface": "concrete",
        "@geometry": "center",
        "flood_count_5yr": 0.0,
        "elevation_m": 225.0,
        "risk_category": "low",
        "risk_color": "#00FF00",
        "risk_label": "LOW",
        "data_source": "polygon",
        "assessment_criteria": {
          "flood_threshold_low": 2,
          "flood_threshold_moderate": 4,
          "elevation_threshold_high": 210,
          "elevation_threshold_low": 205
        },
        "assessed_date": "2026-02-13"
      },
      "geometry": {
        "type": "Point",
        "coordinates": [
          77.1218789,
          28.5955506
        ]
      },
      "id": "way/1274756250"
    },
    {
      "type": "Feature",
      "properties": {
        "@id": "way/1274772750",
        "access": "yes",
        "amenity": "parking",
        "fee": "no",
        "parking": "surface",
        "@geometry": "center",
        "flood_count_5yr": 0.0,
        "elevation_m": 229.0,
        "risk_category": "low",
        "risk_color": "#00FF00",
        "risk_label": "LOW",
        "data_source": "polygon",
        "assessment_criteria": {
          "flood_threshold_low": 2,
          "flood_threshold_moderate": 4,
          "elevation_threshold_high": 210,
          "elevation_threshold_low": 205
        },
        "assessed_date": "2026-02-13"
      },
      "geometry": {
        "type": "Point",
        "coordinates": [
          77.1221099,
          28.5943669
        ]
      },
      "id": "way/1274772750"
    },
    {
      "type": "Feature",
      "properties": {
        "@id": "way/1275484011",
        "access": "yes",
        "amenity": "parking",
        "parking": "surface",
        "@geometry": "center",
        "flood_count_5yr": 0.0,
        "elevation_m": 251.0,
        "risk_category": "low",
        "risk_color": "#00FF00",
        "risk_label": "LOW",
        "data_source": "polygon",
        "assessment_criteria": {
          "flood_threshold_low": 2,
          "flood_threshold_moderate": 4,
          "elevation_threshold_high": 210,
          "elevation_threshold_low": 205
        },
        "assessed_date": "2026-02-13"
      },
      "geometry": {
        "type": "Point",
        "coordinates": [
          77.1642499,
          28.5912661
        ]
      },
      "id": "way/1275484011"
    },
    {
      "type": "Feature",
      "properties": {
        "@id": "way/1275732293",
        "access": "yes",
        "amenity": "parking",
        "parking": "surface",
        "surface": "concrete",
        "@geometry": "center",
        "flood_count_5yr": 0.0,
        "elevation_m": 228.0,
        "risk_category": "low",
        "risk_color": "#00FF00",
        "risk_label": "LOW",
        "data_source": "polygon",
        "assessment_criteria": {
          "flood_threshold_low": 2,
          "flood_threshold_moderate": 4,
          "elevation_threshold_high": 210,
          "elevation_threshold_low": 205
        },
        "assessed_date": "2026-02-13"
      },
      "geometry": {
        "type": "Point",
        "coordinates": [
          77.1226374,
          28.5954361
        ]
      },
      "id": "way/1275732293"
    },
    {
      "type": "Feature",
      "properties": {
        "@id": "way/1275943918",
        "access": "customers",
        "amenity": "parking",
        "covered": "no",
        "fee": "no",
        "parking": "surface",
        "surface": "concrete",
        "@geometry": "center",
        "flood_count_5yr": 0.0,
        "elevation_m": 224.0,
        "risk_category": "low",
        "risk_color": "#00FF00",
        "risk_label": "LOW",
        "data_source": "polygon",
        "assessment_criteria": {
          "flood_threshold_low": 2,
          "flood_threshold_moderate": 4,
          "elevation_threshold_high": 210,
          "elevation_threshold_low": 205
        },
        "assessed_date": "2026-02-13"
      },
      "geometry": {
        "type": "Point",
        "coordinates": [
          77.1250718,
          28.5991317
        ]
      },
      "id": "way/1275943918"
    },
    {
      "type": "Feature",
      "properties": {
        "@id": "way/1275943921",
        "access": "customers",
        "amenity": "parking",
        "covered": "no",
        "fee": "no",
        "parking": "surface",
        "surface": "concrete",
        "@geometry": "center",
        "flood_count_5yr": 0.0,
        "elevation_m": 225.0,
        "risk_category": "low",
        "risk_color": "#00FF00",
        "risk_label": "LOW",
        "data_source": "polygon",
        "assessment_criteria": {
          "flood_threshold_low": 2,
          "flood_threshold_moderate": 4,
          "elevation_threshold_high": 210,
          "elevation_threshold_low": 205
        },
        "assessed_date": "2026-02-13"
      },
      "geometry": {
        "type": "Point",
        "coordinates": [
          77.1253904,
          28.5990162
        ]
      },
      "id": "way/1275943921"
    },
    {
      "type": "Feature",
      "properties": {
        "@id": "way/1277824693",
        "access": "yes",
        "amenity": "parking",
        "capacity:disabled": "yes",
        "fee": "no",
        "lit": "yes",
        "parking": "surface",
        "surface": "concrete",
        "@geometry": "center",
        "flood_count_5yr": 0.0,
        "elevation_m": 225.0,
        "risk_category": "low",
        "risk_color": "#00FF00",
        "risk_label": "LOW",
        "data_source": "polygon",
        "assessment_criteria": {
          "flood_threshold_low": 2,
          "flood_threshold_moderate": 4,
          "elevation_threshold_high": 210,
          "elevation_threshold_low": 205
        },
        "assessed_date": "2026-02-13"
      },
      "geometry": {
        "type": "Point",
        "coordinates": [
          77.120747,
          28.5918069
        ]
      },
      "id": "way/1277824693"
    },
    {
      "type": "Feature",
      "properties": {
        "@id": "way/1277996868",
        "access": "private",
        "amenity": "parking",
        "fee": "no",
        "lit": "yes",
        "parking": "surface",
        "surface": "concrete",
        "@geometry": "center",
        "flood_count_5yr": 0.0,
        "elevation_m": 230.0,
        "risk_category": "low",
        "risk_color": "#00FF00",
        "risk_label": "LOW",
        "data_source": "polygon",
        "assessment_criteria": {
          "flood_threshold_low": 2,
          "flood_threshold_moderate": 4,
          "elevation_threshold_high": 210,
          "elevation_threshold_low": 205
        },
        "assessed_date": "2026-02-13"
      },
      "geometry": {
        "type": "Point",
        "coordinates": [
          77.1202146,
          28.5909063
        ]
      },
      "id": "way/1277996868"
    },
    {
      "type": "Feature",
      "properties": {
        "@id": "way/1278175495",
        "access": "yes",
        "amenity": "parking",
        "capacity:disabled": "2",
        "fee": "no",
        "lit": "no",
        "maxstay": "no",
        "parking": "surface",
        "supervised": "no",
        "surface": "concrete",
        "@geometry": "center",
        "flood_count_5yr": 0.0,
        "elevation_m": 224.0,
        "risk_category": "low",
        "risk_color": "#00FF00",
        "risk_label": "LOW",
        "data_source": "polygon",
        "assessment_criteria": {
          "flood_threshold_low": 2,
          "flood_threshold_moderate": 4,
          "elevation_threshold_high": 210,
          "elevation_threshold_low": 205
        },
        "assessed_date": "2026-02-13"
      },
      "geometry": {
        "type": "Point",
        "coordinates": [
          77.1213294,
          28.592367
        ]
      },
      "id": "way/1278175495"
    },
    {
      "type": "Feature",
      "properties": {
        "@id": "way/1278478601",
        "access": "yes",
        "amenity": "parking",
        "fee": "no",
        "parking": "surface",
        "@geometry": "center",
        "flood_count_5yr": 0.0,
        "elevation_m": 214.0,
        "risk_category": "low",
        "risk_color": "#00FF00",
        "risk_label": "LOW",
        "data_source": "polygon",
        "assessment_criteria": {
          "flood_threshold_low": 2,
          "flood_threshold_moderate": 4,
          "elevation_threshold_high": 210,
          "elevation_threshold_low": 205
        },
        "assessed_date": "2026-02-13"
      },
      "geometry": {
        "type": "Point",
        "coordinates": [
          77.2227815,
          28.6308108
        ]
      },
      "id": "way/1278478601"
    },
    {
      "type": "Feature",
      "properties": {
        "@id": "way/1278487989",
        "access": "yes",
        "amenity": "parking",
        "capacity:disabled": "yes",
        "fee": "no",
        "parking": "surface",
        "surface": "concrete",
        "@geometry": "center",
        "flood_count_5yr": 0.0,
        "elevation_m": 221.0,
        "risk_category": "low",
        "risk_color": "#00FF00",
        "risk_label": "LOW",
        "data_source": "polygon",
        "assessment_criteria": {
          "flood_threshold_low": 2,
          "flood_threshold_moderate": 4,
          "elevation_threshold_high": 210,
          "elevation_threshold_low": 205
        },
        "assessed_date": "2026-02-13"
      },
      "geometry": {
        "type": "Point",
        "coordinates": [
          77.2259224,
          28.6290126
        ]
      },
      "id": "way/1278487989"
    },
    {
      "type": "Feature",
      "properties": {
        "@id": "way/1278970630",
        "access": "yes",
        "amenity": "parking",
        "fee": "no",
        "lit": "yes",
        "parking": "surface",
        "surface": "concrete",
        "@geometry": "center",
        "flood_count_5yr": 0.0,
        "elevation_m": 233.0,
        "risk_category": "low",
        "risk_color": "#00FF00",
        "risk_label": "LOW",
        "data_source": "polygon",
        "assessment_criteria": {
          "flood_threshold_low": 2,
          "flood_threshold_moderate": 4,
          "elevation_threshold_high": 210,
          "elevation_threshold_low": 205
        },
        "assessed_date": "2026-02-13"
      },
      "geometry": {
        "type": "Point",
        "coordinates": [
          77.140183,
          28.5967173
        ]
      },
      "id": "way/1278970630"
    },
    {
      "type": "Feature",
      "properties": {
        "@id": "way/1278970662",
        "access": "yes",
        "amenity": "parking",
        "fee": "no",
        "lit": "yes",
        "parking": "surface",
        "surface": "concrete",
        "@geometry": "center",
        "flood_count_5yr": 0.0,
        "elevation_m": 231.0,
        "risk_category": "low",
        "risk_color": "#00FF00",
        "risk_label": "LOW",
        "data_source": "polygon",
        "assessment_criteria": {
          "flood_threshold_low": 2,
          "flood_threshold_moderate": 4,
          "elevation_threshold_high": 210,
          "elevation_threshold_low": 205
        },
        "assessed_date": "2026-02-13"
      },
      "geometry": {
        "type": "Point",
        "coordinates": [
          77.1410525,
          28.5967147
        ]
      },
      "id": "way/1278970662"
    },
    {
      "type": "Feature",
      "properties": {
        "@id": "way/1279024991",
        "access": "yes",
        "amenity": "parking",
        "fee": "no",
        "lit": "yes",
        "parking": "surface",
        "surface": "concrete",
        "@geometry": "center",
        "flood_count_5yr": 0.0,
        "elevation_m": 224.0,
        "risk_category": "low",
        "risk_color": "#00FF00",
        "risk_label": "LOW",
        "data_source": "polygon",
        "assessment_criteria": {
          "flood_threshold_low": 2,
          "flood_threshold_moderate": 4,
          "elevation_threshold_high": 210,
          "elevation_threshold_low": 205
        },
        "assessed_date": "2026-02-13"
      },
      "geometry": {
        "type": "Point",
        "coordinates": [
          77.1226619,
          28.5950832
        ]
      },
      "id": "way/1279024991"
    },
    {
      "type": "Feature",
      "properties": {
        "@id": "way/1279270085",
        "access": "yes",
        "amenity": "parking",
        "fee": "no",
        "parking": "surface",
        "surface": "concrete",
        "@geometry": "center",
        "flood_count_5yr": 0.0,
        "elevation_m": 226.0,
        "risk_category": "low",
        "risk_color": "#00FF00",
        "risk_label": "LOW",
        "data_source": "polygon",
        "assessment_criteria": {
          "flood_threshold_low": 2,
          "flood_threshold_moderate": 4,
          "elevation_threshold_high": 210,
          "elevation_threshold_low": 205
        },
        "assessed_date": "2026-02-13"
      },
      "geometry": {
        "type": "Point",
        "coordinates": [
          77.1953374,
          28.6221428
        ]
      },
      "id": "way/1279270085"
    },
    {
      "type": "Feature",
      "properties": {
        "@id": "way/1279270086",
        "access": "yes",
        "amenity": "parking",
        "fee": "no",
        "parking": "surface",
        "surface": "concrete",
        "@geometry": "center",
        "flood_count_5yr": 0.0,
        "elevation_m": 231.0,
        "risk_category": "low",
        "risk_color": "#00FF00",
        "risk_label": "LOW",
        "data_source": "polygon",
        "assessment_criteria": {
          "flood_threshold_low": 2,
          "flood_threshold_moderate": 4,
          "elevation_threshold_high": 210,
          "elevation_threshold_low": 205
        },
        "assessed_date": "2026-02-13"
      },
      "geometry": {
        "type": "Point",
        "coordinates": [
          77.1948177,
          28.6218855
        ]
      },
      "id": "way/1279270086"
    },
    {
      "type": "Feature",
      "properties": {
        "@id": "way/1279292514",
        "access": "yes",
        "amenity": "parking",
        "fee": "no",
        "lit": "yes",
        "parking": "surface",
        "surface": "concrete",
        "@geometry": "center",
        "flood_count_5yr": 0.0,
        "elevation_m": 228.0,
        "risk_category": "low",
        "risk_color": "#00FF00",
        "risk_label": "LOW",
        "data_source": "polygon",
        "assessment_criteria": {
          "flood_threshold_low": 2,
          "flood_threshold_moderate": 4,
          "elevation_threshold_high": 210,
          "elevation_threshold_low": 205
        },
        "assessed_date": "2026-02-13"
      },
      "geometry": {
        "type": "Point",
        "coordinates": [
          77.1229407,
          28.5956373
        ]
      },
      "id": "way/1279292514"
    },
    {
      "type": "Feature",
      "properties": {
        "@id": "way/1280431057",
        "access": "yes",
        "amenity": "parking",
        "fee": "no",
        "parking": "surface",
        "surface": "concrete",
        "@geometry": "center",
        "flood_count_5yr": 0.0,
        "elevation_m": 226.0,
        "risk_category": "low",
        "risk_color": "#00FF00",
        "risk_label": "LOW",
        "data_source": "polygon",
        "assessment_criteria": {
          "flood_threshold_low": 2,
          "flood_threshold_moderate": 4,
          "elevation_threshold_high": 210,
          "elevation_threshold_low": 205
        },
        "assessed_date": "2026-02-13"
      },
      "geometry": {
        "type": "Point",
        "coordinates": [
          77.1181732,
          28.5830587
        ]
      },
      "id": "way/1280431057"
    },
    {
      "type": "Feature",
      "properties": {
        "@id": "way/1280562697",
        "access": "yes",
        "amenity": "parking",
        "fee": "no",
        "lit": "yes",
        "parking": "surface",
        "surface": "concrete",
        "@geometry": "center",
        "flood_count_5yr": 0.0,
        "elevation_m": 229.0,
        "risk_category": "low",
        "risk_color": "#00FF00",
        "risk_label": "LOW",
        "data_source": "polygon",
        "assessment_criteria": {
          "flood_threshold_low": 2,
          "flood_threshold_moderate": 4,
          "elevation_threshold_high": 210,
          "elevation_threshold_low": 205
        },
        "assessed_date": "2026-02-13"
      },
      "geometry": {
        "type": "Point",
        "coordinates": [
          77.1220881,
          28.5938507
        ]
      },
      "id": "way/1280562697"
    },
    {
      "type": "Feature",
      "properties": {
        "@id": "way/1280940867",
        "amenity": "parking",
        "@geometry": "center",
        "flood_count_5yr": 0.0,
        "elevation_m": 223.0,
        "risk_category": "low",
        "risk_color": "#00FF00",
        "risk_label": "LOW",
        "data_source": "polygon",
        "assessment_criteria": {
          "flood_threshold_low": 2,
          "flood_threshold_moderate": 4,
          "elevation_threshold_high": 210,
          "elevation_threshold_low": 205
        },
        "assessed_date": "2026-02-13"
      },
      "geometry": {
        "type": "Point",
        "coordinates": [
          77.2338754,
          28.5476871
        ]
      },
      "id": "way/1280940867"
    },
    {
      "type": "Feature",
      "properties": {
        "@id": "way/1281088049",
        "access": "yes",
        "amenity": "parking",
        "fee": "no",
        "parking": "surface",
        "surface": "concrete",
        "@geometry": "center",
        "flood_count_5yr": 0.0,
        "elevation_m": 227.0,
        "risk_category": "low",
        "risk_color": "#00FF00",
        "risk_label": "LOW",
        "data_source": "polygon",
        "assessment_criteria": {
          "flood_threshold_low": 2,
          "flood_threshold_moderate": 4,
          "elevation_threshold_high": 210,
          "elevation_threshold_low": 205
        },
        "assessed_date": "2026-02-13"
      },
      "geometry": {
        "type": "Point",
        "coordinates": [
          77.1217284,
          28.593601
        ]
      },
      "id": "way/1281088049"
    },
    {
      "type": "Feature",
      "properties": {
        "@id": "way/1281442186",
        "access": "yes",
        "amenity": "parking",
        "fee": "no",
        "lit": "yes",
        "parking": "surface",
        "surface": "concrete",
        "@geometry": "center",
        "flood_count_5yr": 0.0,
        "elevation_m": 226.0,
        "risk_category": "low",
        "risk_color": "#00FF00",
        "risk_label": "LOW",
        "data_source": "polygon",
        "assessment_criteria": {
          "flood_threshold_low": 2,
          "flood_threshold_moderate": 4,
          "elevation_threshold_high": 210,
          "elevation_threshold_low": 205
        },
        "assessed_date": "2026-02-13"
      },
      "geometry": {
        "type": "Point",
        "coordinates": [
          77.1213466,
          28.5929379
        ]
      },
      "id": "way/1281442186"
    },
    {
      "type": "Feature",
      "properties": {
        "@id": "way/1281442198",
        "access": "yes",
        "amenity": "parking",
        "fee": "no",
        "lit": "yes",
        "parking": "surface",
        "surface": "concrete",
        "@geometry": "center",
        "flood_count_5yr": 0.0,
        "elevation_m": 225.0,
        "risk_category": "low",
        "risk_color": "#00FF00",
        "risk_label": "LOW",
        "data_source": "polygon",
        "assessment_criteria": {
          "flood_threshold_low": 2,
          "flood_threshold_moderate": 4,
          "elevation_threshold_high": 210,
          "elevation_threshold_low": 205
        },
        "assessed_date": "2026-02-13"
      },
      "geometry": {
        "type": "Point",
        "coordinates": [
          77.1211387,
          28.5925248
        ]
      },
      "id": "way/1281442198"
    },
    {
      "type": "Feature",
      "properties": {
        "@id": "way/1281955532",
        "access": "yes",
        "amenity": "parking",
        "capacity:disabled": "yes",
        "fee": "no",
        "parking": "surface",
        "surface": "paving_stones",
        "@geometry": "center",
        "flood_count_5yr": 0.0,
        "elevation_m": 230.0,
        "risk_category": "low",
        "risk_color": "#00FF00",
        "risk_label": "LOW",
        "data_source": "polygon",
        "assessment_criteria": {
          "flood_threshold_low": 2,
          "flood_threshold_moderate": 4,
          "elevation_threshold_high": 210,
          "elevation_threshold_low": 205
        },
        "assessed_date": "2026-02-13"
      },
      "geometry": {
        "type": "Point",
        "coordinates": [
          77.1332802,
          28.5964971
        ]
      },
      "id": "way/1281955532"
    },
    {
      "type": "Feature",
      "properties": {
        "@id": "way/1281955544",
        "access": "yes",
        "amenity": "parking",
        "capacity:disabled": "yes",
        "fee": "no",
        "parking": "surface",
        "surface": "paving_stones",
        "@geometry": "center",
        "flood_count_5yr": 0.0,
        "elevation_m": 228.0,
        "risk_category": "low",
        "risk_color": "#00FF00",
        "risk_label": "LOW",
        "data_source": "polygon",
        "assessment_criteria": {
          "flood_threshold_low": 2,
          "flood_threshold_moderate": 4,
          "elevation_threshold_high": 210,
          "elevation_threshold_low": 205
        },
        "assessed_date": "2026-02-13"
      },
      "geometry": {
        "type": "Point",
        "coordinates": [
          77.1342281,
          28.5964916
        ]
      },
      "id": "way/1281955544"
    },
    {
      "type": "Feature",
      "properties": {
        "@id": "way/1282019807",
        "amenity": "parking",
        "@geometry": "center",
        "flood_count_5yr": 0.0,
        "elevation_m": 211.0,
        "risk_category": "low",
        "risk_color": "#00FF00",
        "risk_label": "LOW",
        "data_source": "polygon",
        "assessment_criteria": {
          "flood_threshold_low": 2,
          "flood_threshold_moderate": 4,
          "elevation_threshold_high": 210,
          "elevation_threshold_low": 205
        },
        "assessed_date": "2026-02-13"
      },
      "geometry": {
        "type": "Point",
        "coordinates": [
          77.2128795,
          28.6125324
        ]
      },
      "id": "way/1282019807"
    },
    {
      "type": "Feature",
      "properties": {
        "@id": "way/1282168777",
        "access": "yes",
        "amenity": "parking",
        "fee": "no",
        "lit": "yes",
        "parking": "surface",
        "smoothness": "excellent",
        "supervised": "yes",
        "surface": "concrete",
        "@geometry": "center",
        "flood_count_5yr": 0.0,
        "elevation_m": 226.0,
        "risk_category": "low",
        "risk_color": "#00FF00",
        "risk_label": "LOW",
        "data_source": "polygon",
        "assessment_criteria": {
          "flood_threshold_low": 2,
          "flood_threshold_moderate": 4,
          "elevation_threshold_high": 210,
          "elevation_threshold_low": 205
        },
        "assessed_date": "2026-02-13"
      },
      "geometry": {
        "type": "Point",
        "coordinates": [
          77.1335634,
          28.600333
        ]
      },
      "id": "way/1282168777"
    },
    {
      "type": "Feature",
      "properties": {
        "@id": "way/1286191649",
        "access": "private",
        "amenity": "parking",
        "fee": "no",
        "parking": "surface",
        "@geometry": "center",
        "flood_count_5yr": 0.0,
        "elevation_m": 229.0,
        "risk_category": "low",
        "risk_color": "#00FF00",
        "risk_label": "LOW",
        "data_source": "polygon",
        "assessment_criteria": {
          "flood_threshold_low": 2,
          "flood_threshold_moderate": 4,
          "elevation_threshold_high": 210,
          "elevation_threshold_low": 205
        },
        "assessed_date": "2026-02-13"
      },
      "geometry": {
        "type": "Point",
        "coordinates": [
          77.131511,
          28.6076439
        ]
      },
      "id": "way/1286191649"
    },
    {
      "type": "Feature",
      "properties": {
        "@id": "way/1286191659",
        "access": "private",
        "amenity": "parking",
        "fee": "no",
        "parking": "surface",
        "smoothness": "excellent",
        "surface": "asphalt",
        "@geometry": "center",
        "flood_count_5yr": 0.0,
        "elevation_m": 230.0,
        "risk_category": "low",
        "risk_color": "#00FF00",
        "risk_label": "LOW",
        "data_source": "polygon",
        "assessment_criteria": {
          "flood_threshold_low": 2,
          "flood_threshold_moderate": 4,
          "elevation_threshold_high": 210,
          "elevation_threshold_low": 205
        },
        "assessed_date": "2026-02-13"
      },
      "geometry": {
        "type": "Point",
        "coordinates": [
          77.1312883,
          28.6076356
        ]
      },
      "id": "way/1286191659"
    },
    {
      "type": "Feature",
      "properties": {
        "@id": "way/1286191662",
        "access": "private",
        "amenity": "parking",
        "fee": "no",
        "lit": "yes",
        "parking": "surface",
        "smoothness": "excellent",
        "surface": "paving_stones",
        "@geometry": "center",
        "flood_count_5yr": 0.0,
        "elevation_m": 226.0,
        "risk_category": "low",
        "risk_color": "#00FF00",
        "risk_label": "LOW",
        "data_source": "polygon",
        "assessment_criteria": {
          "flood_threshold_low": 2,
          "flood_threshold_moderate": 4,
          "elevation_threshold_high": 210,
          "elevation_threshold_low": 205
        },
        "assessed_date": "2026-02-13"
      },
      "geometry": {
        "type": "Point",
        "coordinates": [
          77.1286923,
          28.6062787
        ]
      },
      "id": "way/1286191662"
    },
    {
      "type": "Feature",
      "properties": {
        "@id": "way/1286191676",
        "access": "private",
        "amenity": "parking",
        "fee": "no",
        "parking": "sheds",
        "smoothness": "excellent",
        "surface": "asphalt",
        "@geometry": "center",
        "flood_count_5yr": 0.0,
        "elevation_m": 230.0,
        "risk_category": "low",
        "risk_color": "#00FF00",
        "risk_label": "LOW",
        "data_source": "polygon",
        "assessment_criteria": {
          "flood_threshold_low": 2,
          "flood_threshold_moderate": 4,
          "elevation_threshold_high": 210,
          "elevation_threshold_low": 205
        },
        "assessed_date": "2026-02-13"
      },
      "geometry": {
        "type": "Point",
        "coordinates": [
          77.1311114,
          28.6077005
        ]
      },
      "id": "way/1286191676"
    },
    {
      "type": "Feature",
      "properties": {
        "@id": "way/1286191678",
        "access": "private",
        "amenity": "parking",
        "fee": "no",
        "lit": "yes",
        "parking": "surface",
        "smoothness": "excellent",
        "surface": "paving_stones",
        "@geometry": "center",
        "flood_count_5yr": 0.0,
        "elevation_m": 227.0,
        "risk_category": "low",
        "risk_color": "#00FF00",
        "risk_label": "LOW",
        "data_source": "polygon",
        "assessment_criteria": {
          "flood_threshold_low": 2,
          "flood_threshold_moderate": 4,
          "elevation_threshold_high": 210,
          "elevation_threshold_low": 205
        },
        "assessed_date": "2026-02-13"
      },
      "geometry": {
        "type": "Point",
        "coordinates": [
          77.1301492,
          28.6068987
        ]
      },
      "id": "way/1286191678"
    },
    {
      "type": "Feature",
      "properties": {
        "@id": "way/1286332782",
        "access": "yes",
        "amenity": "parking",
        "capacity:disabled": "yes",
        "capacity:parent": "no",
        "capacity:women": "no",
        "fee": "no",
        "lit": "yes",
        "parking": "surface",
        "smoothness": "excellent",
        "surface": "concrete",
        "@geometry": "center",
        "flood_count_5yr": 0.0,
        "elevation_m": 226.0,
        "risk_category": "low",
        "risk_color": "#00FF00",
        "risk_label": "LOW",
        "data_source": "polygon",
        "assessment_criteria": {
          "flood_threshold_low": 2,
          "flood_threshold_moderate": 4,
          "elevation_threshold_high": 210,
          "elevation_threshold_low": 205
        },
        "assessed_date": "2026-02-13"
      },
      "geometry": {
        "type": "Point",
        "coordinates": [
          77.1245537,
          28.5987141
        ]
      },
      "id": "way/1286332782"
    },
    {
      "type": "Feature",
      "properties": {
        "@id": "way/1286489017",
        "access": "yes",
        "amenity": "parking",
        "capacity:disabled": "yes",
        "capacity:parent": "no",
        "capacity:women": "no",
        "fee": "no",
        "lit": "yes",
        "parking": "surface",
        "smoothness": "excellent",
        "surface": "concrete",
        "@geometry": "center",
        "flood_count_5yr": 0.0,
        "elevation_m": 228.0,
        "risk_category": "low",
        "risk_color": "#00FF00",
        "risk_label": "LOW",
        "data_source": "polygon",
        "assessment_criteria": {
          "flood_threshold_low": 2,
          "flood_threshold_moderate": 4,
          "elevation_threshold_high": 210,
          "elevation_threshold_low": 205
        },
        "assessed_date": "2026-02-13"
      },
      "geometry": {
        "type": "Point",
        "coordinates": [
          77.1234039,
          28.5965239
        ]
      },
      "id": "way/1286489017"
    },
    {
      "type": "Feature",
      "properties": {
        "@id": "way/1286489022",
        "access": "private",
        "amenity": "parking",
        "fee": "no",
        "lit": "yes",
        "parking": "surface",
        "smoothness": "excellent",
        "surface": "concrete",
        "@geometry": "center",
        "flood_count_5yr": 0.0,
        "elevation_m": 227.0,
        "risk_category": "low",
        "risk_color": "#00FF00",
        "risk_label": "LOW",
        "data_source": "polygon",
        "assessment_criteria": {
          "flood_threshold_low": 2,
          "flood_threshold_moderate": 4,
          "elevation_threshold_high": 210,
          "elevation_threshold_low": 205
        },
        "assessed_date": "2026-02-13"
      },
      "geometry": {
        "type": "Point",
        "coordinates": [
          77.1237633,
          28.5971959
        ]
      },
      "id": "way/1286489022"
    },
    {
      "type": "Feature",
      "properties": {
        "@id": "way/1287281763",
        "amenity": "parking",
        "@geometry": "center",
        "flood_count_5yr": 0.0,
        "elevation_m": 219.0,
        "risk_category": "low",
        "risk_color": "#00FF00",
        "risk_label": "LOW",
        "data_source": "polygon",
        "assessment_criteria": {
          "flood_threshold_low": 2,
          "flood_threshold_moderate": 4,
          "elevation_threshold_high": 210,
          "elevation_threshold_low": 205
        },
        "assessed_date": "2026-02-13"
      },
      "geometry": {
        "type": "Point",
        "coordinates": [
          77.2276978,
          28.6605472
        ]
      },
      "id": "way/1287281763"
    },
    {
      "type": "Feature",
      "properties": {
        "@id": "way/1287394100",
        "access": "yes",
        "amenity": "parking",
        "capacity:disabled": "yes",
        "fee": "no",
        "lit": "yes",
        "parking": "surface",
        "surface": "concrete",
        "@geometry": "center",
        "flood_count_5yr": 0.0,
        "elevation_m": 223.0,
        "risk_category": "low",
        "risk_color": "#00FF00",
        "risk_label": "LOW",
        "data_source": "polygon",
        "assessment_criteria": {
          "flood_threshold_low": 2,
          "flood_threshold_moderate": 4,
          "elevation_threshold_high": 210,
          "elevation_threshold_low": 205
        },
        "assessed_date": "2026-02-13"
      },
      "geometry": {
        "type": "Point",
        "coordinates": [
          77.1209481,
          28.5921821
        ]
      },
      "id": "way/1287394100"
    },
    {
      "type": "Feature",
      "properties": {
        "@id": "way/1287680339",
        "access": "yes",
        "amenity": "parking",
        "fee": "no",
        "lit": "yes",
        "parking": "surface",
        "smoothness": "excellent",
        "surface": "concrete",
        "@geometry": "center",
        "flood_count_5yr": 0.0,
        "elevation_m": 225.0,
        "risk_category": "low",
        "risk_color": "#00FF00",
        "risk_label": "LOW",
        "data_source": "polygon",
        "assessment_criteria": {
          "flood_threshold_low": 2,
          "flood_threshold_moderate": 4,
          "elevation_threshold_high": 210,
          "elevation_threshold_low": 205
        },
        "assessed_date": "2026-02-13"
      },
      "geometry": {
        "type": "Point",
        "coordinates": [
          77.1216086,
          28.5933609
        ]
      },
      "id": "way/1287680339"
    },
    {
      "type": "Feature",
      "properties": {
        "@id": "way/1287680351",
        "access": "yes",
        "amenity": "parking",
        "fee": "no",
        "parking": "surface",
        "surface": "concrete",
        "@geometry": "center",
        "flood_count_5yr": 0.0,
        "elevation_m": 228.0,
        "risk_category": "low",
        "risk_color": "#00FF00",
        "risk_label": "LOW",
        "data_source": "polygon",
        "assessment_criteria": {
          "flood_threshold_low": 2,
          "flood_threshold_moderate": 4,
          "elevation_threshold_high": 210,
          "elevation_threshold_low": 205
        },
        "assessed_date": "2026-02-13"
      },
      "geometry": {
        "type": "Point",
        "coordinates": [
          77.1218472,
          28.593824
        ]
      },
      "id": "way/1287680351"
    },
    {
      "type": "Feature",
      "properties": {
        "@id": "way/1288867481",
        "access": "yes",
        "amenity": "parking",
        "fee": "no",
        "lit": "yes",
        "parking": "surface",
        "surface": "paved",
        "@geometry": "center",
        "flood_count_5yr": 0.0,
        "elevation_m": 212.0,
        "risk_category": "low",
        "risk_color": "#00FF00",
        "risk_label": "LOW",
        "data_source": "polygon",
        "assessment_criteria": {
          "flood_threshold_low": 2,
          "flood_threshold_moderate": 4,
          "elevation_threshold_high": 210,
          "elevation_threshold_low": 205
        },
        "assessed_date": "2026-02-13"
      },
      "geometry": {
        "type": "Point",
        "coordinates": [
          77.0898452,
          28.6515042
        ]
      },
      "id": "way/1288867481"
    },
    {
      "type": "Feature",
      "properties": {
        "@id": "way/1289814788",
        "access": "yes",
        "amenity": "parking",
        "fee": "no",
        "parking": "surface",
        "surface": "paving_stones",
        "@geometry": "center",
        "flood_count_5yr": 0.0,
        "elevation_m": 235.0,
        "risk_category": "low",
        "risk_color": "#00FF00",
        "risk_label": "LOW",
        "data_source": "polygon",
        "assessment_criteria": {
          "flood_threshold_low": 2,
          "flood_threshold_moderate": 4,
          "elevation_threshold_high": 210,
          "elevation_threshold_low": 205
        },
        "assessed_date": "2026-02-13"
      },
      "geometry": {
        "type": "Point",
        "coordinates": [
          77.2016594,
          28.6459108
        ]
      },
      "id": "way/1289814788"
    },
    {
      "type": "Feature",
      "properties": {
        "@id": "way/1290471060",
        "access": "private",
        "amenity": "parking",
        "fee": "no",
        "orientation": "parallel",
        "parking": "surface",
        "smoothness": "excellent",
        "surface": "paved",
        "@geometry": "center",
        "flood_count_5yr": 0.0,
        "elevation_m": 235.0,
        "risk_category": "low",
        "risk_color": "#00FF00",
        "risk_label": "LOW",
        "data_source": "polygon",
        "assessment_criteria": {
          "flood_threshold_low": 2,
          "flood_threshold_moderate": 4,
          "elevation_threshold_high": 210,
          "elevation_threshold_low": 205
        },
        "assessed_date": "2026-02-13"
      },
      "geometry": {
        "type": "Point",
        "coordinates": [
          77.1234352,
          28.5757499
        ]
      },
      "id": "way/1290471060"
    },
    {
      "type": "Feature",
      "properties": {
        "@id": "way/1290471063",
        "access": "private",
        "amenity": "parking",
        "fee": "no",
        "orientation": "parallel",
        "parking": "surface",
        "smoothness": "excellent",
        "surface": "paved",
        "@geometry": "center",
        "flood_count_5yr": 0.0,
        "elevation_m": 237.0,
        "risk_category": "low",
        "risk_color": "#00FF00",
        "risk_label": "LOW",
        "data_source": "polygon",
        "assessment_criteria": {
          "flood_threshold_low": 2,
          "flood_threshold_moderate": 4,
          "elevation_threshold_high": 210,
          "elevation_threshold_low": 205
        },
        "assessed_date": "2026-02-13"
      },
      "geometry": {
        "type": "Point",
        "coordinates": [
          77.123193,
          28.5755346
        ]
      },
      "id": "way/1290471063"
    },
    {
      "type": "Feature",
      "properties": {
        "@id": "way/1290471064",
        "access": "private",
        "amenity": "parking",
        "fee": "no",
        "parking": "surface",
        "smoothness": "excellent",
        "surface": "paved",
        "@geometry": "center",
        "flood_count_5yr": 0.0,
        "elevation_m": 238.0,
        "risk_category": "low",
        "risk_color": "#00FF00",
        "risk_label": "LOW",
        "data_source": "polygon",
        "assessment_criteria": {
          "flood_threshold_low": 2,
          "flood_threshold_moderate": 4,
          "elevation_threshold_high": 210,
          "elevation_threshold_low": 205
        },
        "assessed_date": "2026-02-13"
      },
      "geometry": {
        "type": "Point",
        "coordinates": [
          77.123711,
          28.5760917
        ]
      },
      "id": "way/1290471064"
    },
    {
      "type": "Feature",
      "properties": {
        "@id": "way/1290471065",
        "access": "private",
        "amenity": "parking",
        "fee": "no",
        "parking": "surface",
        "smoothness": "excellent",
        "surface": "paved",
        "@geometry": "center",
        "flood_count_5yr": 0.0,
        "elevation_m": 238.0,
        "risk_category": "low",
        "risk_color": "#00FF00",
        "risk_label": "LOW",
        "data_source": "polygon",
        "assessment_criteria": {
          "flood_threshold_low": 2,
          "flood_threshold_moderate": 4,
          "elevation_threshold_high": 210,
          "elevation_threshold_low": 205
        },
        "assessed_date": "2026-02-13"
      },
      "geometry": {
        "type": "Point",
        "coordinates": [
          77.1236282,
          28.576071
        ]
      },
      "id": "way/1290471065"
    },
    {
      "type": "Feature",
      "properties": {
        "@id": "way/1293371909",
        "access": "yes",
        "amenity": "parking",
        "fee": "no",
        "lit": "yes",
        "parking": "surface",
        "ref": "1",
        "smoothness": "excellent",
        "surface": "concrete",
        "@geometry": "center",
        "flood_count_5yr": 0.0,
        "elevation_m": 231.0,
        "risk_category": "low",
        "risk_color": "#00FF00",
        "risk_label": "LOW",
        "data_source": "polygon",
        "assessment_criteria": {
          "flood_threshold_low": 2,
          "flood_threshold_moderate": 4,
          "elevation_threshold_high": 210,
          "elevation_threshold_low": 205
        },
        "assessed_date": "2026-02-13"
      },
      "geometry": {
        "type": "Point",
        "coordinates": [
          77.1329362,
          28.5967439
        ]
      },
      "id": "way/1293371909"
    },
    {
      "type": "Feature",
      "properties": {
        "@id": "way/1293558073",
        "access": "private",
        "amenity": "parking",
        "fee": "no",
        "lit": "yes",
        "parking": "surface",
        "smoothness": "excellent",
        "surface": "concrete",
        "@geometry": "center",
        "flood_count_5yr": 0.0,
        "elevation_m": 222.0,
        "risk_category": "low",
        "risk_color": "#00FF00",
        "risk_label": "LOW",
        "data_source": "polygon",
        "assessment_criteria": {
          "flood_threshold_low": 2,
          "flood_threshold_moderate": 4,
          "elevation_threshold_high": 210,
          "elevation_threshold_low": 205
        },
        "assessed_date": "2026-02-13"
      },
      "geometry": {
        "type": "Point",
        "coordinates": [
          77.210364,
          28.6850157
        ]
      },
      "id": "way/1293558073"
    },
    {
      "type": "Feature",
      "properties": {
        "@id": "way/1293558074",
        "access": "private",
        "amenity": "parking",
        "fee": "no",
        "lit": "yes",
        "parking": "surface",
        "smoothness": "excellent",
        "surface": "concrete",
        "@geometry": "center",
        "flood_count_5yr": 0.0,
        "elevation_m": 221.0,
        "risk_category": "low",
        "risk_color": "#00FF00",
        "risk_label": "LOW",
        "data_source": "polygon",
        "assessment_criteria": {
          "flood_threshold_low": 2,
          "flood_threshold_moderate": 4,
          "elevation_threshold_high": 210,
          "elevation_threshold_low": 205
        },
        "assessed_date": "2026-02-13"
      },
      "geometry": {
        "type": "Point",
        "coordinates": [
          77.210436,
          28.6851687
        ]
      },
      "id": "way/1293558074"
    },
    {
      "type": "Feature",
      "properties": {
        "@id": "way/1294927066",
        "amenity": "parking",
        "@geometry": "center",
        "flood_count_5yr": 0.0,
        "elevation_m": 230.0,
        "risk_category": "low",
        "risk_color": "#00FF00",
        "risk_label": "LOW",
        "data_source": "polygon",
        "assessment_criteria": {
          "flood_threshold_low": 2,
          "flood_threshold_moderate": 4,
          "elevation_threshold_high": 210,
          "elevation_threshold_low": 205
        },
        "assessed_date": "2026-02-13"
      },
      "geometry": {
        "type": "Point",
        "coordinates": [
          77.1872726,
          28.6014145
        ]
      },
      "id": "way/1294927066"
    },
    {
      "type": "Feature",
      "properties": {
        "@id": "way/1295607900",
        "access": "yes",
        "amenity": "parking",
        "fee": "no",
        "parking": "surface",
        "smoothness": "excellent",
        "surface": "concrete",
        "@geometry": "center",
        "flood_count_5yr": 0.0,
        "elevation_m": 230.0,
        "risk_category": "low",
        "risk_color": "#00FF00",
        "risk_label": "LOW",
        "data_source": "polygon",
        "assessment_criteria": {
          "flood_threshold_low": 2,
          "flood_threshold_moderate": 4,
          "elevation_threshold_high": 210,
          "elevation_threshold_low": 205
        },
        "assessed_date": "2026-02-13"
      },
      "geometry": {
        "type": "Point",
        "coordinates": [
          77.1332658,
          28.5958266
        ]
      },
      "id": "way/1295607900"
    },
    {
      "type": "Feature",
      "properties": {
        "@id": "way/1295614697",
        "access": "yes",
        "amenity": "parking",
        "fee": "no",
        "lit": "yes",
        "parking": "surface",
        "ref": "4",
        "smoothness": "excellent",
        "surface": "concrete",
        "@geometry": "center",
        "flood_count_5yr": 0.0,
        "elevation_m": 228.0,
        "risk_category": "low",
        "risk_color": "#00FF00",
        "risk_label": "LOW",
        "data_source": "polygon",
        "assessment_criteria": {
          "flood_threshold_low": 2,
          "flood_threshold_moderate": 4,
          "elevation_threshold_high": 210,
          "elevation_threshold_low": 205
        },
        "assessed_date": "2026-02-13"
      },
      "geometry": {
        "type": "Point",
        "coordinates": [
          77.1342365,
          28.5967341
        ]
      },
      "id": "way/1295614697"
    },
    {
      "type": "Feature",
      "properties": {
        "@id": "way/1295614698",
        "access": "yes",
        "amenity": "parking",
        "fee": "no",
        "lit": "yes",
        "parking": "surface",
        "ref": "3",
        "smoothness": "excellent",
        "surface": "concrete",
        "@geometry": "center",
        "flood_count_5yr": 0.0,
        "elevation_m": 228.0,
        "risk_category": "low",
        "risk_color": "#00FF00",
        "risk_label": "LOW",
        "data_source": "polygon",
        "assessment_criteria": {
          "flood_threshold_low": 2,
          "flood_threshold_moderate": 4,
          "elevation_threshold_high": 210,
          "elevation_threshold_low": 205
        },
        "assessed_date": "2026-02-13"
      },
      "geometry": {
        "type": "Point",
        "coordinates": [
          77.133823,
          28.5967403
        ]
      },
      "id": "way/1295614698"
    },
    {
      "type": "Feature",
      "properties": {
        "@id": "way/1295614699",
        "access": "yes",
        "amenity": "parking",
        "fee": "no",
        "lit": "yes",
        "parking": "surface",
        "ref": "2",
        "smoothness": "excellent",
        "surface": "concrete",
        "@geometry": "center",
        "flood_count_5yr": 0.0,
        "elevation_m": 230.0,
        "risk_category": "low",
        "risk_color": "#00FF00",
        "risk_label": "LOW",
        "data_source": "polygon",
        "assessment_criteria": {
          "flood_threshold_low": 2,
          "flood_threshold_moderate": 4,
          "elevation_threshold_high": 210,
          "elevation_threshold_low": 205
        },
        "assessed_date": "2026-02-13"
      },
      "geometry": {
        "type": "Point",
        "coordinates": [
          77.1334133,
          28.5967414
        ]
      },
      "id": "way/1295614699"
    },
    {
      "type": "Feature",
      "properties": {
        "@id": "way/1296268636",
        "access": "private",
        "amenity": "parking",
        "fee": "no",
        "parking": "surface",
        "smoothness": "excellent",
        "surface": "paved",
        "@geometry": "center",
        "flood_count_5yr": 0.0,
        "elevation_m": 224.0,
        "risk_category": "low",
        "risk_color": "#00FF00",
        "risk_label": "LOW",
        "data_source": "polygon",
        "assessment_criteria": {
          "flood_threshold_low": 2,
          "flood_threshold_moderate": 4,
          "elevation_threshold_high": 210,
          "elevation_threshold_low": 205
        },
        "assessed_date": "2026-02-13"
      },
      "geometry": {
        "type": "Point",
        "coordinates": [
          77.129574,
          28.6113268
        ]
      },
      "id": "way/1296268636"
    },
    {
      "type": "Feature",
      "properties": {
        "@id": "way/1296268639",
        "amenity": "parking",
        "@geometry": "center",
        "flood_count_5yr": 0.0,
        "elevation_m": 231.0,
        "risk_category": "low",
        "risk_color": "#00FF00",
        "risk_label": "LOW",
        "data_source": "polygon",
        "assessment_criteria": {
          "flood_threshold_low": 2,
          "flood_threshold_moderate": 4,
          "elevation_threshold_high": 210,
          "elevation_threshold_low": 205
        },
        "assessed_date": "2026-02-13"
      },
      "geometry": {
        "type": "Point",
        "coordinates": [
          77.136498,
          28.6081324
        ]
      },
      "id": "way/1296268639"
    },
    {
      "type": "Feature",
      "properties": {
        "@id": "way/1296268646",
        "access": "private",
        "amenity": "parking",
        "fee": "no",
        "parking": "surface",
        "smoothness": "excellent",
        "surface": "paved",
        "@geometry": "center",
        "flood_count_5yr": 0.0,
        "elevation_m": 232.0,
        "risk_category": "low",
        "risk_color": "#00FF00",
        "risk_label": "LOW",
        "data_source": "polygon",
        "assessment_criteria": {
          "flood_threshold_low": 2,
          "flood_threshold_moderate": 4,
          "elevation_threshold_high": 210,
          "elevation_threshold_low": 205
        },
        "assessed_date": "2026-02-13"
      },
      "geometry": {
        "type": "Point",
        "coordinates": [
          77.1292351,
          28.6099939
        ]
      },
      "id": "way/1296268646"
    },
    {
      "type": "Feature",
      "properties": {
        "@id": "way/1296268662",
        "access": "private",
        "amenity": "parking",
        "fee": "no",
        "parking": "surface",
        "smoothness": "excellent",
        "surface": "paved",
        "@geometry": "center",
        "flood_count_5yr": 0.0,
        "elevation_m": 224.0,
        "risk_category": "low",
        "risk_color": "#00FF00",
        "risk_label": "LOW",
        "data_source": "polygon",
        "assessment_criteria": {
          "flood_threshold_low": 2,
          "flood_threshold_moderate": 4,
          "elevation_threshold_high": 210,
          "elevation_threshold_low": 205
        },
        "assessed_date": "2026-02-13"
      },
      "geometry": {
        "type": "Point",
        "coordinates": [
          77.1300531,
          28.6105428
        ]
      },
      "id": "way/1296268662"
    },
    {
      "type": "Feature",
      "properties": {
        "@id": "way/1296268667",
        "access": "private",
        "amenity": "parking",
        "fee": "no",
        "parking": "surface",
        "surface": "paved",
        "@geometry": "center",
        "flood_count_5yr": 0.0,
        "elevation_m": 230.0,
        "risk_category": "low",
        "risk_color": "#00FF00",
        "risk_label": "LOW",
        "data_source": "polygon",
        "assessment_criteria": {
          "flood_threshold_low": 2,
          "flood_threshold_moderate": 4,
          "elevation_threshold_high": 210,
          "elevation_threshold_low": 205
        },
        "assessed_date": "2026-02-13"
      },
      "geometry": {
        "type": "Point",
        "coordinates": [
          77.1362765,
          28.6075669
        ]
      },
      "id": "way/1296268667"
    },
    {
      "type": "Feature",
      "properties": {
        "@id": "way/1296269784",
        "access": "private",
        "amenity": "parking",
        "fee": "no",
        "parking": "surface",
        "smoothness": "intermediate",
        "surface": "unpaved",
        "@geometry": "center",
        "flood_count_5yr": 0.0,
        "elevation_m": 217.0,
        "risk_category": "low",
        "risk_color": "#00FF00",
        "risk_label": "LOW",
        "data_source": "polygon",
        "assessment_criteria": {
          "flood_threshold_low": 2,
          "flood_threshold_moderate": 4,
          "elevation_threshold_high": 210,
          "elevation_threshold_low": 205
        },
        "assessed_date": "2026-02-13"
      },
      "geometry": {
        "type": "Point",
        "coordinates": [
          77.1301005,
          28.6098494
        ]
      },
      "id": "way/1296269784"
    },
    {
      "type": "Feature",
      "properties": {
        "@id": "way/1296270783",
        "access": "private",
        "amenity": "parking",
        "fee": "no",
        "parking": "surface",
        "smoothness": "excellent",
        "surface": "paved",
        "@geometry": "center",
        "flood_count_5yr": 0.0,
        "elevation_m": 224.0,
        "risk_category": "low",
        "risk_color": "#00FF00",
        "risk_label": "LOW",
        "data_source": "polygon",
        "assessment_criteria": {
          "flood_threshold_low": 2,
          "flood_threshold_moderate": 4,
          "elevation_threshold_high": 210,
          "elevation_threshold_low": 205
        },
        "assessed_date": "2026-02-13"
      },
      "geometry": {
        "type": "Point",
        "coordinates": [
          77.1299929,
          28.604984
        ]
      },
      "id": "way/1296270783"
    },
    {
      "type": "Feature",
      "properties": {
        "@id": "way/1296422880",
        "amenity": "parking",
        "@geometry": "center",
        "flood_count_5yr": 0.0,
        "elevation_m": 217.0,
        "risk_category": "low",
        "risk_color": "#00FF00",
        "risk_label": "LOW",
        "data_source": "polygon",
        "assessment_criteria": {
          "flood_threshold_low": 2,
          "flood_threshold_moderate": 4,
          "elevation_threshold_high": 210,
          "elevation_threshold_low": 205
        },
        "assessed_date": "2026-02-13"
      },
      "geometry": {
        "type": "Point",
        "coordinates": [
          77.2152483,
          28.6119664
        ]
      },
      "id": "way/1296422880"
    },
    {
      "type": "Feature",
      "properties": {
        "@id": "way/1297362378",
        "access": "yes",
        "amenity": "parking",
        "parking": "surface",
        "smoothness": "excellent",
        "surface": "paved",
        "@geometry": "center",
        "flood_count_5yr": 0.0,
        "elevation_m": 217.0,
        "risk_category": "low",
        "risk_color": "#00FF00",
        "risk_label": "LOW",
        "data_source": "polygon",
        "assessment_criteria": {
          "flood_threshold_low": 2,
          "flood_threshold_moderate": 4,
          "elevation_threshold_high": 210,
          "elevation_threshold_low": 205
        },
        "assessed_date": "2026-02-13"
      },
      "geometry": {
        "type": "Point",
        "coordinates": [
          77.2145972,
          28.6229798
        ]
      },
      "id": "way/1297362378"
    },
    {
      "type": "Feature",
      "properties": {
        "@id": "way/1297700237",
        "access": "customers",
        "amenity": "parking",
        "fee": "no",
        "parking": "surface",
        "@geometry": "center",
        "flood_count_5yr": 0.0,
        "elevation_m": 217.0,
        "risk_category": "low",
        "risk_color": "#00FF00",
        "risk_label": "LOW",
        "data_source": "polygon",
        "assessment_criteria": {
          "flood_threshold_low": 2,
          "flood_threshold_moderate": 4,
          "elevation_threshold_high": 210,
          "elevation_threshold_low": 205
        },
        "assessed_date": "2026-02-13"
      },
      "geometry": {
        "type": "Point",
        "coordinates": [
          77.1281634,
          28.7118934
        ]
      },
      "id": "way/1297700237"
    },
    {
      "type": "Feature",
      "properties": {
        "@id": "way/1298513462",
        "access": "yes",
        "amenity": "parking",
        "fee": "yes",
        "parking": "street_side",
        "ref": "P2",
        "surface": "paved",
        "@geometry": "center",
        "flood_count_5yr": 0.0,
        "elevation_m": 222.0,
        "risk_category": "low",
        "risk_color": "#00FF00",
        "risk_label": "LOW",
        "data_source": "polygon",
        "assessment_criteria": {
          "flood_threshold_low": 2,
          "flood_threshold_moderate": 4,
          "elevation_threshold_high": 210,
          "elevation_threshold_low": 205
        },
        "assessed_date": "2026-02-13"
      },
      "geometry": {
        "type": "Point",
        "coordinates": [
          77.1963241,
          28.5756295
        ]
      },
      "id": "way/1298513462"
    },
    {
      "type": "Feature",
      "properties": {
        "@id": "way/1298729766",
        "access": "yes",
        "amenity": "parking",
        "level": "0",
        "parking": "surface",
        "smoothness": "excellent",
        "surface": "paved",
        "@geometry": "center",
        "flood_count_5yr": 0.0,
        "elevation_m": 222.0,
        "risk_category": "low",
        "risk_color": "#00FF00",
        "risk_label": "LOW",
        "data_source": "polygon",
        "assessment_criteria": {
          "flood_threshold_low": 2,
          "flood_threshold_moderate": 4,
          "elevation_threshold_high": 210,
          "elevation_threshold_low": 205
        },
        "assessed_date": "2026-02-13"
      },
      "geometry": {
        "type": "Point",
        "coordinates": [
          77.1956248,
          28.5768994
        ]
      },
      "id": "way/1298729766"
    },
    {
      "type": "Feature",
      "properties": {
        "@id": "way/1298731384",
        "access": "yes",
        "amenity": "parking",
        "fee": "yes",
        "level": "0",
        "parking": "surface",
        "smoothness": "excellent",
        "surface": "paved",
        "@geometry": "center",
        "flood_count_5yr": 0.0,
        "elevation_m": 220.0,
        "risk_category": "low",
        "risk_color": "#00FF00",
        "risk_label": "LOW",
        "data_source": "polygon",
        "assessment_criteria": {
          "flood_threshold_low": 2,
          "flood_threshold_moderate": 4,
          "elevation_threshold_high": 210,
          "elevation_threshold_low": 205
        },
        "assessed_date": "2026-02-13"
      },
      "geometry": {
        "type": "Point",
        "coordinates": [
          77.1970331,
          28.5768303
        ]
      },
      "id": "way/1298731384"
    },
    {
      "type": "Feature",
      "properties": {
        "@id": "way/1300186886",
        "access": "yes",
        "amenity": "parking",
        "fee": "no",
        "parking": "street_side",
        "surface": "paved",
        "@geometry": "center",
        "flood_count_5yr": 0.0,
        "elevation_m": 223.0,
        "risk_category": "low",
        "risk_color": "#00FF00",
        "risk_label": "LOW",
        "data_source": "polygon",
        "assessment_criteria": {
          "flood_threshold_low": 2,
          "flood_threshold_moderate": 4,
          "elevation_threshold_high": 210,
          "elevation_threshold_low": 205
        },
        "assessed_date": "2026-02-13"
      },
      "geometry": {
        "type": "Point",
        "coordinates": [
          77.1948778,
          28.5756201
        ]
      },
      "id": "way/1300186886"
    },
    {
      "type": "Feature",
      "properties": {
        "@id": "way/1300662701",
        "access": "private",
        "amenity": "parking",
        "fee": "no",
        "parking": "surface",
        "smoothness": "excellent",
        "surface": "paved",
        "@geometry": "center",
        "flood_count_5yr": 0.0,
        "elevation_m": 250.0,
        "risk_category": "low",
        "risk_color": "#00FF00",
        "risk_label": "LOW",
        "data_source": "polygon",
        "assessment_criteria": {
          "flood_threshold_low": 2,
          "flood_threshold_moderate": 4,
          "elevation_threshold_high": 210,
          "elevation_threshold_low": 205
        },
        "assessed_date": "2026-02-13"
      },
      "geometry": {
        "type": "Point",
        "coordinates": [
          77.1637472,
          28.5937541
        ]
      },
      "id": "way/1300662701"
    },
    {
      "type": "Feature",
      "properties": {
        "@id": "way/1301240586",
        "access": "private",
        "amenity": "parking",
        "parking": "surface",
        "smoothness": "excellent",
        "supervised": "yes",
        "surface": "paved",
        "@geometry": "center",
        "flood_count_5yr": 0.0,
        "elevation_m": 222.0,
        "risk_category": "low",
        "risk_color": "#00FF00",
        "risk_label": "LOW",
        "data_source": "polygon",
        "assessment_criteria": {
          "flood_threshold_low": 2,
          "flood_threshold_moderate": 4,
          "elevation_threshold_high": 210,
          "elevation_threshold_low": 205
        },
        "assessed_date": "2026-02-13"
      },
      "geometry": {
        "type": "Point",
        "coordinates": [
          77.205148,
          28.6414981
        ]
      },
      "id": "way/1301240586"
    },
    {
      "type": "Feature",
      "properties": {
        "@id": "way/1301371024",
        "amenity": "parking",
        "operator": "Municipal Corporation of Delhi",
        "parking": "surface",
        "@geometry": "center",
        "flood_count_5yr": 0.0,
        "elevation_m": 230.0,
        "risk_category": "low",
        "risk_color": "#00FF00",
        "risk_label": "LOW",
        "data_source": "polygon",
        "assessment_criteria": {
          "flood_threshold_low": 2,
          "flood_threshold_moderate": 4,
          "elevation_threshold_high": 210,
          "elevation_threshold_low": 205
        },
        "assessed_date": "2026-02-13"
      },
      "geometry": {
        "type": "Point",
        "coordinates": [
          77.1883619,
          28.6425003
        ]
      },
      "id": "way/1301371024"
    },
    {
      "type": "Feature",
      "properties": {
        "@id": "way/1303068221",
        "amenity": "parking",
        "@geometry": "center",
        "flood_count_5yr": 0.0,
        "elevation_m": 216.0,
        "risk_category": "low",
        "risk_color": "#00FF00",
        "risk_label": "LOW",
        "data_source": "polygon",
        "assessment_criteria": {
          "flood_threshold_low": 2,
          "flood_threshold_moderate": 4,
          "elevation_threshold_high": 210,
          "elevation_threshold_low": 205
        },
        "assessed_date": "2026-02-13"
      },
      "geometry": {
        "type": "Point",
        "coordinates": [
          77.1706753,
          28.7087372
        ]
      },
      "id": "way/1303068221"
    },
    {
      "type": "Feature",
      "properties": {
        "@id": "way/1305711570",
        "amenity": "parking",
        "parking": "surface",
        "@geometry": "center",
        "flood_count_5yr": 0.0,
        "elevation_m": 241.0,
        "risk_category": "low",
        "risk_color": "#00FF00",
        "risk_label": "LOW",
        "data_source": "polygon",
        "assessment_criteria": {
          "flood_threshold_low": 2,
          "flood_threshold_moderate": 4,
          "elevation_threshold_high": 210,
          "elevation_threshold_low": 205
        },
        "assessed_date": "2026-02-13"
      },
      "geometry": {
        "type": "Point",
        "coordinates": [
          77.1233073,
          28.5482825
        ]
      },
      "id": "way/1305711570"
    },
    {
      "type": "Feature",
      "properties": {
        "@id": "way/1306144116",
        "access": "private",
        "amenity": "parking",
        "parking": "surface",
        "smoothness": "excellent",
        "surface": "concrete",
        "@geometry": "center",
        "flood_count_5yr": 0.0,
        "elevation_m": 222.0,
        "risk_category": "low",
        "risk_color": "#00FF00",
        "risk_label": "LOW",
        "data_source": "polygon",
        "assessment_criteria": {
          "flood_threshold_low": 2,
          "flood_threshold_moderate": 4,
          "elevation_threshold_high": 210,
          "elevation_threshold_low": 205
        },
        "assessed_date": "2026-02-13"
      },
      "geometry": {
        "type": "Point",
        "coordinates": [
          77.1972641,
          28.6229609
        ]
      },
      "id": "way/1306144116"
    },
    {
      "type": "Feature",
      "properties": {
        "@id": "way/1306144119",
        "access": "yes",
        "amenity": "parking",
        "fee": "no",
        "parking": "surface",
        "smoothness": "excellent",
        "surface": "concrete",
        "@geometry": "center",
        "flood_count_5yr": 0.0,
        "elevation_m": 228.0,
        "risk_category": "low",
        "risk_color": "#00FF00",
        "risk_label": "LOW",
        "data_source": "polygon",
        "assessment_criteria": {
          "flood_threshold_low": 2,
          "flood_threshold_moderate": 4,
          "elevation_threshold_high": 210,
          "elevation_threshold_low": 205
        },
        "assessed_date": "2026-02-13"
      },
      "geometry": {
        "type": "Point",
        "coordinates": [
          77.1929191,
          28.620646
        ]
      },
      "id": "way/1306144119"
    },
    {
      "type": "Feature",
      "properties": {
        "@id": "way/1306321428",
        "access": "yes",
        "amenity": "parking",
        "fee": "no",
        "parking": "surface",
        "smoothness": "excellent",
        "surface": "concrete",
        "@geometry": "center",
        "flood_count_5yr": 0.0,
        "elevation_m": 218.0,
        "risk_category": "low",
        "risk_color": "#00FF00",
        "risk_label": "LOW",
        "data_source": "polygon",
        "assessment_criteria": {
          "flood_threshold_low": 2,
          "flood_threshold_moderate": 4,
          "elevation_threshold_high": 210,
          "elevation_threshold_low": 205
        },
        "assessed_date": "2026-02-13"
      },
      "geometry": {
        "type": "Point",
        "coordinates": [
          77.2214029,
          28.6334694
        ]
      },
      "id": "way/1306321428"
    },
    {
      "type": "Feature",
      "properties": {
        "@id": "way/1306326610",
        "access": "yes",
        "amenity": "parking",
        "fee": "no",
        "parking": "surface",
        "smoothness": "excellent",
        "surface": "concrete",
        "@geometry": "center",
        "flood_count_5yr": 0.0,
        "elevation_m": 219.0,
        "risk_category": "low",
        "risk_color": "#00FF00",
        "risk_label": "LOW",
        "data_source": "polygon",
        "assessment_criteria": {
          "flood_threshold_low": 2,
          "flood_threshold_moderate": 4,
          "elevation_threshold_high": 210,
          "elevation_threshold_low": 205
        },
        "assessed_date": "2026-02-13"
      },
      "geometry": {
        "type": "Point",
        "coordinates": [
          77.2220674,
          28.6315438
        ]
      },
      "id": "way/1306326610"
    },
    {
      "type": "Feature",
      "properties": {
        "@id": "way/1306327526",
        "access": "yes",
        "amenity": "parking",
        "fee": "no",
        "parking": "surface",
        "smoothness": "excellent",
        "surface": "concrete",
        "@geometry": "center",
        "flood_count_5yr": 0.0,
        "elevation_m": 218.0,
        "risk_category": "low",
        "risk_color": "#00FF00",
        "risk_label": "LOW",
        "data_source": "polygon",
        "assessment_criteria": {
          "flood_threshold_low": 2,
          "flood_threshold_moderate": 4,
          "elevation_threshold_high": 210,
          "elevation_threshold_low": 205
        },
        "assessed_date": "2026-02-13"
      },
      "geometry": {
        "type": "Point",
        "coordinates": [
          77.2213069,
          28.6317624
        ]
      },
      "id": "way/1306327526"
    },
    {
      "type": "Feature",
      "properties": {
        "@id": "way/1306327527",
        "access": "yes",
        "amenity": "parking",
        "fee": "no",
        "parking": "surface",
        "smoothness": "excellent",
        "surface": "concrete",
        "@geometry": "center",
        "flood_count_5yr": 0.0,
        "elevation_m": 217.0,
        "risk_category": "low",
        "risk_color": "#00FF00",
        "risk_label": "LOW",
        "data_source": "polygon",
        "assessment_criteria": {
          "flood_threshold_low": 2,
          "flood_threshold_moderate": 4,
          "elevation_threshold_high": 210,
          "elevation_threshold_low": 205
        },
        "assessed_date": "2026-02-13"
      },
      "geometry": {
        "type": "Point",
        "coordinates": [
          77.2212789,
          28.6319795
        ]
      },
      "id": "way/1306327527"
    },
    {
      "type": "Feature",
      "properties": {
        "@id": "way/1316315034",
        "access": "yes",
        "amenity": "parking",
        "fee": "yes",
        "lit": "yes",
        "operator": "New Delhi Municipal Corporation",
        "parking": "surface",
        "smoothness": "excellent",
        "supervised": "yes",
        "surface": "asphalt",
        "@geometry": "center",
        "flood_count_5yr": 0.0,
        "elevation_m": 222.0,
        "risk_category": "low",
        "risk_color": "#00FF00",
        "risk_label": "LOW",
        "data_source": "polygon",
        "assessment_criteria": {
          "flood_threshold_low": 2,
          "flood_threshold_moderate": 4,
          "elevation_threshold_high": 210,
          "elevation_threshold_low": 205
        },
        "assessed_date": "2026-02-13"
      },
      "geometry": {
        "type": "Point",
        "coordinates": [
          77.2168899,
          28.6284968
        ]
      },
      "id": "way/1316315034"
    },
    {
      "type": "Feature",
      "properties": {
        "@id": "way/1316349826",
        "access": "private",
        "amenity": "parking",
        "parking": "surface",
        "smoothness": "excellent",
        "surface": "concrete",
        "@geometry": "center",
        "flood_count_5yr": 0.0,
        "elevation_m": 227.0,
        "risk_category": "low",
        "risk_color": "#00FF00",
        "risk_label": "LOW",
        "data_source": "polygon",
        "assessment_criteria": {
          "flood_threshold_low": 2,
          "flood_threshold_moderate": 4,
          "elevation_threshold_high": 210,
          "elevation_threshold_low": 205
        },
        "assessed_date": "2026-02-13"
      },
      "geometry": {
        "type": "Point",
        "coordinates": [
          77.1252814,
          28.6007668
        ]
      },
      "id": "way/1316349826"
    },
    {
      "type": "Feature",
      "properties": {
        "@id": "way/1316349831",
        "access": "private",
        "amenity": "parking",
        "parking": "surface",
        "smoothness": "excellent",
        "surface": "concrete",
        "@geometry": "center",
        "flood_count_5yr": 0.0,
        "elevation_m": 229.0,
        "risk_category": "low",
        "risk_color": "#00FF00",
        "risk_label": "LOW",
        "data_source": "polygon",
        "assessment_criteria": {
          "flood_threshold_low": 2,
          "flood_threshold_moderate": 4,
          "elevation_threshold_high": 210,
          "elevation_threshold_low": 205
        },
        "assessed_date": "2026-02-13"
      },
      "geometry": {
        "type": "Point",
        "coordinates": [
          77.125641,
          28.6020871
        ]
      },
      "id": "way/1316349831"
    },
    {
      "type": "Feature",
      "properties": {
        "@id": "way/1316349835",
        "access": "yes",
        "amenity": "parking",
        "parking": "surface",
        "smoothness": "excellent",
        "surface": "concrete",
        "@geometry": "center",
        "flood_count_5yr": 0.0,
        "elevation_m": 226.0,
        "risk_category": "low",
        "risk_color": "#00FF00",
        "risk_label": "LOW",
        "data_source": "polygon",
        "assessment_criteria": {
          "flood_threshold_low": 2,
          "flood_threshold_moderate": 4,
          "elevation_threshold_high": 210,
          "elevation_threshold_low": 205
        },
        "assessed_date": "2026-02-13"
      },
      "geometry": {
        "type": "Point",
        "coordinates": [
          77.1257144,
          28.6016369
        ]
      },
      "id": "way/1316349835"
    },
    {
      "type": "Feature",
      "properties": {
        "@id": "way/1316627334",
        "access": "private",
        "amenity": "parking",
        "parking": "surface",
        "smoothness": "excellent",
        "surface": "paved",
        "@geometry": "center",
        "flood_count_5yr": 0.0,
        "elevation_m": 220.0,
        "risk_category": "low",
        "risk_color": "#00FF00",
        "risk_label": "LOW",
        "data_source": "polygon",
        "assessment_criteria": {
          "flood_threshold_low": 2,
          "flood_threshold_moderate": 4,
          "elevation_threshold_high": 210,
          "elevation_threshold_low": 205
        },
        "assessed_date": "2026-02-13"
      },
      "geometry": {
        "type": "Point",
        "coordinates": [
          77.2132285,
          28.6273568
        ]
      },
      "id": "way/1316627334"
    },
    {
      "type": "Feature",
      "properties": {
        "@id": "way/1316627335",
        "access": "private",
        "amenity": "parking",
        "parking": "surface",
        "smoothness": "excellent",
        "surface": "paved",
        "@geometry": "center",
        "flood_count_5yr": 0.0,
        "elevation_m": 220.0,
        "risk_category": "low",
        "risk_color": "#00FF00",
        "risk_label": "LOW",
        "data_source": "polygon",
        "assessment_criteria": {
          "flood_threshold_low": 2,
          "flood_threshold_moderate": 4,
          "elevation_threshold_high": 210,
          "elevation_threshold_low": 205
        },
        "assessed_date": "2026-02-13"
      },
      "geometry": {
        "type": "Point",
        "coordinates": [
          77.2114141,
          28.6260567
        ]
      },
      "id": "way/1316627335"
    },
    {
      "type": "Feature",
      "properties": {
        "@id": "way/1316627337",
        "access": "private",
        "amenity": "parking",
        "parking": "surface",
        "smoothness": "excellent",
        "surface": "paved",
        "@geometry": "center",
        "flood_count_5yr": 0.0,
        "elevation_m": 219.0,
        "risk_category": "low",
        "risk_color": "#00FF00",
        "risk_label": "LOW",
        "data_source": "polygon",
        "assessment_criteria": {
          "flood_threshold_low": 2,
          "flood_threshold_moderate": 4,
          "elevation_threshold_high": 210,
          "elevation_threshold_low": 205
        },
        "assessed_date": "2026-02-13"
      },
      "geometry": {
        "type": "Point",
        "coordinates": [
          77.212792,
          28.6270108
        ]
      },
      "id": "way/1316627337"
    },
    {
      "type": "Feature",
      "properties": {
        "@id": "way/1316627345",
        "access": "private",
        "amenity": "parking",
        "parking": "surface",
        "smoothness": "excellent",
        "surface": "paved",
        "@geometry": "center",
        "flood_count_5yr": 0.0,
        "elevation_m": 221.0,
        "risk_category": "low",
        "risk_color": "#00FF00",
        "risk_label": "LOW",
        "data_source": "polygon",
        "assessment_criteria": {
          "flood_threshold_low": 2,
          "flood_threshold_moderate": 4,
          "elevation_threshold_high": 210,
          "elevation_threshold_low": 205
        },
        "assessed_date": "2026-02-13"
      },
      "geometry": {
        "type": "Point",
        "coordinates": [
          77.2118527,
          28.6262594
        ]
      },
      "id": "way/1316627345"
    },
    {
      "type": "Feature",
      "properties": {
        "@id": "way/1317814678",
        "access": "private",
        "amenity": "parking",
        "parking": "surface",
        "smoothness": "excellent",
        "surface": "paved",
        "@geometry": "center",
        "flood_count_5yr": 0.0,
        "elevation_m": 213.0,
        "risk_category": "low",
        "risk_color": "#00FF00",
        "risk_label": "LOW",
        "data_source": "polygon",
        "assessment_criteria": {
          "flood_threshold_low": 2,
          "flood_threshold_moderate": 4,
          "elevation_threshold_high": 210,
          "elevation_threshold_low": 205
        },
        "assessed_date": "2026-02-13"
      },
      "geometry": {
        "type": "Point",
        "coordinates": [
          77.2089736,
          28.6939224
        ]
      },
      "id": "way/1317814678"
    },
    {
      "type": "Feature",
      "properties": {
        "@id": "way/1319191466",
        "access": "private",
        "amenity": "parking",
        "parking": "sheds",
        "smoothness": "excellent",
        "surface": "paving_stones",
        "@geometry": "center",
        "flood_count_5yr": 0.0,
        "elevation_m": 228.0,
        "risk_category": "low",
        "risk_color": "#00FF00",
        "risk_label": "LOW",
        "data_source": "polygon",
        "assessment_criteria": {
          "flood_threshold_low": 2,
          "flood_threshold_moderate": 4,
          "elevation_threshold_high": 210,
          "elevation_threshold_low": 205
        },
        "assessed_date": "2026-02-13"
      },
      "geometry": {
        "type": "Point",
        "coordinates": [
          77.1190682,
          28.5886354
        ]
      },
      "id": "way/1319191466"
    },
    {
      "type": "Feature",
      "properties": {
        "@id": "way/1319210166",
        "access": "private",
        "amenity": "parking",
        "parking": "sheds",
        "smoothness": "excellent",
        "surface": "paving_stones",
        "@geometry": "center",
        "flood_count_5yr": 0.0,
        "elevation_m": 230.0,
        "risk_category": "low",
        "risk_color": "#00FF00",
        "risk_label": "LOW",
        "data_source": "polygon",
        "assessment_criteria": {
          "flood_threshold_low": 2,
          "flood_threshold_moderate": 4,
          "elevation_threshold_high": 210,
          "elevation_threshold_low": 205
        },
        "assessed_date": "2026-02-13"
      },
      "geometry": {
        "type": "Point",
        "coordinates": [
          77.1194891,
          28.5882871
        ]
      },
      "id": "way/1319210166"
    },
    {
      "type": "Feature",
      "properties": {
        "@id": "way/1319210167",
        "access": "private",
        "amenity": "parking",
        "parking": "sheds",
        "smoothness": "excellent",
        "supervised": "no",
        "surface": "paving_stones",
        "@geometry": "center",
        "flood_count_5yr": 0.0,
        "elevation_m": 232.0,
        "risk_category": "low",
        "risk_color": "#00FF00",
        "risk_label": "LOW",
        "data_source": "polygon",
        "assessment_criteria": {
          "flood_threshold_low": 2,
          "flood_threshold_moderate": 4,
          "elevation_threshold_high": 210,
          "elevation_threshold_low": 205
        },
        "assessed_date": "2026-02-13"
      },
      "geometry": {
        "type": "Point",
        "coordinates": [
          77.119396,
          28.5885162
        ]
      },
      "id": "way/1319210167"
    },
    {
      "type": "Feature",
      "properties": {
        "@id": "way/1319210168",
        "access": "customers",
        "amenity": "parking",
        "parking": "surface",
        "surface": "unpaved",
        "@geometry": "center",
        "flood_count_5yr": 0.0,
        "elevation_m": 232.0,
        "risk_category": "low",
        "risk_color": "#00FF00",
        "risk_label": "LOW",
        "data_source": "polygon",
        "assessment_criteria": {
          "flood_threshold_low": 2,
          "flood_threshold_moderate": 4,
          "elevation_threshold_high": 210,
          "elevation_threshold_low": 205
        },
        "assessed_date": "2026-02-13"
      },
      "geometry": {
        "type": "Point",
        "coordinates": [
          77.1196275,
          28.5882159
        ]
      },
      "id": "way/1319210168"
    },
    {
      "type": "Feature",
      "properties": {
        "@id": "way/1319574763",
        "access": "private",
        "amenity": "parking",
        "fee": "no",
        "parking": "surface",
        "smoothness": "excellent",
        "surface": "paved",
        "@geometry": "center",
        "flood_count_5yr": 0.0,
        "elevation_m": 227.0,
        "risk_category": "low",
        "risk_color": "#00FF00",
        "risk_label": "LOW",
        "data_source": "polygon",
        "assessment_criteria": {
          "flood_threshold_low": 2,
          "flood_threshold_moderate": 4,
          "elevation_threshold_high": 210,
          "elevation_threshold_low": 205
        },
        "assessed_date": "2026-02-13"
      },
      "geometry": {
        "type": "Point",
        "coordinates": [
          77.2121446,
          28.6804734
        ]
      },
      "id": "way/1319574763"
    },
    {
      "type": "Feature",
      "properties": {
        "@id": "way/1319809290",
        "access": "private",
        "amenity": "parking",
        "fee": "no",
        "parking": "surface",
        "smoothness": "excellent",
        "surface": "paved",
        "@geometry": "center",
        "flood_count_5yr": 0.0,
        "elevation_m": 225.0,
        "risk_category": "low",
        "risk_color": "#00FF00",
        "risk_label": "LOW",
        "data_source": "polygon",
        "assessment_criteria": {
          "flood_threshold_low": 2,
          "flood_threshold_moderate": 4,
          "elevation_threshold_high": 210,
          "elevation_threshold_low": 205
        },
        "assessed_date": "2026-02-13"
      },
      "geometry": {
        "type": "Point",
        "coordinates": [
          77.2088617,
          28.6786249
        ]
      },
      "id": "way/1319809290"
    },
    {
      "type": "Feature",
      "properties": {
        "@id": "way/1322068557",
        "access": "private",
        "amenity": "parking",
        "operator": "IIT Delhi",
        "operator:type": "university",
        "parking": "surface",
        "@geometry": "center",
        "flood_count_5yr": 0.0,
        "elevation_m": 237.0,
        "risk_category": "low",
        "risk_color": "#00FF00",
        "risk_label": "LOW",
        "data_source": "polygon",
        "assessment_criteria": {
          "flood_threshold_low": 2,
          "flood_threshold_moderate": 4,
          "elevation_threshold_high": 210,
          "elevation_threshold_low": 205
        },
        "assessed_date": "2026-02-13"
      },
      "geometry": {
        "type": "Point",
        "coordinates": [
          77.1830801,
          28.5460642
        ]
      },
      "id": "way/1322068557"
    },
    {
      "type": "Feature",
      "properties": {
        "@id": "way/1323799177",
        "access": "private",
        "amenity": "parking",
        "fee": "no",
        "parking": "surface",
        "smoothness": "excellent",
        "surface": "paved",
        "@geometry": "center",
        "flood_count_5yr": 0.0,
        "elevation_m": 211.0,
        "risk_category": "low",
        "risk_color": "#00FF00",
        "risk_label": "LOW",
        "data_source": "polygon",
        "assessment_criteria": {
          "flood_threshold_low": 2,
          "flood_threshold_moderate": 4,
          "elevation_threshold_high": 210,
          "elevation_threshold_low": 205
        },
        "assessed_date": "2026-02-13"
      },
      "geometry": {
        "type": "Point",
        "coordinates": [
          77.2078715,
          28.6859489
        ]
      },
      "id": "way/1323799177"
    },
    {
      "type": "Feature",
      "properties": {
        "@id": "way/1333605268",
        "access": "private",
        "amenity": "parking",
        "parking": "surface",
        "smoothness": "excellent",
        "surface": "concrete",
        "@geometry": "center",
        "flood_count_5yr": 0.0,
        "elevation_m": 222.0,
        "risk_category": "low",
        "risk_color": "#00FF00",
        "risk_label": "LOW",
        "data_source": "polygon",
        "assessment_criteria": {
          "flood_threshold_low": 2,
          "flood_threshold_moderate": 4,
          "elevation_threshold_high": 210,
          "elevation_threshold_low": 205
        },
        "assessed_date": "2026-02-13"
      },
      "geometry": {
        "type": "Point",
        "coordinates": [
          77.2082622,
          28.6853323
        ]
      },
      "id": "way/1333605268"
    },
    {
      "type": "Feature",
      "properties": {
        "@id": "way/1339328515",
        "amenity": "parking",
        "@geometry": "center",
        "flood_count_5yr": 0.0,
        "elevation_m": 256.0,
        "risk_category": "low",
        "risk_color": "#00FF00",
        "risk_label": "LOW",
        "data_source": "polygon",
        "assessment_criteria": {
          "flood_threshold_low": 2,
          "flood_threshold_moderate": 4,
          "elevation_threshold_high": 210,
          "elevation_threshold_low": 205
        },
        "assessed_date": "2026-02-13"
      },
      "geometry": {
        "type": "Point",
        "coordinates": [
          77.1779425,
          28.6201475
        ]
      },
      "id": "way/1339328515"
    },
    {
      "type": "Feature",
      "properties": {
        "@id": "way/1339456797",
        "amenity": "parking",
        "@geometry": "center",
        "flood_count_5yr": 0.0,
        "elevation_m": 227.0,
        "risk_category": "low",
        "risk_color": "#00FF00",
        "risk_label": "LOW",
        "data_source": "polygon",
        "assessment_criteria": {
          "flood_threshold_low": 2,
          "flood_threshold_moderate": 4,
          "elevation_threshold_high": 210,
          "elevation_threshold_low": 205
        },
        "assessed_date": "2026-02-13"
      },
      "geometry": {
        "type": "Point",
        "coordinates": [
          77.2109436,
          28.6522797
        ]
      },
      "id": "way/1339456797"
    },
    {
      "type": "Feature",
      "properties": {
        "@id": "way/1344686507",
        "amenity": "parking",
        "parking": "surface",
        "@geometry": "center",
        "flood_count_5yr": 0.0,
        "elevation_m": 221.0,
        "risk_category": "low",
        "risk_color": "#00FF00",
        "risk_label": "LOW",
        "data_source": "polygon",
        "assessment_criteria": {
          "flood_threshold_low": 2,
          "flood_threshold_moderate": 4,
          "elevation_threshold_high": 210,
          "elevation_threshold_low": 205
        },
        "assessed_date": "2026-02-13"
      },
      "geometry": {
        "type": "Point",
        "coordinates": [
          77.2040578,
          28.6995696
        ]
      },
      "id": "way/1344686507"
    },
    {
      "type": "Feature",
      "properties": {
        "@id": "way/1352291528",
        "amenity": "parking",
        "@geometry": "center",
        "flood_count_5yr": 0.0,
        "elevation_m": 215.0,
        "risk_category": "low",
        "risk_color": "#00FF00",
        "risk_label": "LOW",
        "data_source": "polygon",
        "assessment_criteria": {
          "flood_threshold_low": 2,
          "flood_threshold_moderate": 4,
          "elevation_threshold_high": 210,
          "elevation_threshold_low": 205
        },
        "assessed_date": "2026-02-13"
      },
      "geometry": {
        "type": "Point",
        "coordinates": [
          77.2129493,
          28.5764373
        ]
      },
      "id": "way/1352291528"
    },
    {
      "type": "Feature",
      "properties": {
        "@id": "way/1357728563",
        "access": "private",
        "amenity": "parking",
        "parking": "street_side",
        "@geometry": "center",
        "flood_count_5yr": 0.0,
        "elevation_m": 217.0,
        "risk_category": "low",
        "risk_color": "#00FF00",
        "risk_label": "LOW",
        "data_source": "polygon",
        "assessment_criteria": {
          "flood_threshold_low": 2,
          "flood_threshold_moderate": 4,
          "elevation_threshold_high": 210,
          "elevation_threshold_low": 205
        },
        "assessed_date": "2026-02-13"
      },
      "geometry": {
        "type": "Point",
        "coordinates": [
          77.2298279,
          28.6405834
        ]
      },
      "id": "way/1357728563"
    },
    {
      "type": "Feature",
      "properties": {
        "@id": "way/1361096060",
        "amenity": "parking",
        "@geometry": "center",
        "flood_count_5yr": 0.0,
        "elevation_m": 231.0,
        "risk_category": "low",
        "risk_color": "#00FF00",
        "risk_label": "LOW",
        "data_source": "polygon",
        "assessment_criteria": {
          "flood_threshold_low": 2,
          "flood_threshold_moderate": 4,
          "elevation_threshold_high": 210,
          "elevation_threshold_low": 205
        },
        "assessed_date": "2026-02-13"
      },
      "geometry": {
        "type": "Point",
        "coordinates": [
          77.0977807,
          28.5524893
        ]
      },
      "id": "way/1361096060"
    },
    {
      "type": "Feature",
      "properties": {
        "@id": "way/1363395468",
        "amenity": "parking",
        "@geometry": "center",
        "flood_count_5yr": 0.0,
        "elevation_m": 239.0,
        "risk_category": "low",
        "risk_color": "#00FF00",
        "risk_label": "LOW",
        "data_source": "polygon",
        "assessment_criteria": {
          "flood_threshold_low": 2,
          "flood_threshold_moderate": 4,
          "elevation_threshold_high": 210,
          "elevation_threshold_low": 205
        },
        "assessed_date": "2026-02-13"
      },
      "geometry": {
        "type": "Point",
        "coordinates": [
          77.1044019,
          28.531841
        ]
      },
      "id": "way/1363395468"
    },
    {
      "type": "Feature",
      "properties": {
        "@id": "way/1363395471",
        "amenity": "parking",
        "@geometry": "center",
        "flood_count_5yr": 0.0,
        "elevation_m": 238.0,
        "risk_category": "low",
        "risk_color": "#00FF00",
        "risk_label": "LOW",
        "data_source": "polygon",
        "assessment_criteria": {
          "flood_threshold_low": 2,
          "flood_threshold_moderate": 4,
          "elevation_threshold_high": 210,
          "elevation_threshold_low": 205
        },
        "assessed_date": "2026-02-13"
      },
      "geometry": {
        "type": "Point",
        "coordinates": [
          77.1046822,
          28.532008
        ]
      },
      "id": "way/1363395471"
    },
    {
      "type": "Feature",
      "properties": {
        "@id": "way/1364420483",
        "access": "yes",
        "amenity": "parking",
        "fee": "yes",
        "parking": "surface",
        "@geometry": "center",
        "flood_count_5yr": 0.0,
        "elevation_m": 215.0,
        "risk_category": "low",
        "risk_color": "#00FF00",
        "risk_label": "LOW",
        "data_source": "polygon",
        "assessment_criteria": {
          "flood_threshold_low": 2,
          "flood_threshold_moderate": 4,
          "elevation_threshold_high": 210,
          "elevation_threshold_low": 205
        },
        "assessed_date": "2026-02-13"
      },
      "geometry": {
        "type": "Point",
        "coordinates": [
          77.1817544,
          28.7064902
        ]
      },
      "id": "way/1364420483"
    },
    {
      "type": "Feature",
      "properties": {
        "@id": "way/1368711473",
        "access": "yes",
        "amenity": "parking",
        "parking": "surface",
        "@geometry": "center",
        "flood_count_5yr": 0.0,
        "elevation_m": 228.0,
        "risk_category": "low",
        "risk_color": "#00FF00",
        "risk_label": "LOW",
        "data_source": "polygon",
        "assessment_criteria": {
          "flood_threshold_low": 2,
          "flood_threshold_moderate": 4,
          "elevation_threshold_high": 210,
          "elevation_threshold_low": 205
        },
        "assessed_date": "2026-02-13"
      },
      "geometry": {
        "type": "Point",
        "coordinates": [
          77.1226653,
          28.595608
        ]
      },
      "id": "way/1368711473"
    },
    {
      "type": "Feature",
      "properties": {
        "@id": "way/1368758854",
        "access": "customers",
        "amenity": "parking",
        "lit": "yes",
        "parking": "surface",
        "smoothness": "excellent",
        "supervised": "yes",
        "surface": "paved",
        "@geometry": "center",
        "flood_count_5yr": 0.0,
        "elevation_m": 217.0,
        "risk_category": "low",
        "risk_color": "#00FF00",
        "risk_label": "LOW",
        "data_source": "polygon",
        "assessment_criteria": {
          "flood_threshold_low": 2,
          "flood_threshold_moderate": 4,
          "elevation_threshold_high": 210,
          "elevation_threshold_low": 205
        },
        "assessed_date": "2026-02-13"
      },
      "geometry": {
        "type": "Point",
        "coordinates": [
          77.0787985,
          28.6293023
        ]
      },
      "id": "way/1368758854"
    },
    {
      "type": "Feature",
      "properties": {
        "@id": "way/1369005825",
        "access": "private",
        "amenity": "parking",
        "fee": "no",
        "parking": "street_side",
        "smoothness": "excellent",
        "surface": "paved",
        "@geometry": "center",
        "flood_count_5yr": 0.0,
        "elevation_m": 218.0,
        "risk_category": "low",
        "risk_color": "#00FF00",
        "risk_label": "LOW",
        "data_source": "polygon",
        "assessment_criteria": {
          "flood_threshold_low": 2,
          "flood_threshold_moderate": 4,
          "elevation_threshold_high": 210,
          "elevation_threshold_low": 205
        },
        "assessed_date": "2026-02-13"
      },
      "geometry": {
        "type": "Point",
        "coordinates": [
          77.2103917,
          28.6863952
        ]
      },
      "id": "way/1369005825"
    },
    {
      "type": "Feature",
      "properties": {
        "@id": "way/1371039139",
        "access": "private",
        "amenity": "parking",
        "fee": "no",
        "parking": "surface",
        "smoothness": "excellent",
        "surface": "paved",
        "@geometry": "center",
        "flood_count_5yr": 0.0,
        "elevation_m": 221.0,
        "risk_category": "low",
        "risk_color": "#00FF00",
        "risk_label": "LOW",
        "data_source": "polygon",
        "assessment_criteria": {
          "flood_threshold_low": 2,
          "flood_threshold_moderate": 4,
          "elevation_threshold_high": 210,
          "elevation_threshold_low": 205
        },
        "assessed_date": "2026-02-13"
      },
      "geometry": {
        "type": "Point",
        "coordinates": [
          77.2131483,
          28.6854824
        ]
      },
      "id": "way/1371039139"
    },
    {
      "type": "Feature",
      "properties": {
        "@id": "node/1374470929",
        "amenity": "parking",
        "capacity": "0",
        "fee": "Rs 0",
        "flood_count_5yr": 0.0,
        "elevation_m": 229.0,
        "risk_category": "low",
        "risk_color": "#00FF00",
        "risk_label": "LOW",
        "data_source": "polygon",
        "assessment_criteria": {
          "flood_threshold_low": 2,
          "flood_threshold_moderate": 4,
          "elevation_threshold_high": 210,
          "elevation_threshold_low": 205
        },
        "assessed_date": "2026-02-13"
      },
      "geometry": {
        "type": "Point",
        "coordinates": [
          77.0921552,
          28.6235519
        ]
      },
      "id": "node/1374470929"
    },
    {
      "type": "Feature",
      "properties": {
        "@id": "node/1374470937",
        "amenity": "parking",
        "flood_count_5yr": 0.0,
        "elevation_m": 220.0,
        "risk_category": "low",
        "risk_color": "#00FF00",
        "risk_label": "LOW",
        "data_source": "polygon",
        "assessment_criteria": {
          "flood_threshold_low": 2,
          "flood_threshold_moderate": 4,
          "elevation_threshold_high": 210,
          "elevation_threshold_low": 205
        },
        "assessed_date": "2026-02-13"
      },
      "geometry": {
        "type": "Point",
        "coordinates": [
          77.1225041,
          28.64983
        ]
      },
      "id": "node/1374470937"
    },
    {
      "type": "Feature",
      "properties": {
        "@id": "way/1374677174",
        "access": "private",
        "amenity": "parking",
        "fee": "no",
        "parking": "street_side",
        "smoothness": "excellent",
        "surface": "paved",
        "@geometry": "center",
        "flood_count_5yr": 0.0,
        "elevation_m": 225.0,
        "risk_category": "low",
        "risk_color": "#00FF00",
        "risk_label": "LOW",
        "data_source": "polygon",
        "assessment_criteria": {
          "flood_threshold_low": 2,
          "flood_threshold_moderate": 4,
          "elevation_threshold_high": 210,
          "elevation_threshold_low": 205
        },
        "assessed_date": "2026-02-13"
      },
      "geometry": {
        "type": "Point",
        "coordinates": [
          77.2146573,
          28.6891461
        ]
      },
      "id": "way/1374677174"
    },
    {
      "type": "Feature",
      "properties": {
        "@id": "way/1374677177",
        "access": "private",
        "amenity": "parking",
        "fee": "no",
        "parking": "street_side",
        "smoothness": "excellent",
        "surface": "paved",
        "@geometry": "center",
        "flood_count_5yr": 0.0,
        "elevation_m": 229.0,
        "risk_category": "low",
        "risk_color": "#00FF00",
        "risk_label": "LOW",
        "data_source": "polygon",
        "assessment_criteria": {
          "flood_threshold_low": 2,
          "flood_threshold_moderate": 4,
          "elevation_threshold_high": 210,
          "elevation_threshold_low": 205
        },
        "assessed_date": "2026-02-13"
      },
      "geometry": {
        "type": "Point",
        "coordinates": [
          77.2152629,
          28.6897301
        ]
      },
      "id": "way/1374677177"
    },
    {
      "type": "Feature",
      "properties": {
        "@id": "way/1374688335",
        "access": "private",
        "amenity": "parking",
        "fee": "no",
        "parking": "surface",
        "smoothness": "excellent",
        "surface": "paved",
        "@geometry": "center",
        "flood_count_5yr": 0.0,
        "elevation_m": 225.0,
        "risk_category": "low",
        "risk_color": "#00FF00",
        "risk_label": "LOW",
        "data_source": "polygon",
        "assessment_criteria": {
          "flood_threshold_low": 2,
          "flood_threshold_moderate": 4,
          "elevation_threshold_high": 210,
          "elevation_threshold_low": 205
        },
        "assessed_date": "2026-02-13"
      },
      "geometry": {
        "type": "Point",
        "coordinates": [
          77.2142685,
          28.6891442
        ]
      },
      "id": "way/1374688335"
    },
    {
      "type": "Feature",
      "properties": {
        "@id": "way/1374688338",
        "access": "private",
        "amenity": "parking",
        "fee": "no",
        "parking": "street_side",
        "smoothness": "excellent",
        "surface": "paved",
        "@geometry": "center",
        "flood_count_5yr": 0.0,
        "elevation_m": 225.0,
        "risk_category": "low",
        "risk_color": "#00FF00",
        "risk_label": "LOW",
        "data_source": "polygon",
        "assessment_criteria": {
          "flood_threshold_low": 2,
          "flood_threshold_moderate": 4,
          "elevation_threshold_high": 210,
          "elevation_threshold_low": 205
        },
        "assessed_date": "2026-02-13"
      },
      "geometry": {
        "type": "Point",
        "coordinates": [
          77.2144212,
          28.6891617
        ]
      },
      "id": "way/1374688338"
    },
    {
      "type": "Feature",
      "properties": {
        "@id": "way/1376095185",
        "amenity": "parking",
        "building": "yes",
        "building:levels": "4",
        "parking": "multi-storey",
        "roof:colour": "blue",
        "roof:shape": "flat",
        "@geometry": "center",
        "flood_count_5yr": 0.0,
        "elevation_m": 218.0,
        "risk_category": "low",
        "risk_color": "#00FF00",
        "risk_label": "LOW",
        "data_source": "polygon",
        "assessment_criteria": {
          "flood_threshold_low": 2,
          "flood_threshold_moderate": 4,
          "elevation_threshold_high": 210,
          "elevation_threshold_low": 205
        },
        "assessed_date": "2026-02-13"
      },
      "geometry": {
        "type": "Point",
        "coordinates": [
          77.2242953,
          28.6589432
        ]
      },
      "id": "way/1376095185"
    },
    {
      "type": "Feature",
      "properties": {
        "@id": "way/1376095193",
        "amenity": "parking",
        "building": "yes",
        "building:levels": "4",
        "parking": "multi-storey",
        "roof:colour": "blue",
        "roof:shape": "flat",
        "@geometry": "center",
        "flood_count_5yr": 0.0,
        "elevation_m": 218.0,
        "risk_category": "low",
        "risk_color": "#00FF00",
        "risk_label": "LOW",
        "data_source": "polygon",
        "assessment_criteria": {
          "flood_threshold_low": 2,
          "flood_threshold_moderate": 4,
          "elevation_threshold_high": 210,
          "elevation_threshold_low": 205
        },
        "assessed_date": "2026-02-13"
      },
      "geometry": {
        "type": "Point",
        "coordinates": [
          77.2241231,
          28.6589738
        ]
      },
      "id": "way/1376095193"
    },
    {
      "type": "Feature",
      "properties": {
        "@id": "way/1376095197",
        "amenity": "parking",
        "building": "yes",
        "building:levels": "4",
        "parking": "multi-storey",
        "roof:colour": "blue",
        "roof:shape": "flat",
        "@geometry": "center",
        "flood_count_5yr": 0.0,
        "elevation_m": 219.0,
        "risk_category": "low",
        "risk_color": "#00FF00",
        "risk_label": "LOW",
        "data_source": "polygon",
        "assessment_criteria": {
          "flood_threshold_low": 2,
          "flood_threshold_moderate": 4,
          "elevation_threshold_high": 210,
          "elevation_threshold_low": 205
        },
        "assessed_date": "2026-02-13"
      },
      "geometry": {
        "type": "Point",
        "coordinates": [
          77.2245278,
          28.6590419
        ]
      },
      "id": "way/1376095197"
    },
    {
      "type": "Feature",
      "properties": {
        "@id": "way/1376710968",
        "access": "private",
        "amenity": "parking",
        "fee": "no",
        "parking": "surface",
        "smoothness": "excellent",
        "surface": "paved",
        "@geometry": "center",
        "flood_count_5yr": 0.0,
        "elevation_m": 213.0,
        "risk_category": "low",
        "risk_color": "#00FF00",
        "risk_label": "LOW",
        "data_source": "polygon",
        "assessment_criteria": {
          "flood_threshold_low": 2,
          "flood_threshold_moderate": 4,
          "elevation_threshold_high": 210,
          "elevation_threshold_low": 205
        },
        "assessed_date": "2026-02-13"
      },
      "geometry": {
        "type": "Point",
        "coordinates": [
          77.1264989,
          28.65514
        ]
      },
      "id": "way/1376710968"
    },
    {
      "type": "Feature",
      "properties": {
        "@id": "way/1376952472",
        "amenity": "parking",
        "@geometry": "center",
        "flood_count_5yr": 0.0,
        "elevation_m": 235.0,
        "risk_category": "low",
        "risk_color": "#00FF00",
        "risk_label": "LOW",
        "data_source": "polygon",
        "assessment_criteria": {
          "flood_threshold_low": 2,
          "flood_threshold_moderate": 4,
          "elevation_threshold_high": 210,
          "elevation_threshold_low": 205
        },
        "assessed_date": "2026-02-13"
      },
      "geometry": {
        "type": "Point",
        "coordinates": [
          77.183274,
          28.6378546
        ]
      },
      "id": "way/1376952472"
    },
    {
      "type": "Feature",
      "properties": {
        "@id": "way/1377182995",
        "amenity": "parking",
        "@geometry": "center",
        "flood_count_5yr": 0.0,
        "elevation_m": 214.0,
        "risk_category": "low",
        "risk_color": "#00FF00",
        "risk_label": "LOW",
        "data_source": "polygon",
        "assessment_criteria": {
          "flood_threshold_low": 2,
          "flood_threshold_moderate": 4,
          "elevation_threshold_high": 210,
          "elevation_threshold_low": 205
        },
        "assessed_date": "2026-02-13"
      },
      "geometry": {
        "type": "Point",
        "coordinates": [
          77.0209656,
          28.6061973
        ]
      },
      "id": "way/1377182995"
    },
    {
      "type": "Feature",
      "properties": {
        "@id": "way/1377183579",
        "amenity": "parking",
        "@geometry": "center",
        "flood_count_5yr": 0.0,
        "elevation_m": 216.0,
        "risk_category": "low",
        "risk_color": "#00FF00",
        "risk_label": "LOW",
        "data_source": "polygon",
        "assessment_criteria": {
          "flood_threshold_low": 2,
          "flood_threshold_moderate": 4,
          "elevation_threshold_high": 210,
          "elevation_threshold_low": 205
        },
        "assessed_date": "2026-02-13"
      },
      "geometry": {
        "type": "Point",
        "coordinates": [
          77.0227881,
          28.6066888
        ]
      },
      "id": "way/1377183579"
    },
    {
      "type": "Feature",
      "properties": {
        "@id": "way/1378338079",
        "access": "private",
        "amenity": "parking",
        "fee": "no",
        "parking": "surface",
        "smoothness": "excellent",
        "surface": "paved",
        "@geometry": "center",
        "flood_count_5yr": 0.0,
        "elevation_m": 212.0,
        "risk_category": "low",
        "risk_color": "#00FF00",
        "risk_label": "LOW",
        "data_source": "polygon",
        "assessment_criteria": {
          "flood_threshold_low": 2,
          "flood_threshold_moderate": 4,
          "elevation_threshold_high": 210,
          "elevation_threshold_low": 205
        },
        "assessed_date": "2026-02-13"
      },
      "geometry": {
        "type": "Point",
        "coordinates": [
          77.21845,
          28.5775543
        ]
      },
      "id": "way/1378338079"
    },
    {
      "type": "Feature",
      "properties": {
        "@id": "way/1378618324",
        "access": "yes",
        "amenity": "parking",
        "fee": "no",
        "parking": "surface",
        "smoothness": "excellent",
        "surface": "paved",
        "@geometry": "center",
        "flood_count_5yr": 0.0,
        "elevation_m": 217.0,
        "risk_category": "low",
        "risk_color": "#00FF00",
        "risk_label": "LOW",
        "data_source": "polygon",
        "assessment_criteria": {
          "flood_threshold_low": 2,
          "flood_threshold_moderate": 4,
          "elevation_threshold_high": 210,
          "elevation_threshold_low": 205
        },
        "assessed_date": "2026-02-13"
      },
      "geometry": {
        "type": "Point",
        "coordinates": [
          77.2137793,
          28.5763496
        ]
      },
      "id": "way/1378618324"
    },
    {
      "type": "Feature",
      "properties": {
        "@id": "way/1382535518",
        "access": "yes",
        "amenity": "parking",
        "fee": "yes",
        "parking": "street_side",
        "@geometry": "center",
        "flood_count_5yr": 0.0,
        "elevation_m": 225.0,
        "risk_category": "low",
        "risk_color": "#00FF00",
        "risk_label": "LOW",
        "data_source": "polygon",
        "assessment_criteria": {
          "flood_threshold_low": 2,
          "flood_threshold_moderate": 4,
          "elevation_threshold_high": 210,
          "elevation_threshold_low": 205
        },
        "assessed_date": "2026-02-13"
      },
      "geometry": {
        "type": "Point",
        "coordinates": [
          77.2423635,
          28.5535269
        ]
      },
      "id": "way/1382535518"
    },
    {
      "type": "Feature",
      "properties": {
        "@id": "way/1382699656",
        "access": "private",
        "amenity": "parking",
        "fee": "no",
        "parking": "surface",
        "smoothness": "excellent",
        "surface": "paved",
        "@geometry": "center",
        "flood_count_5yr": 0.0,
        "elevation_m": 220.0,
        "risk_category": "low",
        "risk_color": "#00FF00",
        "risk_label": "LOW",
        "data_source": "polygon",
        "assessment_criteria": {
          "flood_threshold_low": 2,
          "flood_threshold_moderate": 4,
          "elevation_threshold_high": 210,
          "elevation_threshold_low": 205
        },
        "assessed_date": "2026-02-13"
      },
      "geometry": {
        "type": "Point",
        "coordinates": [
          77.2415344,
          28.5589478
        ]
      },
      "id": "way/1382699656"
    },
    {
      "type": "Feature",
      "properties": {
        "@id": "way/1383562870",
        "access": "private",
        "amenity": "parking",
        "parking": "surface",
        "@geometry": "center",
        "flood_count_5yr": 0.0,
        "elevation_m": 228.0,
        "risk_category": "low",
        "risk_color": "#00FF00",
        "risk_label": "LOW",
        "data_source": "polygon",
        "assessment_criteria": {
          "flood_threshold_low": 2,
          "flood_threshold_moderate": 4,
          "elevation_threshold_high": 210,
          "elevation_threshold_low": 205
        },
        "assessed_date": "2026-02-13"
      },
      "geometry": {
        "type": "Point",
        "coordinates": [
          77.1364659,
          28.5959977
        ]
      },
      "id": "way/1383562870"
    },
    {
      "type": "Feature",
      "properties": {
        "@id": "way/1383686243",
        "amenity": "parking",
        "parking": "surface",
        "@geometry": "center",
        "flood_count_5yr": 0.0,
        "elevation_m": 229.0,
        "risk_category": "low",
        "risk_color": "#00FF00",
        "risk_label": "LOW",
        "data_source": "polygon",
        "assessment_criteria": {
          "flood_threshold_low": 2,
          "flood_threshold_moderate": 4,
          "elevation_threshold_high": 210,
          "elevation_threshold_low": 205
        },
        "assessed_date": "2026-02-13"
      },
      "geometry": {
        "type": "Point",
        "coordinates": [
          77.0917417,
          28.557525
        ]
      },
      "id": "way/1383686243"
    },
    {
      "type": "Feature",
      "properties": {
        "@id": "way/1383746120",
        "access": "private",
        "amenity": "parking",
        "@geometry": "center",
        "flood_count_5yr": 0.0,
        "elevation_m": 232.0,
        "risk_category": "low",
        "risk_color": "#00FF00",
        "risk_label": "LOW",
        "data_source": "polygon",
        "assessment_criteria": {
          "flood_threshold_low": 2,
          "flood_threshold_moderate": 4,
          "elevation_threshold_high": 210,
          "elevation_threshold_low": 205
        },
        "assessed_date": "2026-02-13"
      },
      "geometry": {
        "type": "Point",
        "coordinates": [
          77.0987305,
          28.5498442
        ]
      },
      "id": "way/1383746120"
    },
    {
      "type": "Feature",
      "properties": {
        "@id": "way/1383746123",
        "amenity": "parking",
        "@geometry": "center",
        "flood_count_5yr": 0.0,
        "elevation_m": 227.0,
        "risk_category": "low",
        "risk_color": "#00FF00",
        "risk_label": "LOW",
        "data_source": "polygon",
        "assessment_criteria": {
          "flood_threshold_low": 2,
          "flood_threshold_moderate": 4,
          "elevation_threshold_high": 210,
          "elevation_threshold_low": 205
        },
        "assessed_date": "2026-02-13"
      },
      "geometry": {
        "type": "Point",
        "coordinates": [
          77.0981644,
          28.5500178
        ]
      },
      "id": "way/1383746123"
    },
    {
      "type": "Feature",
      "properties": {
        "@id": "way/1383795425",
        "access": "customers",
        "amenity": "parking",
        "fee": "yes",
        "parking": "surface",
        "@geometry": "center",
        "flood_count_5yr": 0.0,
        "elevation_m": 218.0,
        "risk_category": "low",
        "risk_color": "#00FF00",
        "risk_label": "LOW",
        "data_source": "polygon",
        "assessment_criteria": {
          "flood_threshold_low": 2,
          "flood_threshold_moderate": 4,
          "elevation_threshold_high": 210,
          "elevation_threshold_low": 205
        },
        "assessed_date": "2026-02-13"
      },
      "geometry": {
        "type": "Point",
        "coordinates": [
          77.1500623,
          28.6991979
        ]
      },
      "id": "way/1383795425"
    },
    {
      "type": "Feature",
      "properties": {
        "@id": "way/1383804762",
        "access": "customers",
        "amenity": "parking",
        "parking": "surface",
        "@geometry": "center",
        "flood_count_5yr": 0.0,
        "elevation_m": 230.0,
        "risk_category": "low",
        "risk_color": "#00FF00",
        "risk_label": "LOW",
        "data_source": "polygon",
        "assessment_criteria": {
          "flood_threshold_low": 2,
          "flood_threshold_moderate": 4,
          "elevation_threshold_high": 210,
          "elevation_threshold_low": 205
        },
        "assessed_date": "2026-02-13"
      },
      "geometry": {
        "type": "Point",
        "coordinates": [
          77.2127733,
          28.5252846
        ]
      },
      "id": "way/1383804762"
    },
    {
      "type": "Feature",
      "properties": {
        "@id": "way/1383914076",
        "access": "customers",
        "amenity": "parking",
        "fee": "no",
        "parking": "surface",
        "@geometry": "center",
        "flood_count_5yr": 0.0,
        "elevation_m": 212.0,
        "risk_category": "low",
        "risk_color": "#00FF00",
        "risk_label": "LOW",
        "data_source": "polygon",
        "assessment_criteria": {
          "flood_threshold_low": 2,
          "flood_threshold_moderate": 4,
          "elevation_threshold_high": 210,
          "elevation_threshold_low": 205
        },
        "assessed_date": "2026-02-13"
      },
      "geometry": {
        "type": "Point",
        "coordinates": [
          77.0560719,
          28.590086
        ]
      },
      "id": "way/1383914076"
    },
    {
      "type": "Feature",
      "properties": {
        "@id": "way/1383933726",
        "access": "customers",
        "amenity": "parking",
        "parking": "surface",
        "@geometry": "center",
        "flood_count_5yr": 0.0,
        "elevation_m": 219.0,
        "risk_category": "low",
        "risk_color": "#00FF00",
        "risk_label": "LOW",
        "data_source": "polygon",
        "assessment_criteria": {
          "flood_threshold_low": 2,
          "flood_threshold_moderate": 4,
          "elevation_threshold_high": 210,
          "elevation_threshold_low": 205
        },
        "assessed_date": "2026-02-13"
      },
      "geometry": {
        "type": "Point",
        "coordinates": [
          77.1146087,
          28.6312215
        ]
      },
      "id": "way/1383933726"
    },
    {
      "type": "Feature",
      "properties": {
        "@id": "way/1384222507",
        "access": "private",
        "amenity": "parking",
        "parking": "surface",
        "@geometry": "center",
        "flood_count_5yr": 0.0,
        "elevation_m": 248.0,
        "risk_category": "low",
        "risk_color": "#00FF00",
        "risk_label": "LOW",
        "data_source": "polygon",
        "assessment_criteria": {
          "flood_threshold_low": 2,
          "flood_threshold_moderate": 4,
          "elevation_threshold_high": 210,
          "elevation_threshold_low": 205
        },
        "assessed_date": "2026-02-13"
      },
      "geometry": {
        "type": "Point",
        "coordinates": [
          77.1680111,
          28.5905852
        ]
      },
      "id": "way/1384222507"
    },
    {
      "type": "Feature",
      "properties": {
        "@id": "way/1384231629",
        "amenity": "parking",
        "parking": "surface",
        "@geometry": "center",
        "flood_count_5yr": 0.0,
        "elevation_m": 216.0,
        "risk_category": "low",
        "risk_color": "#00FF00",
        "risk_label": "LOW",
        "data_source": "polygon",
        "assessment_criteria": {
          "flood_threshold_low": 2,
          "flood_threshold_moderate": 4,
          "elevation_threshold_high": 210,
          "elevation_threshold_low": 205
        },
        "assessed_date": "2026-02-13"
      },
      "geometry": {
        "type": "Point",
        "coordinates": [
          77.2513019,
          28.5661506
        ]
      },
      "id": "way/1384231629"
    },
    {
      "type": "Feature",
      "properties": {
        "@id": "way/1384481995",
        "access": "customers",
        "amenity": "parking",
        "parking": "surface",
        "@geometry": "center",
        "flood_count_5yr": 0.0,
        "elevation_m": 249.0,
        "risk_category": "low",
        "risk_color": "#00FF00",
        "risk_label": "LOW",
        "data_source": "polygon",
        "assessment_criteria": {
          "flood_threshold_low": 2,
          "flood_threshold_moderate": 4,
          "elevation_threshold_high": 210,
          "elevation_threshold_low": 205
        },
        "assessed_date": "2026-02-13"
      },
      "geometry": {
        "type": "Point",
        "coordinates": [
          77.2376031,
          28.4951719
        ]
      },
      "id": "way/1384481995"
    },
    {
      "type": "Feature",
      "properties": {
        "@id": "way/1384492851",
        "access": "yes",
        "amenity": "parking",
        "fee": "no",
        "smoothness": "excellent",
        "surface": "paved",
        "@geometry": "center",
        "flood_count_5yr": 0.0,
        "elevation_m": 230.0,
        "risk_category": "low",
        "risk_color": "#00FF00",
        "risk_label": "LOW",
        "data_source": "polygon",
        "assessment_criteria": {
          "flood_threshold_low": 2,
          "flood_threshold_moderate": 4,
          "elevation_threshold_high": 210,
          "elevation_threshold_low": 205
        },
        "assessed_date": "2026-02-13"
      },
      "geometry": {
        "type": "Point",
        "coordinates": [
          77.1111609,
          28.577132
        ]
      },
      "id": "way/1384492851"
    },
    {
      "type": "Feature",
      "properties": {
        "@id": "way/1385319902",
        "amenity": "parking",
        "parking": "surface",
        "@geometry": "center",
        "flood_count_5yr": 0.0,
        "elevation_m": 229.0,
        "risk_category": "low",
        "risk_color": "#00FF00",
        "risk_label": "LOW",
        "data_source": "polygon",
        "assessment_criteria": {
          "flood_threshold_low": 2,
          "flood_threshold_moderate": 4,
          "elevation_threshold_high": 210,
          "elevation_threshold_low": 205
        },
        "assessed_date": "2026-02-13"
      },
      "geometry": {
        "type": "Point",
        "coordinates": [
          77.2164398,
          28.529131
        ]
      },
      "id": "way/1385319902"
    },
    {
      "type": "Feature",
      "properties": {
        "@id": "way/1385325224",
        "access": "customers",
        "amenity": "parking",
        "name": "DLF South Court Parking",
        "parking": "surface",
        "smoothness": "excellent",
        "surface": "paved",
        "@geometry": "center",
        "flood_count_5yr": 0.0,
        "elevation_m": 224.0,
        "risk_category": "low",
        "risk_color": "#00FF00",
        "risk_label": "LOW",
        "data_source": "polygon",
        "assessment_criteria": {
          "flood_threshold_low": 2,
          "flood_threshold_moderate": 4,
          "elevation_threshold_high": 210,
          "elevation_threshold_low": 205
        },
        "assessed_date": "2026-02-13"
      },
      "geometry": {
        "type": "Point",
        "coordinates": [
          77.2210469,
          28.5278698
        ]
      },
      "id": "way/1385325224"
    },
    {
      "type": "Feature",
      "properties": {
        "@id": "way/1385327421",
        "access": "customers",
        "amenity": "parking",
        "name": "MGF Metropolitan Parking",
        "parking": "surface",
        "smoothness": "excellent",
        "surface": "paved",
        "@geometry": "center",
        "flood_count_5yr": 0.0,
        "elevation_m": 220.0,
        "risk_category": "low",
        "risk_color": "#00FF00",
        "risk_label": "LOW",
        "data_source": "polygon",
        "assessment_criteria": {
          "flood_threshold_low": 2,
          "flood_threshold_moderate": 4,
          "elevation_threshold_high": 210,
          "elevation_threshold_low": 205
        },
        "assessed_date": "2026-02-13"
      },
      "geometry": {
        "type": "Point",
        "coordinates": [
          77.2204967,
          28.5296699
        ]
      },
      "id": "way/1385327421"
    },
    {
      "type": "Feature",
      "properties": {
        "@id": "way/1385357437",
        "access": "customers",
        "amenity": "parking",
        "name": "Salcon Rasvilas Parking",
        "parking": "surface",
        "smoothness": "excellent",
        "surface": "paved",
        "@geometry": "center",
        "flood_count_5yr": 0.0,
        "elevation_m": 229.0,
        "risk_category": "low",
        "risk_color": "#00FF00",
        "risk_label": "LOW",
        "data_source": "polygon",
        "assessment_criteria": {
          "flood_threshold_low": 2,
          "flood_threshold_moderate": 4,
          "elevation_threshold_high": 210,
          "elevation_threshold_low": 205
        },
        "assessed_date": "2026-02-13"
      },
      "geometry": {
        "type": "Point",
        "coordinates": [
          77.2196358,
          28.5275067
        ]
      },
      "id": "way/1385357437"
    },
    {
      "type": "Feature",
      "properties": {
        "@id": "way/1385357442",
        "access": "customers",
        "amenity": "parking",
        "name": "Religare Parking",
        "parking": "surface",
        "smoothness": "excellent",
        "surface": "paved",
        "@geometry": "center",
        "flood_count_5yr": 0.0,
        "elevation_m": 230.0,
        "risk_category": "low",
        "risk_color": "#00FF00",
        "risk_label": "LOW",
        "data_source": "polygon",
        "assessment_criteria": {
          "flood_threshold_low": 2,
          "flood_threshold_moderate": 4,
          "elevation_threshold_high": 210,
          "elevation_threshold_low": 205
        },
        "assessed_date": "2026-02-13"
      },
      "geometry": {
        "type": "Point",
        "coordinates": [
          77.2171695,
          28.5269317
        ]
      },
      "id": "way/1385357442"
    },
    {
      "type": "Feature",
      "properties": {
        "@id": "way/1385366191",
        "access": "customers",
        "amenity": "parking",
        "parking": "surface",
        "@geometry": "center",
        "flood_count_5yr": 0.0,
        "elevation_m": 221.0,
        "risk_category": "low",
        "risk_color": "#00FF00",
        "risk_label": "LOW",
        "data_source": "polygon",
        "assessment_criteria": {
          "flood_threshold_low": 2,
          "flood_threshold_moderate": 4,
          "elevation_threshold_high": 210,
          "elevation_threshold_low": 205
        },
        "assessed_date": "2026-02-13"
      },
      "geometry": {
        "type": "Point",
        "coordinates": [
          77.2183319,
          28.5271815
        ]
      },
      "id": "way/1385366191"
    },
    {
      "type": "Feature",
      "properties": {
        "@id": "way/1385366194",
        "access": "customers",
        "amenity": "parking",
        "parking": "surface",
        "smoothness": "excellent",
        "surface": "paved",
        "@geometry": "center",
        "flood_count_5yr": 0.0,
        "elevation_m": 229.0,
        "risk_category": "low",
        "risk_color": "#00FF00",
        "risk_label": "LOW",
        "data_source": "polygon",
        "assessment_criteria": {
          "flood_threshold_low": 2,
          "flood_threshold_moderate": 4,
          "elevation_threshold_high": 210,
          "elevation_threshold_low": 205
        },
        "assessed_date": "2026-02-13"
      },
      "geometry": {
        "type": "Point",
        "coordinates": [
          77.2157499,
          28.5268169
        ]
      },
      "id": "way/1385366194"
    },
    {
      "type": "Feature",
      "properties": {
        "@id": "way/1385366196",
        "access": "customers",
        "amenity": "parking",
        "parking": "surface",
        "@geometry": "center",
        "flood_count_5yr": 0.0,
        "elevation_m": 224.0,
        "risk_category": "low",
        "risk_color": "#00FF00",
        "risk_label": "LOW",
        "data_source": "polygon",
        "assessment_criteria": {
          "flood_threshold_low": 2,
          "flood_threshold_moderate": 4,
          "elevation_threshold_high": 210,
          "elevation_threshold_low": 205
        },
        "assessed_date": "2026-02-13"
      },
      "geometry": {
        "type": "Point",
        "coordinates": [
          77.2189337,
          28.5268623
        ]
      },
      "id": "way/1385366196"
    },
    {
      "type": "Feature",
      "properties": {
        "@id": "way/1385366197",
        "access": "customers",
        "amenity": "parking",
        "parking": "surface",
        "@geometry": "center",
        "flood_count_5yr": 0.0,
        "elevation_m": 231.0,
        "risk_category": "low",
        "risk_color": "#00FF00",
        "risk_label": "LOW",
        "data_source": "polygon",
        "assessment_criteria": {
          "flood_threshold_low": 2,
          "flood_threshold_moderate": 4,
          "elevation_threshold_high": 210,
          "elevation_threshold_low": 205
        },
        "assessed_date": "2026-02-13"
      },
      "geometry": {
        "type": "Point",
        "coordinates": [
          77.2162858,
          28.5276178
        ]
      },
      "id": "way/1385366197"
    },
    {
      "type": "Feature",
      "properties": {
        "@id": "way/1386106209",
        "access": "yes",
        "amenity": "parking",
        "fee": "yes",
        "parking": "surface",
        "@geometry": "center",
        "flood_count_5yr": 0.0,
        "elevation_m": 218.0,
        "risk_category": "low",
        "risk_color": "#00FF00",
        "risk_label": "LOW",
        "data_source": "polygon",
        "assessment_criteria": {
          "flood_threshold_low": 2,
          "flood_threshold_moderate": 4,
          "elevation_threshold_high": 210,
          "elevation_threshold_low": 205
        },
        "assessed_date": "2026-02-13"
      },
      "geometry": {
        "type": "Point",
        "coordinates": [
          77.2080556,
          28.6388932
        ]
      },
      "id": "way/1386106209"
    },
    {
      "type": "Feature",
      "properties": {
        "@id": "way/1386169585",
        "access": "private",
        "amenity": "parking",
        "fee": "no",
        "parking": "surface",
        "smoothness": "excellent",
        "surface": "paved",
        "@geometry": "center",
        "flood_count_5yr": 0.0,
        "elevation_m": 226.0,
        "risk_category": "low",
        "risk_color": "#00FF00",
        "risk_label": "LOW",
        "data_source": "polygon",
        "assessment_criteria": {
          "flood_threshold_low": 2,
          "flood_threshold_moderate": 4,
          "elevation_threshold_high": 210,
          "elevation_threshold_low": 205
        },
        "assessed_date": "2026-02-13"
      },
      "geometry": {
        "type": "Point",
        "coordinates": [
          77.2637532,
          28.5384607
        ]
      },
      "id": "way/1386169585"
    },
    {
      "type": "Feature",
      "properties": {
        "@id": "way/1386421829",
        "access": "private",
        "amenity": "parking",
        "fee": "no",
        "parking": "surface",
        "smoothness": "excellent",
        "surface": "paved",
        "@geometry": "center",
        "flood_count_5yr": 0.0,
        "elevation_m": 229.0,
        "risk_category": "low",
        "risk_color": "#00FF00",
        "risk_label": "LOW",
        "data_source": "polygon",
        "assessment_criteria": {
          "flood_threshold_low": 2,
          "flood_threshold_moderate": 4,
          "elevation_threshold_high": 210,
          "elevation_threshold_low": 205
        },
        "assessed_date": "2026-02-13"
      },
      "geometry": {
        "type": "Point",
        "coordinates": [
          77.2646573,
          28.5397373
        ]
      },
      "id": "way/1386421829"
    },
    {
      "type": "Feature",
      "properties": {
        "@id": "way/1386462054",
        "amenity": "parking",
        "@geometry": "center",
        "flood_count_5yr": 0.0,
        "elevation_m": 221.0,
        "risk_category": "low",
        "risk_color": "#00FF00",
        "risk_label": "LOW",
        "data_source": "polygon",
        "assessment_criteria": {
          "flood_threshold_low": 2,
          "flood_threshold_moderate": 4,
          "elevation_threshold_high": 210,
          "elevation_threshold_low": 205
        },
        "assessed_date": "2026-02-13"
      },
      "geometry": {
        "type": "Point",
        "coordinates": [
          77.1961611,
          28.5917135
        ]
      },
      "id": "way/1386462054"
    },
    {
      "type": "Feature",
      "properties": {
        "@id": "way/1386957470",
        "access": "customers",
        "amenity": "parking",
        "parking": "surface",
        "@geometry": "center",
        "flood_count_5yr": 0.0,
        "elevation_m": 228.0,
        "risk_category": "low",
        "risk_color": "#00FF00",
        "risk_label": "LOW",
        "data_source": "polygon",
        "assessment_criteria": {
          "flood_threshold_low": 2,
          "flood_threshold_moderate": 4,
          "elevation_threshold_high": 210,
          "elevation_threshold_low": 205
        },
        "assessed_date": "2026-02-13"
      },
      "geometry": {
        "type": "Point",
        "coordinates": [
          77.2042395,
          28.6399229
        ]
      },
      "id": "way/1386957470"
    },
    {
      "type": "Feature",
      "properties": {
        "@id": "way/1386957479",
        "access": "customers",
        "amenity": "parking",
        "parking": "surface",
        "@geometry": "center",
        "flood_count_5yr": 0.0,
        "elevation_m": 226.0,
        "risk_category": "low",
        "risk_color": "#00FF00",
        "risk_label": "LOW",
        "data_source": "polygon",
        "assessment_criteria": {
          "flood_threshold_low": 2,
          "flood_threshold_moderate": 4,
          "elevation_threshold_high": 210,
          "elevation_threshold_low": 205
        },
        "assessed_date": "2026-02-13"
      },
      "geometry": {
        "type": "Point",
        "coordinates": [
          77.2044728,
          28.6402324
        ]
      },
      "id": "way/1386957479"
    },
    {
      "type": "Feature",
      "properties": {
        "@id": "way/1386957481",
        "access": "customers",
        "amenity": "parking",
        "parking": "surface",
        "@geometry": "center",
        "flood_count_5yr": 0.0,
        "elevation_m": 222.0,
        "risk_category": "low",
        "risk_color": "#00FF00",
        "risk_label": "LOW",
        "data_source": "polygon",
        "assessment_criteria": {
          "flood_threshold_low": 2,
          "flood_threshold_moderate": 4,
          "elevation_threshold_high": 210,
          "elevation_threshold_low": 205
        },
        "assessed_date": "2026-02-13"
      },
      "geometry": {
        "type": "Point",
        "coordinates": [
          77.203941,
          28.639514
        ]
      },
      "id": "way/1386957481"
    },
    {
      "type": "Feature",
      "properties": {
        "@id": "way/1387151472",
        "access": "private",
        "amenity": "parking",
        "parking": "surface",
        "@geometry": "center",
        "flood_count_5yr": 0.0,
        "elevation_m": 211.0,
        "risk_category": "low",
        "risk_color": "#00FF00",
        "risk_label": "LOW",
        "data_source": "polygon",
        "assessment_criteria": {
          "flood_threshold_low": 2,
          "flood_threshold_moderate": 4,
          "elevation_threshold_high": 210,
          "elevation_threshold_low": 205
        },
        "assessed_date": "2026-02-13"
      },
      "geometry": {
        "type": "Point",
        "coordinates": [
          77.1238802,
          28.7029014
        ]
      },
      "id": "way/1387151472"
    },
    {
      "type": "Feature",
      "properties": {
        "@id": "way/1388849653",
        "amenity": "parking",
        "operator": "Metro Station Parking",
        "@geometry": "center",
        "flood_count_5yr": 0.0,
        "elevation_m": 214.0,
        "risk_category": "low",
        "risk_color": "#00FF00",
        "risk_label": "LOW",
        "data_source": "polygon",
        "assessment_criteria": {
          "flood_threshold_low": 2,
          "flood_threshold_moderate": 4,
          "elevation_threshold_high": 210,
          "elevation_threshold_low": 205
        },
        "assessed_date": "2026-02-13"
      },
      "geometry": {
        "type": "Point",
        "coordinates": [
          77.1392474,
          28.7391555
        ]
      },
      "id": "way/1388849653"
    },
    {
      "type": "Feature",
      "properties": {
        "@id": "way/1389231643",
        "access": "private",
        "amenity": "parking",
        "parking": "surface",
        "@geometry": "center",
        "flood_count_5yr": 0.0,
        "elevation_m": 233.0,
        "risk_category": "low",
        "risk_color": "#00FF00",
        "risk_label": "LOW",
        "data_source": "polygon",
        "assessment_criteria": {
          "flood_threshold_low": 2,
          "flood_threshold_moderate": 4,
          "elevation_threshold_high": 210,
          "elevation_threshold_low": 205
        },
        "assessed_date": "2026-02-13"
      },
      "geometry": {
        "type": "Point",
        "coordinates": [
          77.1376402,
          28.5839354
        ]
      },
      "id": "way/1389231643"
    },
    {
      "type": "Feature",
      "properties": {
        "@id": "way/1389231656",
        "access": "private",
        "amenity": "parking",
        "parking": "surface",
        "@geometry": "center",
        "flood_count_5yr": 0.0,
        "elevation_m": 234.0,
        "risk_category": "low",
        "risk_color": "#00FF00",
        "risk_label": "LOW",
        "data_source": "polygon",
        "assessment_criteria": {
          "flood_threshold_low": 2,
          "flood_threshold_moderate": 4,
          "elevation_threshold_high": 210,
          "elevation_threshold_low": 205
        },
        "assessed_date": "2026-02-13"
      },
      "geometry": {
        "type": "Point",
        "coordinates": [
          77.1356129,
          28.5827594
        ]
      },
      "id": "way/1389231656"
    },
    {
      "type": "Feature",
      "properties": {
        "@id": "way/1389246811",
        "access": "customers",
        "amenity": "parking",
        "parking": "surface",
        "@geometry": "center",
        "flood_count_5yr": 0.0,
        "elevation_m": 221.0,
        "risk_category": "low",
        "risk_color": "#00FF00",
        "risk_label": "LOW",
        "data_source": "polygon",
        "assessment_criteria": {
          "flood_threshold_low": 2,
          "flood_threshold_moderate": 4,
          "elevation_threshold_high": 210,
          "elevation_threshold_low": 205
        },
        "assessed_date": "2026-02-13"
      },
      "geometry": {
        "type": "Point",
        "coordinates": [
          77.1682334,
          28.6838433
        ]
      },
      "id": "way/1389246811"
    },
    {
      "type": "Feature",
      "properties": {
        "@id": "way/1389856413",
        "access": "customers",
        "amenity": "parking",
        "parking": "surface",
        "@geometry": "center",
        "flood_count_5yr": 0.0,
        "elevation_m": 212.0,
        "risk_category": "low",
        "risk_color": "#00FF00",
        "risk_label": "LOW",
        "data_source": "polygon",
        "assessment_criteria": {
          "flood_threshold_low": 2,
          "flood_threshold_moderate": 4,
          "elevation_threshold_high": 210,
          "elevation_threshold_low": 205
        },
        "assessed_date": "2026-02-13"
      },
      "geometry": {
        "type": "Point",
        "coordinates": [
          77.3044517,
          28.680701
        ]
      },
      "id": "way/1389856413"
    },
    {
      "type": "Feature",
      "properties": {
        "@id": "way/1389856431",
        "access": "customers",
        "amenity": "parking",
        "parking": "surface",
        "@geometry": "center",
        "flood_count_5yr": 0.0,
        "elevation_m": 214.0,
        "risk_category": "low",
        "risk_color": "#00FF00",
        "risk_label": "LOW",
        "data_source": "polygon",
        "assessment_criteria": {
          "flood_threshold_low": 2,
          "flood_threshold_moderate": 4,
          "elevation_threshold_high": 210,
          "elevation_threshold_low": 205
        },
        "assessed_date": "2026-02-13"
      },
      "geometry": {
        "type": "Point",
        "coordinates": [
          77.3050693,
          28.6800169
        ]
      },
      "id": "way/1389856431"
    },
    {
      "type": "Feature",
      "properties": {
        "@id": "way/1391509538",
        "access": "private",
        "amenity": "parking",
        "parking": "surface",
        "@geometry": "center",
        "flood_count_5yr": 0.0,
        "elevation_m": 245.0,
        "risk_category": "low",
        "risk_color": "#00FF00",
        "risk_label": "LOW",
        "data_source": "polygon",
        "assessment_criteria": {
          "flood_threshold_low": 2,
          "flood_threshold_moderate": 4,
          "elevation_threshold_high": 210,
          "elevation_threshold_low": 205
        },
        "assessed_date": "2026-02-13"
      },
      "geometry": {
        "type": "Point",
        "coordinates": [
          77.1611435,
          28.5942421
        ]
      },
      "id": "way/1391509538"
    },
    {
      "type": "Feature",
      "properties": {
        "@id": "way/1392296826",
        "access": "private",
        "amenity": "parking",
        "parking": "surface",
        "@geometry": "center",
        "flood_count_5yr": 0.0,
        "elevation_m": 252.0,
        "risk_category": "low",
        "risk_color": "#00FF00",
        "risk_label": "LOW",
        "data_source": "polygon",
        "assessment_criteria": {
          "flood_threshold_low": 2,
          "flood_threshold_moderate": 4,
          "elevation_threshold_high": 210,
          "elevation_threshold_low": 205
        },
        "assessed_date": "2026-02-13"
      },
      "geometry": {
        "type": "Point",
        "coordinates": [
          77.1659568,
          28.5860734
        ]
      },
      "id": "way/1392296826"
    },
    {
      "type": "Feature",
      "properties": {
        "@id": "way/1393210939",
        "access": "private",
        "amenity": "parking",
        "parking": "surface",
        "@geometry": "center",
        "flood_count_5yr": 0.0,
        "elevation_m": 226.0,
        "risk_category": "low",
        "risk_color": "#00FF00",
        "risk_label": "LOW",
        "data_source": "polygon",
        "assessment_criteria": {
          "flood_threshold_low": 2,
          "flood_threshold_moderate": 4,
          "elevation_threshold_high": 210,
          "elevation_threshold_low": 205
        },
        "assessed_date": "2026-02-13"
      },
      "geometry": {
        "type": "Point",
        "coordinates": [
          77.2090506,
          28.6386391
        ]
      },
      "id": "way/1393210939"
    },
    {
      "type": "Feature",
      "properties": {
        "@id": "way/1393220828",
        "access": "customers",
        "amenity": "parking",
        "@geometry": "center",
        "flood_count_5yr": 0.0,
        "elevation_m": 272.0,
        "risk_category": "low",
        "risk_color": "#00FF00",
        "risk_label": "LOW",
        "data_source": "polygon",
        "assessment_criteria": {
          "flood_threshold_low": 2,
          "flood_threshold_moderate": 4,
          "elevation_threshold_high": 210,
          "elevation_threshold_low": 205
        },
        "assessed_date": "2026-02-13"
      },
      "geometry": {
        "type": "Point",
        "coordinates": [
          77.1492971,
          28.4953779
        ]
      },
      "id": "way/1393220828"
    },
    {
      "type": "Feature",
      "properties": {
        "@id": "way/1393736859",
        "access": "yes",
        "amenity": "parking",
        "level": "-1",
        "name": "Palika Parking",
        "parking": "underground",
        "@geometry": "center",
        "flood_count_5yr": 0.0,
        "elevation_m": 219.0,
        "risk_category": "low",
        "risk_color": "#00FF00",
        "risk_label": "LOW",
        "data_source": "polygon",
        "assessment_criteria": {
          "flood_threshold_low": 2,
          "flood_threshold_moderate": 4,
          "elevation_threshold_high": 210,
          "elevation_threshold_low": 205
        },
        "assessed_date": "2026-02-13"
      },
      "geometry": {
        "type": "Point",
        "coordinates": [
          77.2178866,
          28.6313017
        ]
      },
      "id": "way/1393736859"
    },
    {
      "type": "Feature",
      "properties": {
        "@id": "way/1393745069",
        "amenity": "parking",
        "@geometry": "center",
        "flood_count_5yr": 0.0,
        "elevation_m": 228.0,
        "risk_category": "low",
        "risk_color": "#00FF00",
        "risk_label": "LOW",
        "data_source": "polygon",
        "assessment_criteria": {
          "flood_threshold_low": 2,
          "flood_threshold_moderate": 4,
          "elevation_threshold_high": 210,
          "elevation_threshold_low": 205
        },
        "assessed_date": "2026-02-13"
      },
      "geometry": {
        "type": "Point",
        "coordinates": [
          77.2181819,
          28.5531953
        ]
      },
      "id": "way/1393745069"
    },
    {
      "type": "Feature",
      "properties": {
        "@id": "way/1393745073",
        "amenity": "parking",
        "@geometry": "center",
        "flood_count_5yr": 0.0,
        "elevation_m": 219.0,
        "risk_category": "low",
        "risk_color": "#00FF00",
        "risk_label": "LOW",
        "data_source": "polygon",
        "assessment_criteria": {
          "flood_threshold_low": 2,
          "flood_threshold_moderate": 4,
          "elevation_threshold_high": 210,
          "elevation_threshold_low": 205
        },
        "assessed_date": "2026-02-13"
      },
      "geometry": {
        "type": "Point",
        "coordinates": [
          77.2169325,
          28.553406
        ]
      },
      "id": "way/1393745073"
    },
    {
      "type": "Feature",
      "properties": {
        "@id": "way/1393829969",
        "amenity": "parking",
        "@geometry": "center",
        "flood_count_5yr": 0.0,
        "elevation_m": 225.0,
        "risk_category": "low",
        "risk_color": "#00FF00",
        "risk_label": "LOW",
        "data_source": "polygon",
        "assessment_criteria": {
          "flood_threshold_low": 2,
          "flood_threshold_moderate": 4,
          "elevation_threshold_high": 210,
          "elevation_threshold_low": 205
        },
        "assessed_date": "2026-02-13"
      },
      "geometry": {
        "type": "Point",
        "coordinates": [
          77.2122102,
          28.5517335
        ]
      },
      "id": "way/1393829969"
    },
    {
      "type": "Feature",
      "properties": {
        "@id": "way/1394162119",
        "access": "private",
        "amenity": "parking",
        "parking": "surface",
        "@geometry": "center",
        "flood_count_5yr": 0.0,
        "elevation_m": 219.0,
        "risk_category": "low",
        "risk_color": "#00FF00",
        "risk_label": "LOW",
        "data_source": "polygon",
        "assessment_criteria": {
          "flood_threshold_low": 2,
          "flood_threshold_moderate": 4,
          "elevation_threshold_high": 210,
          "elevation_threshold_low": 205
        },
        "assessed_date": "2026-02-13"
      },
      "geometry": {
        "type": "Point",
        "coordinates": [
          77.081496,
          28.6062098
        ]
      },
      "id": "way/1394162119"
    },
    {
      "type": "Feature",
      "properties": {
        "@id": "way/1394471605",
        "amenity": "parking",
        "@geometry": "center",
        "flood_count_5yr": 0.0,
        "elevation_m": 216.0,
        "risk_category": "low",
        "risk_color": "#00FF00",
        "risk_label": "LOW",
        "data_source": "polygon",
        "assessment_criteria": {
          "flood_threshold_low": 2,
          "flood_threshold_moderate": 4,
          "elevation_threshold_high": 210,
          "elevation_threshold_low": 205
        },
        "assessed_date": "2026-02-13"
      },
      "geometry": {
        "type": "Point",
        "coordinates": [
          77.2376943,
          28.6009614
        ]
      },
      "id": "way/1394471605"
    },
    {
      "type": "Feature",
      "properties": {
        "@id": "way/1394471606",
        "amenity": "parking",
        "@geometry": "center",
        "flood_count_5yr": 0.0,
        "elevation_m": 217.0,
        "risk_category": "low",
        "risk_color": "#00FF00",
        "risk_label": "LOW",
        "data_source": "polygon",
        "assessment_criteria": {
          "flood_threshold_low": 2,
          "flood_threshold_moderate": 4,
          "elevation_threshold_high": 210,
          "elevation_threshold_low": 205
        },
        "assessed_date": "2026-02-13"
      },
      "geometry": {
        "type": "Point",
        "coordinates": [
          77.2391766,
          28.5987608
        ]
      },
      "id": "way/1394471606"
    },
    {
      "type": "Feature",
      "properties": {
        "@id": "way/1395134757",
        "access": "private",
        "amenity": "parking",
        "parking": "surface",
        "@geometry": "center",
        "flood_count_5yr": 0.0,
        "elevation_m": 226.0,
        "risk_category": "low",
        "risk_color": "#00FF00",
        "risk_label": "LOW",
        "data_source": "polygon",
        "assessment_criteria": {
          "flood_threshold_low": 2,
          "flood_threshold_moderate": 4,
          "elevation_threshold_high": 210,
          "elevation_threshold_low": 205
        },
        "assessed_date": "2026-02-13"
      },
      "geometry": {
        "type": "Point",
        "coordinates": [
          77.1823241,
          28.6857707
        ]
      },
      "id": "way/1395134757"
    },
    {
      "type": "Feature",
      "properties": {
        "@id": "way/1395134785",
        "access": "private",
        "amenity": "parking",
        "parking": "surface",
        "@geometry": "center",
        "flood_count_5yr": 0.0,
        "elevation_m": 225.0,
        "risk_category": "low",
        "risk_color": "#00FF00",
        "risk_label": "LOW",
        "data_source": "polygon",
        "assessment_criteria": {
          "flood_threshold_low": 2,
          "flood_threshold_moderate": 4,
          "elevation_threshold_high": 210,
          "elevation_threshold_low": 205
        },
        "assessed_date": "2026-02-13"
      },
      "geometry": {
        "type": "Point",
        "coordinates": [
          77.1829696,
          28.6860637
        ]
      },
      "id": "way/1395134785"
    },
    {
      "type": "Feature",
      "properties": {
        "@id": "way/1395291560",
        "access": "private",
        "amenity": "parking",
        "parking": "surface",
        "@geometry": "center",
        "flood_count_5yr": 0.0,
        "elevation_m": 232.0,
        "risk_category": "low",
        "risk_color": "#00FF00",
        "risk_label": "LOW",
        "data_source": "polygon",
        "assessment_criteria": {
          "flood_threshold_low": 2,
          "flood_threshold_moderate": 4,
          "elevation_threshold_high": 210,
          "elevation_threshold_low": 205
        },
        "assessed_date": "2026-02-13"
      },
      "geometry": {
        "type": "Point",
        "coordinates": [
          77.1788499,
          28.6484862
        ]
      },
      "id": "way/1395291560"
    },
    {
      "type": "Feature",
      "properties": {
        "@id": "way/1395644826",
        "access": "private",
        "amenity": "parking",
        "parking": "sheds",
        "@geometry": "center",
        "flood_count_5yr": 0.0,
        "elevation_m": 216.0,
        "risk_category": "low",
        "risk_color": "#00FF00",
        "risk_label": "LOW",
        "data_source": "polygon",
        "assessment_criteria": {
          "flood_threshold_low": 2,
          "flood_threshold_moderate": 4,
          "elevation_threshold_high": 210,
          "elevation_threshold_low": 205
        },
        "assessed_date": "2026-02-13"
      },
      "geometry": {
        "type": "Point",
        "coordinates": [
          76.9316414,
          28.6178687
        ]
      },
      "id": "way/1395644826"
    },
    {
      "type": "Feature",
      "properties": {
        "@id": "way/1395644827",
        "amenity": "parking",
        "parking": "surface",
        "@geometry": "center",
        "flood_count_5yr": 0.0,
        "elevation_m": 215.0,
        "risk_category": "low",
        "risk_color": "#00FF00",
        "risk_label": "LOW",
        "data_source": "polygon",
        "assessment_criteria": {
          "flood_threshold_low": 2,
          "flood_threshold_moderate": 4,
          "elevation_threshold_high": 210,
          "elevation_threshold_low": 205
        },
        "assessed_date": "2026-02-13"
      },
      "geometry": {
        "type": "Point",
        "coordinates": [
          76.9304254,
          28.6184866
        ]
      },
      "id": "way/1395644827"
    },
    {
      "type": "Feature",
      "properties": {
        "@id": "way/1395644828",
        "access": "private",
        "amenity": "parking",
        "parking": "surface",
        "@geometry": "center",
        "flood_count_5yr": 0.0,
        "elevation_m": 217.0,
        "risk_category": "low",
        "risk_color": "#00FF00",
        "risk_label": "LOW",
        "data_source": "polygon",
        "assessment_criteria": {
          "flood_threshold_low": 2,
          "flood_threshold_moderate": 4,
          "elevation_threshold_high": 210,
          "elevation_threshold_low": 205
        },
        "assessed_date": "2026-02-13"
      },
      "geometry": {
        "type": "Point",
        "coordinates": [
          76.9317423,
          28.6185365
        ]
      },
      "id": "way/1395644828"
    },
    {
      "type": "Feature",
      "properties": {
        "@id": "way/1395644837",
        "access": "private",
        "amenity": "parking",
        "parking": "surface",
        "@geometry": "center",
        "flood_count_5yr": 0.0,
        "elevation_m": 216.0,
        "risk_category": "low",
        "risk_color": "#00FF00",
        "risk_label": "LOW",
        "data_source": "polygon",
        "assessment_criteria": {
          "flood_threshold_low": 2,
          "flood_threshold_moderate": 4,
          "elevation_threshold_high": 210,
          "elevation_threshold_low": 205
        },
        "assessed_date": "2026-02-13"
      },
      "geometry": {
        "type": "Point",
        "coordinates": [
          76.9314793,
          28.6179656
        ]
      },
      "id": "way/1395644837"
    },
    {
      "type": "Feature",
      "properties": {
        "@id": "way/1395895175",
        "amenity": "parking",
        "@geometry": "center",
        "flood_count_5yr": 0.0,
        "elevation_m": 215.0,
        "risk_category": "low",
        "risk_color": "#00FF00",
        "risk_label": "LOW",
        "data_source": "polygon",
        "assessment_criteria": {
          "flood_threshold_low": 2,
          "flood_threshold_moderate": 4,
          "elevation_threshold_high": 210,
          "elevation_threshold_low": 205
        },
        "assessed_date": "2026-02-13"
      },
      "geometry": {
        "type": "Point",
        "coordinates": [
          77.2124108,
          28.6111717
        ]
      },
      "id": "way/1395895175"
    },
    {
      "type": "Feature",
      "properties": {
        "@id": "way/1395895182",
        "amenity": "parking",
        "@geometry": "center",
        "flood_count_5yr": 0.0,
        "elevation_m": 214.0,
        "risk_category": "low",
        "risk_color": "#00FF00",
        "risk_label": "LOW",
        "data_source": "polygon",
        "assessment_criteria": {
          "flood_threshold_low": 2,
          "flood_threshold_moderate": 4,
          "elevation_threshold_high": 210,
          "elevation_threshold_low": 205
        },
        "assessed_date": "2026-02-13"
      },
      "geometry": {
        "type": "Point",
        "coordinates": [
          77.2128358,
          28.6117584
        ]
      },
      "id": "way/1395895182"
    },
    {
      "type": "Feature",
      "properties": {
        "@id": "way/1395895183",
        "amenity": "parking",
        "@geometry": "center",
        "flood_count_5yr": 0.0,
        "elevation_m": 216.0,
        "risk_category": "low",
        "risk_color": "#00FF00",
        "risk_label": "LOW",
        "data_source": "polygon",
        "assessment_criteria": {
          "flood_threshold_low": 2,
          "flood_threshold_moderate": 4,
          "elevation_threshold_high": 210,
          "elevation_threshold_low": 205
        },
        "assessed_date": "2026-02-13"
      },
      "geometry": {
        "type": "Point",
        "coordinates": [
          77.2135166,
          28.6117297
        ]
      },
      "id": "way/1395895183"
    },
    {
      "type": "Feature",
      "properties": {
        "@id": "way/1395895184",
        "amenity": "parking",
        "@geometry": "center",
        "flood_count_5yr": 0.0,
        "elevation_m": 214.0,
        "risk_category": "low",
        "risk_color": "#00FF00",
        "risk_label": "LOW",
        "data_source": "polygon",
        "assessment_criteria": {
          "flood_threshold_low": 2,
          "flood_threshold_moderate": 4,
          "elevation_threshold_high": 210,
          "elevation_threshold_low": 205
        },
        "assessed_date": "2026-02-13"
      },
      "geometry": {
        "type": "Point",
        "coordinates": [
          77.2134881,
          28.6113865
        ]
      },
      "id": "way/1395895184"
    },
    {
      "type": "Feature",
      "properties": {
        "@id": "way/1395895185",
        "amenity": "parking",
        "@geometry": "center",
        "flood_count_5yr": 0.0,
        "elevation_m": 216.0,
        "risk_category": "low",
        "risk_color": "#00FF00",
        "risk_label": "LOW",
        "data_source": "polygon",
        "assessment_criteria": {
          "flood_threshold_low": 2,
          "flood_threshold_moderate": 4,
          "elevation_threshold_high": 210,
          "elevation_threshold_low": 205
        },
        "assessed_date": "2026-02-13"
      },
      "geometry": {
        "type": "Point",
        "coordinates": [
          77.2128139,
          28.6114226
        ]
      },
      "id": "way/1395895185"
    },
    {
      "type": "Feature",
      "properties": {
        "@id": "way/1395895186",
        "amenity": "parking",
        "@geometry": "center",
        "flood_count_5yr": 0.0,
        "elevation_m": 214.0,
        "risk_category": "low",
        "risk_color": "#00FF00",
        "risk_label": "LOW",
        "data_source": "polygon",
        "assessment_criteria": {
          "flood_threshold_low": 2,
          "flood_threshold_moderate": 4,
          "elevation_threshold_high": 210,
          "elevation_threshold_low": 205
        },
        "assessed_date": "2026-02-13"
      },
      "geometry": {
        "type": "Point",
        "coordinates": [
          77.2127914,
          28.6110205
        ]
      },
      "id": "way/1395895186"
    },
    {
      "type": "Feature",
      "properties": {
        "@id": "way/1395895187",
        "amenity": "parking",
        "@geometry": "center",
        "flood_count_5yr": 0.0,
        "elevation_m": 216.0,
        "risk_category": "low",
        "risk_color": "#00FF00",
        "risk_label": "LOW",
        "data_source": "polygon",
        "assessment_criteria": {
          "flood_threshold_low": 2,
          "flood_threshold_moderate": 4,
          "elevation_threshold_high": 210,
          "elevation_threshold_low": 205
        },
        "assessed_date": "2026-02-13"
      },
      "geometry": {
        "type": "Point",
        "coordinates": [
          77.2134538,
          28.6109959
        ]
      },
      "id": "way/1395895187"
    },
    {
      "type": "Feature",
      "properties": {
        "@id": "way/1396147329",
        "access": "private",
        "amenity": "parking",
        "parking": "surface",
        "@geometry": "center",
        "flood_count_5yr": 0.0,
        "elevation_m": 216.0,
        "risk_category": "low",
        "risk_color": "#00FF00",
        "risk_label": "LOW",
        "data_source": "polygon",
        "assessment_criteria": {
          "flood_threshold_low": 2,
          "flood_threshold_moderate": 4,
          "elevation_threshold_high": 210,
          "elevation_threshold_low": 205
        },
        "assessed_date": "2026-02-13"
      },
      "geometry": {
        "type": "Point",
        "coordinates": [
          77.2100099,
          28.6964899
        ]
      },
      "id": "way/1396147329"
    },
    {
      "type": "Feature",
      "properties": {
        "@id": "way/1396527909",
        "access": "private",
        "amenity": "parking",
        "parking": "surface",
        "@geometry": "center",
        "flood_count_5yr": 0.0,
        "elevation_m": 215.0,
        "risk_category": "low",
        "risk_color": "#00FF00",
        "risk_label": "LOW",
        "data_source": "polygon",
        "assessment_criteria": {
          "flood_threshold_low": 2,
          "flood_threshold_moderate": 4,
          "elevation_threshold_high": 210,
          "elevation_threshold_low": 205
        },
        "assessed_date": "2026-02-13"
      },
      "geometry": {
        "type": "Point",
        "coordinates": [
          77.2029905,
          28.6893507
        ]
      },
      "id": "way/1396527909"
    },
    {
      "type": "Feature",
      "properties": {
        "@id": "way/1408488299",
        "access": "private",
        "amenity": "parking",
        "parking": "surface",
        "@geometry": "center",
        "flood_count_5yr": 0.0,
        "elevation_m": 217.0,
        "risk_category": "low",
        "risk_color": "#00FF00",
        "risk_label": "LOW",
        "data_source": "polygon",
        "assessment_criteria": {
          "flood_threshold_low": 2,
          "flood_threshold_moderate": 4,
          "elevation_threshold_high": 210,
          "elevation_threshold_low": 205
        },
        "assessed_date": "2026-02-13"
      },
      "geometry": {
        "type": "Point",
        "coordinates": [
          77.2109963,
          28.6946609
        ]
      },
      "id": "way/1408488299"
    },
    {
      "type": "Feature",
      "properties": {
        "@id": "way/1408488324",
        "access": "private",
        "amenity": "parking",
        "parking": "surface",
        "@geometry": "center",
        "flood_count_5yr": 0.0,
        "elevation_m": 213.0,
        "risk_category": "low",
        "risk_color": "#00FF00",
        "risk_label": "LOW",
        "data_source": "polygon",
        "assessment_criteria": {
          "flood_threshold_low": 2,
          "flood_threshold_moderate": 4,
          "elevation_threshold_high": 210,
          "elevation_threshold_low": 205
        },
        "assessed_date": "2026-02-13"
      },
      "geometry": {
        "type": "Point",
        "coordinates": [
          77.2100919,
          28.6950939
        ]
      },
      "id": "way/1408488324"
    },
    {
      "type": "Feature",
      "properties": {
        "@id": "way/1408617816",
        "access": "private",
        "amenity": "parking",
        "parking": "surface",
        "@geometry": "center",
        "flood_count_5yr": 0.0,
        "elevation_m": 219.0,
        "risk_category": "low",
        "risk_color": "#00FF00",
        "risk_label": "LOW",
        "data_source": "polygon",
        "assessment_criteria": {
          "flood_threshold_low": 2,
          "flood_threshold_moderate": 4,
          "elevation_threshold_high": 210,
          "elevation_threshold_low": 205
        },
        "assessed_date": "2026-02-13"
      },
      "geometry": {
        "type": "Point",
        "coordinates": [
          77.2094832,
          28.6917627
        ]
      },
      "id": "way/1408617816"
    },
    {
      "type": "Feature",
      "properties": {
        "@id": "way/1408751735",
        "access": "private",
        "amenity": "parking",
        "parking": "surface",
        "@geometry": "center",
        "flood_count_5yr": 0.0,
        "elevation_m": 222.0,
        "risk_category": "low",
        "risk_color": "#00FF00",
        "risk_label": "LOW",
        "data_source": "polygon",
        "assessment_criteria": {
          "flood_threshold_low": 2,
          "flood_threshold_moderate": 4,
          "elevation_threshold_high": 210,
          "elevation_threshold_low": 205
        },
        "assessed_date": "2026-02-13"
      },
      "geometry": {
        "type": "Point",
        "coordinates": [
          77.2084849,
          28.6830126
        ]
      },
      "id": "way/1408751735"
    },
    {
      "type": "Feature",
      "properties": {
        "@id": "way/1409651789",
        "amenity": "parking",
        "@geometry": "center",
        "flood_count_5yr": 0.0,
        "elevation_m": 218.0,
        "risk_category": "low",
        "risk_color": "#00FF00",
        "risk_label": "LOW",
        "data_source": "polygon",
        "assessment_criteria": {
          "flood_threshold_low": 2,
          "flood_threshold_moderate": 4,
          "elevation_threshold_high": 210,
          "elevation_threshold_low": 205
        },
        "assessed_date": "2026-02-13"
      },
      "geometry": {
        "type": "Point",
        "coordinates": [
          77.2231622,
          28.6004384
        ]
      },
      "id": "way/1409651789"
    },
    {
      "type": "Feature",
      "properties": {
        "@id": "way/1410109341",
        "access": "private",
        "amenity": "parking",
        "parking": "surface",
        "@geometry": "center",
        "flood_count_5yr": 0.0,
        "elevation_m": 217.0,
        "risk_category": "low",
        "risk_color": "#00FF00",
        "risk_label": "LOW",
        "data_source": "polygon",
        "assessment_criteria": {
          "flood_threshold_low": 2,
          "flood_threshold_moderate": 4,
          "elevation_threshold_high": 210,
          "elevation_threshold_low": 205
        },
        "assessed_date": "2026-02-13"
      },
      "geometry": {
        "type": "Point",
        "coordinates": [
          77.2096288,
          28.6909248
        ]
      },
      "id": "way/1410109341"
    },
    {
      "type": "Feature",
      "properties": {
        "@id": "way/1410109355",
        "access": "private",
        "amenity": "parking",
        "parking": "surface",
        "@geometry": "center",
        "flood_count_5yr": 0.0,
        "elevation_m": 215.0,
        "risk_category": "low",
        "risk_color": "#00FF00",
        "risk_label": "LOW",
        "data_source": "polygon",
        "assessment_criteria": {
          "flood_threshold_low": 2,
          "flood_threshold_moderate": 4,
          "elevation_threshold_high": 210,
          "elevation_threshold_low": 205
        },
        "assessed_date": "2026-02-13"
      },
      "geometry": {
        "type": "Point",
        "coordinates": [
          77.2087263,
          28.6912871
        ]
      },
      "id": "way/1410109355"
    },
    {
      "type": "Feature",
      "properties": {
        "@id": "way/1410109374",
        "access": "private",
        "amenity": "parking",
        "parking": "surface",
        "@geometry": "center",
        "flood_count_5yr": 0.0,
        "elevation_m": 222.0,
        "risk_category": "low",
        "risk_color": "#00FF00",
        "risk_label": "LOW",
        "data_source": "polygon",
        "assessment_criteria": {
          "flood_threshold_low": 2,
          "flood_threshold_moderate": 4,
          "elevation_threshold_high": 210,
          "elevation_threshold_low": 205
        },
        "assessed_date": "2026-02-13"
      },
      "geometry": {
        "type": "Point",
        "coordinates": [
          77.208321,
          28.6867855
        ]
      },
      "id": "way/1410109374"
    },
    {
      "type": "Feature",
      "properties": {
        "@id": "way/1410109398",
        "access": "private",
        "amenity": "parking",
        "parking": "surface",
        "@geometry": "center",
        "flood_count_5yr": 0.0,
        "elevation_m": 220.0,
        "risk_category": "low",
        "risk_color": "#00FF00",
        "risk_label": "LOW",
        "data_source": "polygon",
        "assessment_criteria": {
          "flood_threshold_low": 2,
          "flood_threshold_moderate": 4,
          "elevation_threshold_high": 210,
          "elevation_threshold_low": 205
        },
        "assessed_date": "2026-02-13"
      },
      "geometry": {
        "type": "Point",
        "coordinates": [
          77.2090514,
          28.6882265
        ]
      },
      "id": "way/1410109398"
    },
    {
      "type": "Feature",
      "properties": {
        "@id": "way/1413784178",
        "access": "private",
        "amenity": "parking",
        "@geometry": "center",
        "flood_count_5yr": 0.0,
        "elevation_m": 212.0,
        "risk_category": "low",
        "risk_color": "#00FF00",
        "risk_label": "LOW",
        "data_source": "polygon",
        "assessment_criteria": {
          "flood_threshold_low": 2,
          "flood_threshold_moderate": 4,
          "elevation_threshold_high": 210,
          "elevation_threshold_low": 205
        },
        "assessed_date": "2026-02-13"
      },
      "geometry": {
        "type": "Point",
        "coordinates": [
          77.2388251,
          28.6251797
        ]
      },
      "id": "way/1413784178"
    },
    {
      "type": "Feature",
      "properties": {
        "@id": "way/1418574191",
        "amenity": "parking",
        "@geometry": "center",
        "flood_count_5yr": 0.0,
        "elevation_m": 239.0,
        "risk_category": "low",
        "risk_color": "#00FF00",
        "risk_label": "LOW",
        "data_source": "polygon",
        "assessment_criteria": {
          "flood_threshold_low": 2,
          "flood_threshold_moderate": 4,
          "elevation_threshold_high": 210,
          "elevation_threshold_low": 205
        },
        "assessed_date": "2026-02-13"
      },
      "geometry": {
        "type": "Point",
        "coordinates": [
          77.1917678,
          28.6425103
        ]
      },
      "id": "way/1418574191"
    },
    {
      "type": "Feature",
      "properties": {
        "@id": "way/1418931649",
        "access": "private",
        "amenity": "parking",
        "parking": "surface",
        "@geometry": "center",
        "flood_count_5yr": 0.0,
        "elevation_m": 216.0,
        "risk_category": "low",
        "risk_color": "#00FF00",
        "risk_label": "LOW",
        "data_source": "polygon",
        "assessment_criteria": {
          "flood_threshold_low": 2,
          "flood_threshold_moderate": 4,
          "elevation_threshold_high": 210,
          "elevation_threshold_low": 205
        },
        "assessed_date": "2026-02-13"
      },
      "geometry": {
        "type": "Point",
        "coordinates": [
          77.1263743,
          28.6735291
        ]
      },
      "id": "way/1418931649"
    },
    {
      "type": "Feature",
      "properties": {
        "@id": "way/1421584052",
        "amenity": "parking",
        "@geometry": "center",
        "flood_count_5yr": 0.0,
        "elevation_m": 230.0,
        "risk_category": "low",
        "risk_color": "#00FF00",
        "risk_label": "LOW",
        "data_source": "polygon",
        "assessment_criteria": {
          "flood_threshold_low": 2,
          "flood_threshold_moderate": 4,
          "elevation_threshold_high": 210,
          "elevation_threshold_low": 205
        },
        "assessed_date": "2026-02-13"
      },
      "geometry": {
        "type": "Point",
        "coordinates": [
          77.1171355,
          28.5748435
        ]
      },
      "id": "way/1421584052"
    },
    {
      "type": "Feature",
      "properties": {
        "@id": "way/1423272641",
        "amenity": "parking",
        "@geometry": "center",
        "flood_count_5yr": 0.0,
        "elevation_m": 211.0,
        "risk_category": "low",
        "risk_color": "#00FF00",
        "risk_label": "LOW",
        "data_source": "polygon",
        "assessment_criteria": {
          "flood_threshold_low": 2,
          "flood_threshold_moderate": 4,
          "elevation_threshold_high": 210,
          "elevation_threshold_low": 205
        },
        "assessed_date": "2026-02-13"
      },
      "geometry": {
        "type": "Point",
        "coordinates": [
          77.2972319,
          28.6192103
        ]
      },
      "id": "way/1423272641"
    },
    {
      "type": "Feature",
      "properties": {
        "@id": "way/1425332443",
        "amenity": "parking",
        "@geometry": "center",
        "flood_count_5yr": 0.0,
        "elevation_m": 273.0,
        "risk_category": "low",
        "risk_color": "#00FF00",
        "risk_label": "LOW",
        "data_source": "polygon",
        "assessment_criteria": {
          "flood_threshold_low": 2,
          "flood_threshold_moderate": 4,
          "elevation_threshold_high": 210,
          "elevation_threshold_low": 205
        },
        "assessed_date": "2026-02-13"
      },
      "geometry": {
        "type": "Point",
        "coordinates": [
          77.1373047,
          28.4820522
        ]
      },
      "id": "way/1425332443"
    },
    {
      "type": "Feature",
      "properties": {
        "@id": "way/1426212235",
        "amenity": "parking",
        "@geometry": "center",
        "flood_count_5yr": 0.0,
        "elevation_m": 226.0,
        "risk_category": "low",
        "risk_color": "#00FF00",
        "risk_label": "LOW",
        "data_source": "polygon",
        "assessment_criteria": {
          "flood_threshold_low": 2,
          "flood_threshold_moderate": 4,
          "elevation_threshold_high": 210,
          "elevation_threshold_low": 205
        },
        "assessed_date": "2026-02-13"
      },
      "geometry": {
        "type": "Point",
        "coordinates": [
          77.2580361,
          28.5493126
        ]
      },
      "id": "way/1426212235"
    },
    {
      "type": "Feature",
      "properties": {
        "@id": "way/1426586674",
        "amenity": "parking",
        "parking": "surface",
        "@geometry": "center",
        "flood_count_5yr": 0.0,
        "elevation_m": 225.0,
        "risk_category": "low",
        "risk_color": "#00FF00",
        "risk_label": "LOW",
        "data_source": "polygon",
        "assessment_criteria": {
          "flood_threshold_low": 2,
          "flood_threshold_moderate": 4,
          "elevation_threshold_high": 210,
          "elevation_threshold_low": 205
        },
        "assessed_date": "2026-02-13"
      },
      "geometry": {
        "type": "Point",
        "coordinates": [
          77.2095084,
          28.5438988
        ]
      },
      "id": "way/1426586674"
    },
    {
      "type": "Feature",
      "properties": {
        "@id": "way/1426752147",
        "amenity": "parking",
        "parking": "surface",
        "@geometry": "center",
        "flood_count_5yr": 0.0,
        "elevation_m": 218.0,
        "risk_category": "low",
        "risk_color": "#00FF00",
        "risk_label": "LOW",
        "data_source": "polygon",
        "assessment_criteria": {
          "flood_threshold_low": 2,
          "flood_threshold_moderate": 4,
          "elevation_threshold_high": 210,
          "elevation_threshold_low": 205
        },
        "assessed_date": "2026-02-13"
      },
      "geometry": {
        "type": "Point",
        "coordinates": [
          77.2649025,
          28.5553885
        ]
      },
      "id": "way/1426752147"
    },
    {
      "type": "Feature",
      "properties": {
        "@id": "way/1427895885",
        "amenity": "parking",
        "parking": "surface",
        "@geometry": "center",
        "flood_count_5yr": 0.0,
        "elevation_m": 216.0,
        "risk_category": "low",
        "risk_color": "#00FF00",
        "risk_label": "LOW",
        "data_source": "polygon",
        "assessment_criteria": {
          "flood_threshold_low": 2,
          "flood_threshold_moderate": 4,
          "elevation_threshold_high": 210,
          "elevation_threshold_low": 205
        },
        "assessed_date": "2026-02-13"
      },
      "geometry": {
        "type": "Point",
        "coordinates": [
          77.0608788,
          28.7693972
        ]
      },
      "id": "way/1427895885"
    },
    {
      "type": "Feature",
      "properties": {
        "@id": "way/1431946576",
        "amenity": "parking",
        "@geometry": "center",
        "flood_count_5yr": 0.0,
        "elevation_m": 235.0,
        "risk_category": "low",
        "risk_color": "#00FF00",
        "risk_label": "LOW",
        "data_source": "polygon",
        "assessment_criteria": {
          "flood_threshold_low": 2,
          "flood_threshold_moderate": 4,
          "elevation_threshold_high": 210,
          "elevation_threshold_low": 205
        },
        "assessed_date": "2026-02-13"
      },
      "geometry": {
        "type": "Point",
        "coordinates": [
          77.1751554,
          28.5903282
        ]
      },
      "id": "way/1431946576"
    },
    {
      "type": "Feature",
      "properties": {
        "@id": "way/1431954033",
        "amenity": "parking",
        "@geometry": "center",
        "flood_count_5yr": 0.0,
        "elevation_m": 219.0,
        "risk_category": "low",
        "risk_color": "#00FF00",
        "risk_label": "LOW",
        "data_source": "polygon",
        "assessment_criteria": {
          "flood_threshold_low": 2,
          "flood_threshold_moderate": 4,
          "elevation_threshold_high": 210,
          "elevation_threshold_low": 205
        },
        "assessed_date": "2026-02-13"
      },
      "geometry": {
        "type": "Point",
        "coordinates": [
          77.2131985,
          28.6176865
        ]
      },
      "id": "way/1431954033"
    },
    {
      "type": "Feature",
      "properties": {
        "@id": "way/1431967517",
        "amenity": "parking",
        "fee": "yes",
        "@geometry": "center",
        "flood_count_5yr": 0.0,
        "elevation_m": 214.0,
        "risk_category": "low",
        "risk_color": "#00FF00",
        "risk_label": "LOW",
        "data_source": "polygon",
        "assessment_criteria": {
          "flood_threshold_low": 2,
          "flood_threshold_moderate": 4,
          "elevation_threshold_high": 210,
          "elevation_threshold_low": 205
        },
        "assessed_date": "2026-02-13"
      },
      "geometry": {
        "type": "Point",
        "coordinates": [
          77.2388028,
          28.5776393
        ]
      },
      "id": "way/1431967517"
    },
    {
      "type": "Feature",
      "properties": {
        "@id": "way/1432229569",
        "amenity": "parking",
        "@geometry": "center",
        "flood_count_5yr": 0.0,
        "elevation_m": 226.0,
        "risk_category": "low",
        "risk_color": "#00FF00",
        "risk_label": "LOW",
        "data_source": "polygon",
        "assessment_criteria": {
          "flood_threshold_low": 2,
          "flood_threshold_moderate": 4,
          "elevation_threshold_high": 210,
          "elevation_threshold_low": 205
        },
        "assessed_date": "2026-02-13"
      },
      "geometry": {
        "type": "Point",
        "coordinates": [
          77.213625,
          28.5515456
        ]
      },
      "id": "way/1432229569"
    },
    {
      "type": "Feature",
      "properties": {
        "@id": "way/1436470011",
        "amenity": "parking",
        "building": "yes",
        "@geometry": "center",
        "flood_count_5yr": 0.0,
        "elevation_m": 215.0,
        "risk_category": "low",
        "risk_color": "#00FF00",
        "risk_label": "LOW",
        "data_source": "polygon",
        "assessment_criteria": {
          "flood_threshold_low": 2,
          "flood_threshold_moderate": 4,
          "elevation_threshold_high": 210,
          "elevation_threshold_low": 205
        },
        "assessed_date": "2026-02-13"
      },
      "geometry": {
        "type": "Point",
        "coordinates": [
          77.1219115,
          28.6505386
        ]
      },
      "id": "way/1436470011"
    },
    {
      "type": "Feature",
      "properties": {
        "@id": "way/1448561548",
        "amenity": "parking",
        "@geometry": "center",
        "flood_count_5yr": 0.0,
        "elevation_m": 258.0,
        "risk_category": "low",
        "risk_color": "#00FF00",
        "risk_label": "LOW",
        "data_source": "polygon",
        "assessment_criteria": {
          "flood_threshold_low": 2,
          "flood_threshold_moderate": 4,
          "elevation_threshold_high": 210,
          "elevation_threshold_low": 205
        },
        "assessed_date": "2026-02-13"
      },
      "geometry": {
        "type": "Point",
        "coordinates": [
          77.1588493,
          28.5839402
        ]
      },
      "id": "way/1448561548"
    },
    {
      "type": "Feature",
      "properties": {
        "@id": "way/1450159304",
        "amenity": "parking",
        "@geometry": "center",
        "flood_count_5yr": 0.0,
        "elevation_m": 234.0,
        "risk_category": "low",
        "risk_color": "#00FF00",
        "risk_label": "LOW",
        "data_source": "polygon",
        "assessment_criteria": {
          "flood_threshold_low": 2,
          "flood_threshold_moderate": 4,
          "elevation_threshold_high": 210,
          "elevation_threshold_low": 205
        },
        "assessed_date": "2026-02-13"
      },
      "geometry": {
        "type": "Point",
        "coordinates": [
          77.1902445,
          28.5883072
        ]
      },
      "id": "way/1450159304"
    },
    {
      "type": "Feature",
      "properties": {
        "@id": "way/1456429906",
        "access": "yes",
        "amenity": "parking",
        "parking": "surface",
        "@geometry": "center",
        "flood_count_5yr": 0.0,
        "elevation_m": 218.0,
        "risk_category": "low",
        "risk_color": "#00FF00",
        "risk_label": "LOW",
        "data_source": "polygon",
        "assessment_criteria": {
          "flood_threshold_low": 2,
          "flood_threshold_moderate": 4,
          "elevation_threshold_high": 210,
          "elevation_threshold_low": 205
        },
        "assessed_date": "2026-02-13"
      },
      "geometry": {
        "type": "Point",
        "coordinates": [
          77.1561681,
          28.6645213
        ]
      },
      "id": "way/1456429906"
    },
    {
      "type": "Feature",
      "properties": {
        "@id": "way/1460536295",
        "access": "customers",
        "amenity": "parking",
        "operator": "Novotel",
        "operator:type": "private",
        "parking": "surface",
        "@geometry": "center",
        "flood_count_5yr": 0.0,
        "elevation_m": 232.0,
        "risk_category": "low",
        "risk_color": "#00FF00",
        "risk_label": "LOW",
        "data_source": "polygon",
        "assessment_criteria": {
          "flood_threshold_low": 2,
          "flood_threshold_moderate": 4,
          "elevation_threshold_high": 210,
          "elevation_threshold_low": 205
        },
        "assessed_date": "2026-02-13"
      },
      "geometry": {
        "type": "Point",
        "coordinates": [
          77.2065621,
          28.6472808
        ]
      },
      "id": "way/1460536295"
    },
    {
      "type": "Feature",
      "properties": {
        "@id": "way/1466163952",
        "access": "yes",
        "addr:city": "Noida",
        "addr:district": "Sector 12",
        "addr:housename": "Neptune India Limited",
        "addr:state": "Uttar Pradesh",
        "amenity": "parking",
        "capacity:disabled": "2",
        "fee": "Mo-Su 08:00-02:00",
        "nohousenumber": "yes",
        "operator": "New Delhi Municipal Corporation",
        "orientation": "parallel",
        "parking": "street_side",
        "surface": "paving_stones",
        "@geometry": "center",
        "flood_count_5yr": 0.0,
        "elevation_m": 216.0,
        "risk_category": "low",
        "risk_color": "#00FF00",
        "risk_label": "LOW",
        "data_source": "polygon",
        "assessment_criteria": {
          "flood_threshold_low": 2,
          "flood_threshold_moderate": 4,
          "elevation_threshold_high": 210,
          "elevation_threshold_low": 205
        },
        "assessed_date": "2026-02-13"
      },
      "geometry": {
        "type": "Point",
        "coordinates": [
          77.2234745,
          28.6336124
        ]
      },
      "id": "way/1466163952"
    },
    {
      "type": "Feature",
      "properties": {
        "@id": "way/1466165076",
        "access": "yes",
        "amenity": "parking",
        "parking": "surface",
        "@geometry": "center",
        "flood_count_5yr": 0.0,
        "elevation_m": 214.0,
        "risk_category": "low",
        "risk_color": "#00FF00",
        "risk_label": "LOW",
        "data_source": "polygon",
        "assessment_criteria": {
          "flood_threshold_low": 2,
          "flood_threshold_moderate": 4,
          "elevation_threshold_high": 210,
          "elevation_threshold_low": 205
        },
        "assessed_date": "2026-02-13"
      },
      "geometry": {
        "type": "Point",
        "coordinates": [
          77.2238567,
          28.6335496
        ]
      },
      "id": "way/1466165076"
    },
    {
      "type": "Feature",
      "properties": {
        "@id": "way/1466963108",
        "access": "private",
        "amenity": "parking",
        "parking": "surface",
        "@geometry": "center",
        "flood_count_5yr": 0.0,
        "elevation_m": 216.0,
        "risk_category": "low",
        "risk_color": "#00FF00",
        "risk_label": "LOW",
        "data_source": "polygon",
        "assessment_criteria": {
          "flood_threshold_low": 2,
          "flood_threshold_moderate": 4,
          "elevation_threshold_high": 210,
          "elevation_threshold_low": 205
        },
        "assessed_date": "2026-02-13"
      },
      "geometry": {
        "type": "Point",
        "coordinates": [
          77.1108435,
          28.624908
        ]
      },
      "id": "way/1466963108"
    },
    {
      "type": "Feature",
      "properties": {
        "@id": "way/1467224055",
        "access": "yes",
        "amenity": "parking",
        "parking": "surface",
        "@geometry": "center",
        "flood_count_5yr": 0.0,
        "elevation_m": 215.0,
        "risk_category": "low",
        "risk_color": "#00FF00",
        "risk_label": "LOW",
        "data_source": "polygon",
        "assessment_criteria": {
          "flood_threshold_low": 2,
          "flood_threshold_moderate": 4,
          "elevation_threshold_high": 210,
          "elevation_threshold_low": 205
        },
        "assessed_date": "2026-02-13"
      },
      "geometry": {
        "type": "Point",
        "coordinates": [
          77.1908257,
          28.7063442
        ]
      },
      "id": "way/1467224055"
    },
    {
      "type": "Feature",
      "properties": {
        "@id": "way/1469037197",
        "access": "yes",
        "amenity": "parking",
        "fee": "yes",
        "name": "Metro Parking",
        "parking": "surface",
        "@geometry": "center",
        "flood_count_5yr": 0.0,
        "elevation_m": 226.0,
        "risk_category": "low",
        "risk_color": "#00FF00",
        "risk_label": "LOW",
        "data_source": "polygon",
        "assessment_criteria": {
          "flood_threshold_low": 2,
          "flood_threshold_moderate": 4,
          "elevation_threshold_high": 210,
          "elevation_threshold_low": 205
        },
        "assessed_date": "2026-02-13"
      },
      "geometry": {
        "type": "Point",
        "coordinates": [
          77.1617613,
          28.6892717
        ]
      },
      "id": "way/1469037197"
    },
    {
      "type": "Feature",
      "properties": {
        "@id": "way/1469043769",
        "access": "yes",
        "amenity": "parking",
        "name": "Shamshan Ghat Parking",
        "parking": "multi-storey",
        "@geometry": "center",
        "flood_count_5yr": 0.0,
        "elevation_m": 215.0,
        "risk_category": "low",
        "risk_color": "#00FF00",
        "risk_label": "LOW",
        "data_source": "polygon",
        "assessment_criteria": {
          "flood_threshold_low": 2,
          "flood_threshold_moderate": 4,
          "elevation_threshold_high": 210,
          "elevation_threshold_low": 205
        },
        "assessed_date": "2026-02-13"
      },
      "geometry": {
        "type": "Point",
        "coordinates": [
          77.1319655,
          28.6636676
        ]
      },
      "id": "way/1469043769"
    },
    {
      "type": "Feature",
      "properties": {
        "@id": "way/1469052891",
        "access": "yes",
        "amenity": "parking",
        "parking": "surface",
        "@geometry": "center",
        "flood_count_5yr": 0.0,
        "elevation_m": 221.0,
        "risk_category": "low",
        "risk_color": "#00FF00",
        "risk_label": "LOW",
        "data_source": "polygon",
        "assessment_criteria": {
          "flood_threshold_low": 2,
          "flood_threshold_moderate": 4,
          "elevation_threshold_high": 210,
          "elevation_threshold_low": 205
        },
        "assessed_date": "2026-02-13"
      },
      "geometry": {
        "type": "Point",
        "coordinates": [
          77.1078994,
          28.6142824
        ]
      },
      "id": "way/1469052891"
    },
    {
      "type": "Feature",
      "properties": {
        "@id": "way/1473324050",
        "amenity": "parking",
        "@geometry": "center",
        "flood_count_5yr": 0.0,
        "elevation_m": 218.0,
        "risk_category": "low",
        "risk_color": "#00FF00",
        "risk_label": "LOW",
        "data_source": "polygon",
        "assessment_criteria": {
          "flood_threshold_low": 2,
          "flood_threshold_moderate": 4,
          "elevation_threshold_high": 210,
          "elevation_threshold_low": 205
        },
        "assessed_date": "2026-02-13"
      },
      "geometry": {
        "type": "Point",
        "coordinates": [
          77.0859667,
          28.7270455
        ]
      },
      "id": "way/1473324050"
    },
    {
      "type": "Feature",
      "properties": {
        "@id": "way/1473324051",
        "amenity": "parking",
        "@geometry": "center",
        "flood_count_5yr": 0.0,
        "elevation_m": 220.0,
        "risk_category": "low",
        "risk_color": "#00FF00",
        "risk_label": "LOW",
        "data_source": "polygon",
        "assessment_criteria": {
          "flood_threshold_low": 2,
          "flood_threshold_moderate": 4,
          "elevation_threshold_high": 210,
          "elevation_threshold_low": 205
        },
        "assessed_date": "2026-02-13"
      },
      "geometry": {
        "type": "Point",
        "coordinates": [
          77.0859798,
          28.7267193
        ]
      },
      "id": "way/1473324051"
    },
    {
      "type": "Feature",
      "properties": {
        "@id": "node/1549833076",
        "amenity": "parking",
        "name": "DSUI Parking",
        "flood_count_5yr": 0.0,
        "elevation_m": 247.0,
        "risk_category": "low",
        "risk_color": "#00FF00",
        "risk_label": "LOW",
        "data_source": "polygon",
        "assessment_criteria": {
          "flood_threshold_low": 2,
          "flood_threshold_moderate": 4,
          "elevation_threshold_high": 210,
          "elevation_threshold_low": 205
        },
        "assessed_date": "2026-02-13"
      },
      "geometry": {
        "type": "Point",
        "coordinates": [
          77.1621077,
          28.5947727
        ]
      },
      "id": "node/1549833076"
    },
    {
      "type": "Feature",
      "properties": {
        "@id": "node/1645520704",
        "amenity": "parking",
        "capacity": "100",
        "fee": "20",
        "name": "car parking metro",
        "operator": "private",
        "source": "self",
        "flood_count_5yr": 0.0,
        "elevation_m": 220.0,
        "risk_category": "low",
        "risk_color": "#00FF00",
        "risk_label": "LOW",
        "data_source": "polygon",
        "assessment_criteria": {
          "flood_threshold_low": 2,
          "flood_threshold_moderate": 4,
          "elevation_threshold_high": 210,
          "elevation_threshold_low": 205
        },
        "assessed_date": "2026-02-13"
      },
      "geometry": {
        "type": "Point",
        "coordinates": [
          77.2157011,
          28.6954495
        ]
      },
      "id": "node/1645520704"
    },
    {
      "type": "Feature",
      "properties": {
        "@id": "node/1827531401",
        "amenity": "parking",
        "name": "Durga palace",
        "flood_count_5yr": 0.0,
        "elevation_m": 217.0,
        "risk_category": "low",
        "risk_color": "#00FF00",
        "risk_label": "LOW",
        "data_source": "polygon",
        "assessment_criteria": {
          "flood_threshold_low": 2,
          "flood_threshold_moderate": 4,
          "elevation_threshold_high": 210,
          "elevation_threshold_low": 205
        },
        "assessed_date": "2026-02-13"
      },
      "geometry": {
        "type": "Point",
        "coordinates": [
          77.1776418,
          28.6921215
        ]
      },
      "id": "node/1827531401"
    },
    {
      "type": "Feature",
      "properties": {
        "@id": "node/2787695001",
        "access": "yes",
        "amenity": "parking",
        "park_ride": "no",
        "parking": "surface",
        "flood_count_5yr": 0.0,
        "elevation_m": 220.0,
        "risk_category": "low",
        "risk_color": "#00FF00",
        "risk_label": "LOW",
        "data_source": "polygon",
        "assessment_criteria": {
          "flood_threshold_low": 2,
          "flood_threshold_moderate": 4,
          "elevation_threshold_high": 210,
          "elevation_threshold_low": 205
        },
        "assessed_date": "2026-02-13"
      },
      "geometry": {
        "type": "Point",
        "coordinates": [
          77.2712648,
          28.5471853
        ]
      },
      "id": "node/2787695001"
    },
    {
      "type": "Feature",
      "properties": {
        "@id": "node/3012813627",
        "access": "customers",
        "addr:city": "Shahbad Daulatpur, Delhi",
        "addr:postcode": "110042",
        "amenity": "parking",
        "fee": "no",
        "name": "DCE Parking",
        "parking": "surface",
        "supervised": "no",
        "flood_count_5yr": 0.0,
        "elevation_m": 219.0,
        "risk_category": "low",
        "risk_color": "#00FF00",
        "risk_label": "LOW",
        "data_source": "polygon",
        "assessment_criteria": {
          "flood_threshold_low": 2,
          "flood_threshold_moderate": 4,
          "elevation_threshold_high": 210,
          "elevation_threshold_low": 205
        },
        "assessed_date": "2026-02-13"
      },
      "geometry": {
        "type": "Point",
        "coordinates": [
          77.1165241,
          28.7485229
        ]
      },
      "id": "node/3012813627"
    },
    {
      "type": "Feature",
      "properties": {
        "@id": "node/3012817565",
        "access": "customers",
        "addr:city": "Shahbad Daulatpur, Delhi",
        "addr:postcode": "110042",
        "amenity": "parking",
        "fee": "no",
        "name": "DCE Car Parking",
        "supervised": "no",
        "flood_count_5yr": 0.0,
        "elevation_m": 218.0,
        "risk_category": "low",
        "risk_color": "#00FF00",
        "risk_label": "LOW",
        "data_source": "polygon",
        "assessment_criteria": {
          "flood_threshold_low": 2,
          "flood_threshold_moderate": 4,
          "elevation_threshold_high": 210,
          "elevation_threshold_low": 205
        },
        "assessed_date": "2026-02-13"
      },
      "geometry": {
        "type": "Point",
        "coordinates": [
          77.117234,
          28.7483182
        ]
      },
      "id": "node/3012817565"
    },
    {
      "type": "Feature",
      "properties": {
        "@id": "node/3012821948",
        "access": "customers",
        "addr:city": "Shahbad Daulatpur, Delhi",
        "addr:postcode": "110042",
        "amenity": "parking",
        "name": "DCE Car Parking",
        "parking": "surface",
        "supervised": "no",
        "flood_count_5yr": 0.0,
        "elevation_m": 213.0,
        "risk_category": "low",
        "risk_color": "#00FF00",
        "risk_label": "LOW",
        "data_source": "polygon",
        "assessment_criteria": {
          "flood_threshold_low": 2,
          "flood_threshold_moderate": 4,
          "elevation_threshold_high": 210,
          "elevation_threshold_low": 205
        },
        "assessed_date": "2026-02-13"
      },
      "geometry": {
        "type": "Point",
        "coordinates": [
          77.1179452,
          28.7483562
        ]
      },
      "id": "node/3012821948"
    },
    {
      "type": "Feature",
      "properties": {
        "@id": "node/3012826438",
        "access": "customers",
        "addr:city": "Shahbad Daulatpur, Delhi",
        "addr:postcode": "110042",
        "amenity": "parking",
        "fee": "no",
        "name": "DCE Car Parking",
        "parking": "surface",
        "flood_count_5yr": 0.0,
        "elevation_m": 212.0,
        "risk_category": "low",
        "risk_color": "#00FF00",
        "risk_label": "LOW",
        "data_source": "polygon",
        "assessment_criteria": {
          "flood_threshold_low": 2,
          "flood_threshold_moderate": 4,
          "elevation_threshold_high": 210,
          "elevation_threshold_low": 205
        },
        "assessed_date": "2026-02-13"
      },
      "geometry": {
        "type": "Point",
        "coordinates": [
          77.1187531,
          28.7486961
        ]
      },
      "id": "node/3012826438"
    },
    {
      "type": "Feature",
      "properties": {
        "@id": "node/3012938452",
        "addr:city": "Mukhrejee Nagar, Delhi",
        "amenity": "parking",
        "fee": "yes",
        "parking": "surface",
        "flood_count_5yr": 0.0,
        "elevation_m": 211.0,
        "risk_category": "low",
        "risk_color": "#00FF00",
        "risk_label": "LOW",
        "data_source": "polygon",
        "assessment_criteria": {
          "flood_threshold_low": 2,
          "flood_threshold_moderate": 4,
          "elevation_threshold_high": 210,
          "elevation_threshold_low": 205
        },
        "assessed_date": "2026-02-13"
      },
      "geometry": {
        "type": "Point",
        "coordinates": [
          77.2164361,
          28.7114304
        ]
      },
      "id": "node/3012938452"
    },
    {
      "type": "Feature",
      "properties": {
        "@id": "node/3012938527",
        "addr:city": "Mukhrejee Nagar, Delhi",
        "amenity": "parking",
        "fee": "yes",
        "name": "Batra Car Parking",
        "parking": "surface",
        "supervised": "yes",
        "flood_count_5yr": 0.0,
        "elevation_m": 213.0,
        "risk_category": "low",
        "risk_color": "#00FF00",
        "risk_label": "LOW",
        "data_source": "polygon",
        "assessment_criteria": {
          "flood_threshold_low": 2,
          "flood_threshold_moderate": 4,
          "elevation_threshold_high": 210,
          "elevation_threshold_low": 205
        },
        "assessed_date": "2026-02-13"
      },
      "geometry": {
        "type": "Point",
        "coordinates": [
          77.2153203,
          28.7117786
        ]
      },
      "id": "node/3012938527"
    },
    {
      "type": "Feature",
      "properties": {
        "@id": "node/3012938611",
        "addr:city": "Mukhrejee Nagar, Delhi",
        "amenity": "parking",
        "fee": "yes",
        "parking": "surface",
        "supervised": "yes",
        "flood_count_5yr": 0.0,
        "elevation_m": 211.0,
        "risk_category": "low",
        "risk_color": "#00FF00",
        "risk_label": "LOW",
        "data_source": "polygon",
        "assessment_criteria": {
          "flood_threshold_low": 2,
          "flood_threshold_moderate": 4,
          "elevation_threshold_high": 210,
          "elevation_threshold_low": 205
        },
        "assessed_date": "2026-02-13"
      },
      "geometry": {
        "type": "Point",
        "coordinates": [
          77.2151004,
          28.7104518
        ]
      },
      "id": "node/3012938611"
    },
    {
      "type": "Feature",
      "properties": {
        "@id": "node/3386751343",
        "amenity": "parking",
        "flood_count_5yr": 0.0,
        "elevation_m": 236.0,
        "risk_category": "low",
        "risk_color": "#00FF00",
        "risk_label": "LOW",
        "data_source": "polygon",
        "assessment_criteria": {
          "flood_threshold_low": 2,
          "flood_threshold_moderate": 4,
          "elevation_threshold_high": 210,
          "elevation_threshold_low": 205
        },
        "assessed_date": "2026-02-13"
      },
      "geometry": {
        "type": "Point",
        "coordinates": [
          77.2560935,
          28.5251484
        ]
      },
      "id": "node/3386751343"
    },
    {
      "type": "Feature",
      "properties": {
        "@id": "node/3394398814",
        "amenity": "parking",
        "flood_count_5yr": 0.0,
        "elevation_m": 245.0,
        "risk_category": "low",
        "risk_color": "#00FF00",
        "risk_label": "LOW",
        "data_source": "polygon",
        "assessment_criteria": {
          "flood_threshold_low": 2,
          "flood_threshold_moderate": 4,
          "elevation_threshold_high": 210,
          "elevation_threshold_low": 205
        },
        "assessed_date": "2026-02-13"
      },
      "geometry": {
        "type": "Point",
        "coordinates": [
          77.2496396,
          28.528399
        ]
      },
      "id": "node/3394398814"
    },
    {
      "type": "Feature",
      "properties": {
        "@id": "node/3394398830",
        "amenity": "parking",
        "flood_count_5yr": 0.0,
        "elevation_m": 247.0,
        "risk_category": "low",
        "risk_color": "#00FF00",
        "risk_label": "LOW",
        "data_source": "polygon",
        "assessment_criteria": {
          "flood_threshold_low": 2,
          "flood_threshold_moderate": 4,
          "elevation_threshold_high": 210,
          "elevation_threshold_low": 205
        },
        "assessed_date": "2026-02-13"
      },
      "geometry": {
        "type": "Point",
        "coordinates": [
          77.2416993,
          28.5328813
        ]
      },
      "id": "node/3394398830"
    },
    {
      "type": "Feature",
      "properties": {
        "@id": "node/3394398831",
        "amenity": "parking",
        "flood_count_5yr": 0.0,
        "elevation_m": 244.0,
        "risk_category": "low",
        "risk_color": "#00FF00",
        "risk_label": "LOW",
        "data_source": "polygon",
        "assessment_criteria": {
          "flood_threshold_low": 2,
          "flood_threshold_moderate": 4,
          "elevation_threshold_high": 210,
          "elevation_threshold_low": 205
        },
        "assessed_date": "2026-02-13"
      },
      "geometry": {
        "type": "Point",
        "coordinates": [
          77.2423782,
          28.5324136
        ]
      },
      "id": "node/3394398831"
    },
    {
      "type": "Feature",
      "properties": {
        "@id": "node/3394398832",
        "amenity": "parking",
        "flood_count_5yr": 0.0,
        "elevation_m": 243.0,
        "risk_category": "low",
        "risk_color": "#00FF00",
        "risk_label": "LOW",
        "data_source": "polygon",
        "assessment_criteria": {
          "flood_threshold_low": 2,
          "flood_threshold_moderate": 4,
          "elevation_threshold_high": 210,
          "elevation_threshold_low": 205
        },
        "assessed_date": "2026-02-13"
      },
      "geometry": {
        "type": "Point",
        "coordinates": [
          77.2431387,
          28.5328121
        ]
      },
      "id": "node/3394398832"
    },
    {
      "type": "Feature",
      "properties": {
        "@id": "node/3394398833",
        "amenity": "parking",
        "parking": "lane",
        "flood_count_5yr": 0.0,
        "elevation_m": 243.0,
        "risk_category": "low",
        "risk_color": "#00FF00",
        "risk_label": "LOW",
        "data_source": "polygon",
        "assessment_criteria": {
          "flood_threshold_low": 2,
          "flood_threshold_moderate": 4,
          "elevation_threshold_high": 210,
          "elevation_threshold_low": 205
        },
        "assessed_date": "2026-02-13"
      },
      "geometry": {
        "type": "Point",
        "coordinates": [
          77.2427666,
          28.5325472
        ]
      },
      "id": "node/3394398833"
    },
    {
      "type": "Feature",
      "properties": {
        "@id": "node/3394398834",
        "amenity": "parking",
        "flood_count_5yr": 0.0,
        "elevation_m": 239.0,
        "risk_category": "low",
        "risk_color": "#00FF00",
        "risk_label": "LOW",
        "data_source": "polygon",
        "assessment_criteria": {
          "flood_threshold_low": 2,
          "flood_threshold_moderate": 4,
          "elevation_threshold_high": 210,
          "elevation_threshold_low": 205
        },
        "assessed_date": "2026-02-13"
      },
      "geometry": {
        "type": "Point",
        "coordinates": [
          77.2428508,
          28.5332678
        ]
      },
      "id": "node/3394398834"
    },
    {
      "type": "Feature",
      "properties": {
        "@id": "node/3394398835",
        "amenity": "parking",
        "flood_count_5yr": 0.0,
        "elevation_m": 238.0,
        "risk_category": "low",
        "risk_color": "#00FF00",
        "risk_label": "LOW",
        "data_source": "polygon",
        "assessment_criteria": {
          "flood_threshold_low": 2,
          "flood_threshold_moderate": 4,
          "elevation_threshold_high": 210,
          "elevation_threshold_low": 205
        },
        "assessed_date": "2026-02-13"
      },
      "geometry": {
        "type": "Point",
        "coordinates": [
          77.2416248,
          28.5348274
        ]
      },
      "id": "node/3394398835"
    },
    {
      "type": "Feature",
      "properties": {
        "@id": "node/3394398836",
        "amenity": "parking",
        "flood_count_5yr": 0.0,
        "elevation_m": 247.0,
        "risk_category": "low",
        "risk_color": "#00FF00",
        "risk_label": "LOW",
        "data_source": "polygon",
        "assessment_criteria": {
          "flood_threshold_low": 2,
          "flood_threshold_moderate": 4,
          "elevation_threshold_high": 210,
          "elevation_threshold_low": 205
        },
        "assessed_date": "2026-02-13"
      },
      "geometry": {
        "type": "Point",
        "coordinates": [
          77.2423049,
          28.5335422
        ]
      },
      "id": "node/3394398836"
    },
    {
      "type": "Feature",
      "properties": {
        "@id": "node/3404446568",
        "amenity": "parking",
        "flood_count_5yr": 0.0,
        "elevation_m": 239.0,
        "risk_category": "low",
        "risk_color": "#00FF00",
        "risk_label": "LOW",
        "data_source": "polygon",
        "assessment_criteria": {
          "flood_threshold_low": 2,
          "flood_threshold_moderate": 4,
          "elevation_threshold_high": 210,
          "elevation_threshold_low": 205
        },
        "assessed_date": "2026-02-13"
      },
      "geometry": {
        "type": "Point",
        "coordinates": [
          77.2343582,
          28.5398871
        ]
      },
      "id": "node/3404446568"
    },
    {
      "type": "Feature",
      "properties": {
        "@id": "node/3408137902",
        "amenity": "parking",
        "flood_count_5yr": 0.0,
        "elevation_m": 235.0,
        "risk_category": "low",
        "risk_color": "#00FF00",
        "risk_label": "LOW",
        "data_source": "polygon",
        "assessment_criteria": {
          "flood_threshold_low": 2,
          "flood_threshold_moderate": 4,
          "elevation_threshold_high": 210,
          "elevation_threshold_low": 205
        },
        "assessed_date": "2026-02-13"
      },
      "geometry": {
        "type": "Point",
        "coordinates": [
          77.2532343,
          28.5241766
        ]
      },
      "id": "node/3408137902"
    },
    {
      "type": "Feature",
      "properties": {
        "@id": "node/5000466565",
        "amenity": "parking",
        "flood_count_5yr": 0.0,
        "elevation_m": 235.0,
        "risk_category": "low",
        "risk_color": "#00FF00",
        "risk_label": "LOW",
        "data_source": "polygon",
        "assessment_criteria": {
          "flood_threshold_low": 2,
          "flood_threshold_moderate": 4,
          "elevation_threshold_high": 210,
          "elevation_threshold_low": 205
        },
        "assessed_date": "2026-02-13"
      },
      "geometry": {
        "type": "Point",
        "coordinates": [
          77.2543585,
          28.5553079
        ]
      },
      "id": "node/5000466565"
    },
    {
      "type": "Feature",
      "properties": {
        "@id": "node/5634145022",
        "amenity": "parking",
        "email": "nasirpakhtoon@gmail.com",
        "internet_access": "wlan",
        "payment:cash": "yes",
        "phone": "8700156281",
        "flood_count_5yr": 0.0,
        "elevation_m": 219.0,
        "risk_category": "low",
        "risk_color": "#00FF00",
        "risk_label": "LOW",
        "data_source": "polygon",
        "assessment_criteria": {
          "flood_threshold_low": 2,
          "flood_threshold_moderate": 4,
          "elevation_threshold_high": 210,
          "elevation_threshold_low": 205
        },
        "assessed_date": "2026-02-13"
      },
      "geometry": {
        "type": "Point",
        "coordinates": [
          77.2214543,
          28.6312911
        ]
      },
      "id": "node/5634145022"
    },
    {
      "type": "Feature",
      "properties": {
        "@id": "node/5819803574",
        "amenity": "parking",
        "flood_count_5yr": 0.0,
        "elevation_m": 221.0,
        "risk_category": "low",
        "risk_color": "#00FF00",
        "risk_label": "LOW",
        "data_source": "polygon",
        "assessment_criteria": {
          "flood_threshold_low": 2,
          "flood_threshold_moderate": 4,
          "elevation_threshold_high": 210,
          "elevation_threshold_low": 205
        },
        "assessed_date": "2026-02-13"
      },
      "geometry": {
        "type": "Point",
        "coordinates": [
          77.1226732,
          28.7092071
        ]
      },
      "id": "node/5819803574"
    },
    {
      "type": "Feature",
      "properties": {
        "@id": "node/8017643962",
        "amenity": "parking",
        "flood_count_5yr": 0.0,
        "elevation_m": 216.0,
        "risk_category": "low",
        "risk_color": "#00FF00",
        "risk_label": "LOW",
        "data_source": "polygon",
        "assessment_criteria": {
          "flood_threshold_low": 2,
          "flood_threshold_moderate": 4,
          "elevation_threshold_high": 210,
          "elevation_threshold_low": 205
        },
        "assessed_date": "2026-02-13"
      },
      "geometry": {
        "type": "Point",
        "coordinates": [
          77.109536,
          28.6981247
        ]
      },
      "id": "node/8017643962"
    },
    {
      "type": "Feature",
      "properties": {
        "@id": "node/8017643972",
        "amenity": "parking",
        "flood_count_5yr": 0.0,
        "elevation_m": 212.0,
        "risk_category": "low",
        "risk_color": "#00FF00",
        "risk_label": "LOW",
        "data_source": "polygon",
        "assessment_criteria": {
          "flood_threshold_low": 2,
          "flood_threshold_moderate": 4,
          "elevation_threshold_high": 210,
          "elevation_threshold_low": 205
        },
        "assessed_date": "2026-02-13"
      },
      "geometry": {
        "type": "Point",
        "coordinates": [
          77.1143756,
          28.6989949
        ]
      },
      "id": "node/8017643972"
    },
    {
      "type": "Feature",
      "properties": {
        "@id": "node/8017643973",
        "amenity": "parking",
        "flood_count_5yr": 0.0,
        "elevation_m": 211.0,
        "risk_category": "low",
        "risk_color": "#00FF00",
        "risk_label": "LOW",
        "data_source": "polygon",
        "assessment_criteria": {
          "flood_threshold_low": 2,
          "flood_threshold_moderate": 4,
          "elevation_threshold_high": 210,
          "elevation_threshold_low": 205
        },
        "assessed_date": "2026-02-13"
      },
      "geometry": {
        "type": "Point",
        "coordinates": [
          77.1148635,
          28.6991444
        ]
      },
      "id": "node/8017643973"
    },
    {
      "type": "Feature",
      "properties": {
        "@id": "node/8017663832",
        "amenity": "parking",
        "flood_count_5yr": 0.0,
        "elevation_m": 217.0,
        "risk_category": "low",
        "risk_color": "#00FF00",
        "risk_label": "LOW",
        "data_source": "polygon",
        "assessment_criteria": {
          "flood_threshold_low": 2,
          "flood_threshold_moderate": 4,
          "elevation_threshold_high": 210,
          "elevation_threshold_low": 205
        },
        "assessed_date": "2026-02-13"
      },
      "geometry": {
        "type": "Point",
        "coordinates": [
          77.1181277,
          28.6953588
        ]
      },
      "id": "node/8017663832"
    },
    {
      "type": "Feature",
      "properties": {
        "@id": "node/8017663833",
        "amenity": "parking",
        "flood_count_5yr": 0.0,
        "elevation_m": 217.0,
        "risk_category": "low",
        "risk_color": "#00FF00",
        "risk_label": "LOW",
        "data_source": "polygon",
        "assessment_criteria": {
          "flood_threshold_low": 2,
          "flood_threshold_moderate": 4,
          "elevation_threshold_high": 210,
          "elevation_threshold_low": 205
        },
        "assessed_date": "2026-02-13"
      },
      "geometry": {
        "type": "Point",
        "coordinates": [
          77.1182997,
          28.6954734
        ]
      },
      "id": "node/8017663833"
    },
    {
      "type": "Feature",
      "properties": {
        "@id": "node/10232127629",
        "amenity": "parking",
        "flood_count_5yr": 0.0,
        "elevation_m": 226.0,
        "risk_category": "low",
        "risk_color": "#00FF00",
        "risk_label": "LOW",
        "data_source": "polygon",
        "assessment_criteria": {
          "flood_threshold_low": 2,
          "flood_threshold_moderate": 4,
          "elevation_threshold_high": 210,
          "elevation_threshold_low": 205
        },
        "assessed_date": "2026-02-13"
      },
      "geometry": {
        "type": "Point",
        "coordinates": [
          77.2151522,
          28.6243086
        ]
      },
      "id": "node/10232127629"
    },
    {
      "type": "Feature",
      "properties": {
        "@id": "node/10242883135",
        "amenity": "parking",
        "flood_count_5yr": 0.0,
        "elevation_m": 219.0,
        "risk_category": "low",
        "risk_color": "#00FF00",
        "risk_label": "LOW",
        "data_source": "polygon",
        "assessment_criteria": {
          "flood_threshold_low": 2,
          "flood_threshold_moderate": 4,
          "elevation_threshold_high": 210,
          "elevation_threshold_low": 205
        },
        "assessed_date": "2026-02-13"
      },
      "geometry": {
        "type": "Point",
        "coordinates": [
          77.2200626,
          28.5903085
        ]
      },
      "id": "node/10242883135"
    },
    {
      "type": "Feature",
      "properties": {
        "@id": "node/10942165701",
        "amenity": "parking",
        "flood_count_5yr": 0.0,
        "elevation_m": 213.0,
        "risk_category": "low",
        "risk_color": "#00FF00",
        "risk_label": "LOW",
        "data_source": "polygon",
        "assessment_criteria": {
          "flood_threshold_low": 2,
          "flood_threshold_moderate": 4,
          "elevation_threshold_high": 210,
          "elevation_threshold_low": 205
        },
        "assessed_date": "2026-02-13"
      },
      "geometry": {
        "type": "Point",
        "coordinates": [
          77.0379976,
          28.6120847
        ]
      },
      "id": "node/10942165701"
    },
    {
      "type": "Feature",
      "properties": {
        "@id": "node/11601893583",
        "access": "private",
        "amenity": "parking",
        "parking": "underground",
        "flood_count_5yr": 0.0,
        "elevation_m": 212.0,
        "risk_category": "low",
        "risk_color": "#00FF00",
        "risk_label": "LOW",
        "data_source": "polygon",
        "assessment_criteria": {
          "flood_threshold_low": 2,
          "flood_threshold_moderate": 4,
          "elevation_threshold_high": 210,
          "elevation_threshold_low": 205
        },
        "assessed_date": "2026-02-13"
      },
      "geometry": {
        "type": "Point",
        "coordinates": [
          77.2417091,
          28.6200263
        ]
      },
      "id": "node/11601893583"
    },
    {
      "type": "Feature",
      "properties": {
        "@id": "node/11688160162",
        "amenity": "parking",
        "name": "Auto Heaven Garage",
        "parking": "multi-storey",
        "flood_count_5yr": 0.0,
        "elevation_m": 242.0,
        "risk_category": "low",
        "risk_color": "#00FF00",
        "risk_label": "LOW",
        "data_source": "polygon",
        "assessment_criteria": {
          "flood_threshold_low": 2,
          "flood_threshold_moderate": 4,
          "elevation_threshold_high": 210,
          "elevation_threshold_low": 205
        },
        "assessed_date": "2026-02-13"
      },
      "geometry": {
        "type": "Point",
        "coordinates": [
          77.1061471,
          28.5157985
        ]
      },
      "id": "node/11688160162"
    },
    {
      "type": "Feature",
      "properties": {
        "@id": "node/11698069946",
        "amenity": "parking",
        "operator": "parking",
        "flood_count_5yr": 0.0,
        "elevation_m": 241.0,
        "risk_category": "low",
        "risk_color": "#00FF00",
        "risk_label": "LOW",
        "data_source": "polygon",
        "assessment_criteria": {
          "flood_threshold_low": 2,
          "flood_threshold_moderate": 4,
          "elevation_threshold_high": 210,
          "elevation_threshold_low": 205
        },
        "assessed_date": "2026-02-13"
      },
      "geometry": {
        "type": "Point",
        "coordinates": [
          77.2655989,
          28.5130365
        ]
      },
      "id": "node/11698069946"
    },
    {
      "type": "Feature",
      "properties": {
        "@id": "node/12492316653",
        "amenity": "parking",
        "flood_count_5yr": 0.0,
        "elevation_m": 234.0,
        "risk_category": "low",
        "risk_color": "#00FF00",
        "risk_label": "LOW",
        "data_source": "polygon",
        "assessment_criteria": {
          "flood_threshold_low": 2,
          "flood_threshold_moderate": 4,
          "elevation_threshold_high": 210,
          "elevation_threshold_low": 205
        },
        "assessed_date": "2026-02-13"
      },
      "geometry": {
        "type": "Point",
        "coordinates": [
          77.1903016,
          28.5474095
        ]
      },
      "id": "node/12492316653"
    },
    {
      "type": "Feature",
      "properties": {
        "@id": "node/12752039882",
        "amenity": "parking",
        "flood_count_5yr": 0.0,
        "elevation_m": 216.0,
        "risk_category": "low",
        "risk_color": "#00FF00",
        "risk_label": "LOW",
        "data_source": "polygon",
        "assessment_criteria": {
          "flood_threshold_low": 2,
          "flood_threshold_moderate": 4,
          "elevation_threshold_high": 210,
          "elevation_threshold_low": 205
        },
        "assessed_date": "2026-02-13"
      },
      "geometry": {
        "type": "Point",
        "coordinates": [
          77.0228611,
          28.6068301
        ]
      },
      "id": "node/12752039882"
    },
    {
      "type": "Feature",
      "properties": {
        "@id": "node/12752116200",
        "amenity": "parking",
        "flood_count_5yr": 0.0,
        "elevation_m": 219.0,
        "risk_category": "low",
        "risk_color": "#00FF00",
        "risk_label": "LOW",
        "data_source": "polygon",
        "assessment_criteria": {
          "flood_threshold_low": 2,
          "flood_threshold_moderate": 4,
          "elevation_threshold_high": 210,
          "elevation_threshold_low": 205
        },
        "assessed_date": "2026-02-13"
      },
      "geometry": {
        "type": "Point",
        "coordinates": [
          77.0199188,
          28.6081427
        ]
      },
      "id": "node/12752116200"
    },
    {
      "type": "Feature",
      "properties": {
        "@id": "node/13045232201",
        "amenity": "parking",
        "name": "B-1A 53A Janak Puri",
        "flood_count_5yr": 0.0,
        "elevation_m": 218.0,
        "risk_category": "low",
        "risk_color": "#00FF00",
        "risk_label": "LOW",
        "data_source": "polygon",
        "assessment_criteria": {
          "flood_threshold_low": 2,
          "flood_threshold_moderate": 4,
          "elevation_threshold_high": 210,
          "elevation_threshold_low": 205
        },
        "assessed_date": "2026-02-13"
      },
      "geometry": {
        "type": "Point",
        "coordinates": [
          77.0890255,
          28.6278399
        ]
      },
      "id": "node/13045232201"
    },
    {
      "type": "Feature",
      "properties": {
        "@id": "node/13114745520",
        "access": "private",
        "amenity": "parking",
        "name": "B1A Back Parking",
        "parking": "surface",
        "surface": "paved",
        "flood_count_5yr": 0.0,
        "elevation_m": 218.0,
        "risk_category": "low",
        "risk_color": "#00FF00",
        "risk_label": "LOW",
        "data_source": "polygon",
        "assessment_criteria": {
          "flood_threshold_low": 2,
          "flood_threshold_moderate": 4,
          "elevation_threshold_high": 210,
          "elevation_threshold_low": 205
        },
        "assessed_date": "2026-02-13"
      },
      "geometry": {
        "type": "Point",
        "coordinates": [
          77.088884,
          28.6279702
        ]
      },
      "id": "node/13114745520"
    },
    {
      "type": "Feature",
      "properties": {
        "@id": "way/80429851",
        "amenity": "parking",
        "@geometry": "center",
        "flood_count_5yr": 0.0,
        "elevation_m": 210.0,
        "risk_category": "moderate",
        "risk_color": "#FFFF00",
        "risk_label": "MODERATE",
        "data_source": "polygon",
        "assessment_criteria": {
          "flood_threshold_low": 2,
          "flood_threshold_moderate": 4,
          "elevation_threshold_high": 210,
          "elevation_threshold_low": 205
        },
        "assessed_date": "2026-02-13"
      },
      "geometry": {
        "type": "Point",
        "coordinates": [
          77.2489947,
          28.6683882
        ]
      },
      "id": "way/80429851"
    },
    {
      "type": "Feature",
      "properties": {
        "@id": "way/80499766",
        "amenity": "parking",
        "@geometry": "center",
        "flood_count_5yr": 0.0,
        "elevation_m": 210.0,
        "risk_category": "moderate",
        "risk_color": "#FFFF00",
        "risk_label": "MODERATE",
        "data_source": "polygon",
        "assessment_criteria": {
          "flood_threshold_low": 2,
          "flood_threshold_moderate": 4,
          "elevation_threshold_high": 210,
          "elevation_threshold_low": 205
        },
        "assessed_date": "2026-02-13"
      },
      "geometry": {
        "type": "Point",
        "coordinates": [
          77.2399549,
          28.6215272
        ]
      },
      "id": "way/80499766"
    },
    {
      "type": "Feature",
      "properties": {
        "@id": "way/139069654",
        "amenity": "parking",
        "name:es": "coche",
        "@geometry": "center",
        "flood_count_5yr": 0.0,
        "elevation_m": 208.0,
        "risk_category": "moderate",
        "risk_color": "#FFFF00",
        "risk_label": "MODERATE",
        "data_source": "polygon",
        "assessment_criteria": {
          "flood_threshold_low": 2,
          "flood_threshold_moderate": 4,
          "elevation_threshold_high": 210,
          "elevation_threshold_low": 205
        },
        "assessed_date": "2026-02-13"
      },
      "geometry": {
        "type": "Point",
        "coordinates": [
          77.2265655,
          28.6004062
        ]
      },
      "id": "way/139069654"
    },
    {
      "type": "Feature",
      "properties": {
        "@id": "way/196482629",
        "amenity": "parking",
        "name": "Pacific Mall Parking",
        "parking": "surface",
        "@geometry": "center",
        "flood_count_5yr": 0.0,
        "elevation_m": 207.0,
        "risk_category": "moderate",
        "risk_color": "#FFFF00",
        "risk_label": "MODERATE",
        "data_source": "polygon",
        "assessment_criteria": {
          "flood_threshold_low": 2,
          "flood_threshold_moderate": 4,
          "elevation_threshold_high": 210,
          "elevation_threshold_low": 205
        },
        "assessed_date": "2026-02-13"
      },
      "geometry": {
        "type": "Point",
        "coordinates": [
          77.3199704,
          28.6458043
        ]
      },
      "id": "way/196482629"
    },
    {
      "type": "Feature",
      "properties": {
        "@id": "way/196621463",
        "amenity": "parking",
        "name": "EDM Parking",
        "parking": "surface",
        "@geometry": "center",
        "flood_count_5yr": 0.0,
        "elevation_m": 206.0,
        "risk_category": "moderate",
        "risk_color": "#FFFF00",
        "risk_label": "MODERATE",
        "data_source": "polygon",
        "assessment_criteria": {
          "flood_threshold_low": 2,
          "flood_threshold_moderate": 4,
          "elevation_threshold_high": 210,
          "elevation_threshold_low": 205
        },
        "assessed_date": "2026-02-13"
      },
      "geometry": {
        "type": "Point",
        "coordinates": [
          77.3173315,
          28.6408836
        ]
      },
      "id": "way/196621463"
    },
    {
      "type": "Feature",
      "properties": {
        "@id": "way/202800243",
        "amenity": "parking",
        "@geometry": "center",
        "flood_count_5yr": 0.0,
        "elevation_m": 207.0,
        "risk_category": "moderate",
        "risk_color": "#FFFF00",
        "risk_label": "MODERATE",
        "data_source": "polygon",
        "assessment_criteria": {
          "flood_threshold_low": 2,
          "flood_threshold_moderate": 4,
          "elevation_threshold_high": 210,
          "elevation_threshold_low": 205
        },
        "assessed_date": "2026-02-13"
      },
      "geometry": {
        "type": "Point",
        "coordinates": [
          77.2561926,
          28.5885535
        ]
      },
      "id": "way/202800243"
    },
    {
      "type": "Feature",
      "properties": {
        "@id": "way/215161772",
        "amenity": "parking",
        "@geometry": "center",
        "flood_count_5yr": 0.0,
        "elevation_m": 209.0,
        "risk_category": "moderate",
        "risk_color": "#FFFF00",
        "risk_label": "MODERATE",
        "data_source": "polygon",
        "assessment_criteria": {
          "flood_threshold_low": 2,
          "flood_threshold_moderate": 4,
          "elevation_threshold_high": 210,
          "elevation_threshold_low": 205
        },
        "assessed_date": "2026-02-13"
      },
      "geometry": {
        "type": "Point",
        "coordinates": [
          77.0387583,
          28.5812552
        ]
      },
      "id": "way/215161772"
    },
    {
      "type": "Feature",
      "properties": {
        "@id": "way/266077002",
        "amenity": "parking",
        "@geometry": "center",
        "flood_count_5yr": 0.0,
        "elevation_m": 205.0,
        "risk_category": "moderate",
        "risk_color": "#FFFF00",
        "risk_label": "MODERATE",
        "data_source": "polygon",
        "assessment_criteria": {
          "flood_threshold_low": 2,
          "flood_threshold_moderate": 4,
          "elevation_threshold_high": 210,
          "elevation_threshold_low": 205
        },
        "assessed_date": "2026-02-13"
      },
      "geometry": {
        "type": "Point",
        "coordinates": [
          77.2903019,
          28.5399164
        ]
      },
      "id": "way/266077002"
    },
    {
      "type": "Feature",
      "properties": {
        "@id": "way/293345085",
        "access": "yes",
        "amenity": "parking",
        "fee": "no",
        "park_ride": "no",
        "parking": "surface",
        "supervised": "no",
        "@geometry": "center",
        "flood_count_5yr": 0.0,
        "elevation_m": 206.0,
        "risk_category": "moderate",
        "risk_color": "#FFFF00",
        "risk_label": "MODERATE",
        "data_source": "polygon",
        "assessment_criteria": {
          "flood_threshold_low": 2,
          "flood_threshold_moderate": 4,
          "elevation_threshold_high": 210,
          "elevation_threshold_low": 205
        },
        "assessed_date": "2026-02-13"
      },
      "geometry": {
        "type": "Point",
        "coordinates": [
          77.295187,
          28.5980673
        ]
      },
      "id": "way/293345085"
    },
    {
      "type": "Feature",
      "properties": {
        "@id": "way/351794579",
        "access": "staff",
        "amenity": "parking",
        "fee": "no",
        "operator": "hospital security",
        "parking": "surface",
        "surface": "asphalt",
        "@geometry": "center",
        "flood_count_5yr": 0.0,
        "elevation_m": 205.0,
        "risk_category": "moderate",
        "risk_color": "#FFFF00",
        "risk_label": "MODERATE",
        "data_source": "polygon",
        "assessment_criteria": {
          "flood_threshold_low": 2,
          "flood_threshold_moderate": 4,
          "elevation_threshold_high": 210,
          "elevation_threshold_low": 205
        },
        "assessed_date": "2026-02-13"
      },
      "geometry": {
        "type": "Point",
        "coordinates": [
          77.3099711,
          28.6822149
        ]
      },
      "id": "way/351794579"
    },
    {
      "type": "Feature",
      "properties": {
        "@id": "way/464265929",
        "amenity": "parking",
        "@geometry": "center",
        "flood_count_5yr": 0.0,
        "elevation_m": 205.0,
        "risk_category": "moderate",
        "risk_color": "#FFFF00",
        "risk_label": "MODERATE",
        "data_source": "polygon",
        "assessment_criteria": {
          "flood_threshold_low": 2,
          "flood_threshold_moderate": 4,
          "elevation_threshold_high": 210,
          "elevation_threshold_low": 205
        },
        "assessed_date": "2026-02-13"
      },
      "geometry": {
        "type": "Point",
        "coordinates": [
          77.2687611,
          28.6231706
        ]
      },
      "id": "way/464265929"
    },
    {
      "type": "Feature",
      "properties": {
        "@id": "way/662315637",
        "amenity": "parking",
        "@geometry": "center",
        "flood_count_5yr": 0.0,
        "elevation_m": 206.0,
        "risk_category": "moderate",
        "risk_color": "#FFFF00",
        "risk_label": "MODERATE",
        "data_source": "polygon",
        "assessment_criteria": {
          "flood_threshold_low": 2,
          "flood_threshold_moderate": 4,
          "elevation_threshold_high": 210,
          "elevation_threshold_low": 205
        },
        "assessed_date": "2026-02-13"
      },
      "geometry": {
        "type": "Point",
        "coordinates": [
          77.3157384,
          28.6480344
        ]
      },
      "id": "way/662315637"
    },
    {
      "type": "Feature",
      "properties": {
        "@id": "way/689460972",
        "amenity": "parking",
        "@geometry": "center",
        "flood_count_5yr": 0.0,
        "elevation_m": 205.0,
        "risk_category": "moderate",
        "risk_color": "#FFFF00",
        "risk_label": "MODERATE",
        "data_source": "polygon",
        "assessment_criteria": {
          "flood_threshold_low": 2,
          "flood_threshold_moderate": 4,
          "elevation_threshold_high": 210,
          "elevation_threshold_low": 205
        },
        "assessed_date": "2026-02-13"
      },
      "geometry": {
        "type": "Point",
        "coordinates": [
          77.2886849,
          28.6741823
        ]
      },
      "id": "way/689460972"
    },
    {
      "type": "Feature",
      "properties": {
        "@id": "way/689460973",
        "amenity": "parking",
        "@geometry": "center",
        "flood_count_5yr": 0.0,
        "elevation_m": 206.0,
        "risk_category": "moderate",
        "risk_color": "#FFFF00",
        "risk_label": "MODERATE",
        "data_source": "polygon",
        "assessment_criteria": {
          "flood_threshold_low": 2,
          "flood_threshold_moderate": 4,
          "elevation_threshold_high": 210,
          "elevation_threshold_low": 205
        },
        "assessed_date": "2026-02-13"
      },
      "geometry": {
        "type": "Point",
        "coordinates": [
          77.2891053,
          28.6743012
        ]
      },
      "id": "way/689460973"
    },
    {
      "type": "Feature",
      "properties": {
        "@id": "way/693757766",
        "amenity": "parking",
        "@geometry": "center",
        "flood_count_5yr": 0.0,
        "elevation_m": 206.0,
        "risk_category": "moderate",
        "risk_color": "#FFFF00",
        "risk_label": "MODERATE",
        "data_source": "polygon",
        "assessment_criteria": {
          "flood_threshold_low": 2,
          "flood_threshold_moderate": 4,
          "elevation_threshold_high": 210,
          "elevation_threshold_low": 205
        },
        "assessed_date": "2026-02-13"
      },
      "geometry": {
        "type": "Point",
        "coordinates": [
          77.2891915,
          28.673999
        ]
      },
      "id": "way/693757766"
    },
    {
      "type": "Feature",
      "properties": {
        "@id": "way/699660183",
        "amenity": "parking",
        "@geometry": "center",
        "flood_count_5yr": 0.0,
        "elevation_m": 208.0,
        "risk_category": "moderate",
        "risk_color": "#FFFF00",
        "risk_label": "MODERATE",
        "data_source": "polygon",
        "assessment_criteria": {
          "flood_threshold_low": 2,
          "flood_threshold_moderate": 4,
          "elevation_threshold_high": 210,
          "elevation_threshold_low": 205
        },
        "assessed_date": "2026-02-13"
      },
      "geometry": {
        "type": "Point",
        "coordinates": [
          77.2785135,
          28.6723478
        ]
      },
      "id": "way/699660183"
    },
    {
      "type": "Feature",
      "properties": {
        "@id": "way/700807611",
        "amenity": "parking",
        "@geometry": "center",
        "flood_count_5yr": 0.0,
        "elevation_m": 206.0,
        "risk_category": "moderate",
        "risk_color": "#FFFF00",
        "risk_label": "MODERATE",
        "data_source": "polygon",
        "assessment_criteria": {
          "flood_threshold_low": 2,
          "flood_threshold_moderate": 4,
          "elevation_threshold_high": 210,
          "elevation_threshold_low": 205
        },
        "assessed_date": "2026-02-13"
      },
      "geometry": {
        "type": "Point",
        "coordinates": [
          77.2414911,
          28.6237929
        ]
      },
      "id": "way/700807611"
    },
    {
      "type": "Feature",
      "properties": {
        "@id": "way/701087033",
        "amenity": "parking",
        "@geometry": "center",
        "flood_count_5yr": 0.0,
        "elevation_m": 207.0,
        "risk_category": "moderate",
        "risk_color": "#FFFF00",
        "risk_label": "MODERATE",
        "data_source": "polygon",
        "assessment_criteria": {
          "flood_threshold_low": 2,
          "flood_threshold_moderate": 4,
          "elevation_threshold_high": 210,
          "elevation_threshold_low": 205
        },
        "assessed_date": "2026-02-13"
      },
      "geometry": {
        "type": "Point",
        "coordinates": [
          77.324788,
          28.6887473
        ]
      },
      "id": "way/701087033"
    },
    {
      "type": "Feature",
      "properties": {
        "@id": "way/701579393",
        "amenity": "parking",
        "@geometry": "center",
        "flood_count_5yr": 0.0,
        "elevation_m": 210.0,
        "risk_category": "moderate",
        "risk_color": "#FFFF00",
        "risk_label": "MODERATE",
        "data_source": "polygon",
        "assessment_criteria": {
          "flood_threshold_low": 2,
          "flood_threshold_moderate": 4,
          "elevation_threshold_high": 210,
          "elevation_threshold_low": 205
        },
        "assessed_date": "2026-02-13"
      },
      "geometry": {
        "type": "Point",
        "coordinates": [
          77.3080677,
          28.6793518
        ]
      },
      "id": "way/701579393"
    },
    {
      "type": "Feature",
      "properties": {
        "@id": "way/702114795",
        "amenity": "parking",
        "@geometry": "center",
        "flood_count_5yr": 0.0,
        "elevation_m": 207.0,
        "risk_category": "moderate",
        "risk_color": "#FFFF00",
        "risk_label": "MODERATE",
        "data_source": "polygon",
        "assessment_criteria": {
          "flood_threshold_low": 2,
          "flood_threshold_moderate": 4,
          "elevation_threshold_high": 210,
          "elevation_threshold_low": 205
        },
        "assessed_date": "2026-02-13"
      },
      "geometry": {
        "type": "Point",
        "coordinates": [
          77.2646988,
          28.6698837
        ]
      },
      "id": "way/702114795"
    },
    {
      "type": "Feature",
      "properties": {
        "@id": "way/741158514",
        "amenity": "parking",
        "@geometry": "center",
        "flood_count_5yr": 0.0,
        "elevation_m": 209.0,
        "risk_category": "moderate",
        "risk_color": "#FFFF00",
        "risk_label": "MODERATE",
        "data_source": "polygon",
        "assessment_criteria": {
          "flood_threshold_low": 2,
          "flood_threshold_moderate": 4,
          "elevation_threshold_high": 210,
          "elevation_threshold_low": 205
        },
        "assessed_date": "2026-02-13"
      },
      "geometry": {
        "type": "Point",
        "coordinates": [
          77.2012827,
          28.7305713
        ]
      },
      "id": "way/741158514"
    },
    {
      "type": "Feature",
      "properties": {
        "@id": "way/754208194",
        "amenity": "parking",
        "@geometry": "center",
        "flood_count_5yr": 0.0,
        "elevation_m": 210.0,
        "risk_category": "moderate",
        "risk_color": "#FFFF00",
        "risk_label": "MODERATE",
        "data_source": "polygon",
        "assessment_criteria": {
          "flood_threshold_low": 2,
          "flood_threshold_moderate": 4,
          "elevation_threshold_high": 210,
          "elevation_threshold_low": 205
        },
        "assessed_date": "2026-02-13"
      },
      "geometry": {
        "type": "Point",
        "coordinates": [
          77.2820064,
          28.6849991
        ]
      },
      "id": "way/754208194"
    },
    {
      "type": "Feature",
      "properties": {
        "@id": "way/816798915",
        "access": "customers",
        "amenity": "parking",
        "fee": "no",
        "parking": "surface",
        "@geometry": "center",
        "flood_count_5yr": 0.0,
        "elevation_m": 210.0,
        "risk_category": "moderate",
        "risk_color": "#FFFF00",
        "risk_label": "MODERATE",
        "data_source": "polygon",
        "assessment_criteria": {
          "flood_threshold_low": 2,
          "flood_threshold_moderate": 4,
          "elevation_threshold_high": 210,
          "elevation_threshold_low": 205
        },
        "assessed_date": "2026-02-13"
      },
      "geometry": {
        "type": "Point",
        "coordinates": [
          77.3087373,
          28.6867414
        ]
      },
      "id": "way/816798915"
    },
    {
      "type": "Feature",
      "properties": {
        "@id": "way/819779902",
        "amenity": "parking",
        "parking": "surface",
        "@geometry": "center",
        "flood_count_5yr": 0.0,
        "elevation_m": 209.0,
        "risk_category": "moderate",
        "risk_color": "#FFFF00",
        "risk_label": "MODERATE",
        "data_source": "polygon",
        "assessment_criteria": {
          "flood_threshold_low": 2,
          "flood_threshold_moderate": 4,
          "elevation_threshold_high": 210,
          "elevation_threshold_low": 205
        },
        "assessed_date": "2026-02-13"
      },
      "geometry": {
        "type": "Point",
        "coordinates": [
          77.294612,
          28.639899
        ]
      },
      "id": "way/819779902"
    },
    {
      "type": "Feature",
      "properties": {
        "@id": "way/821862033",
        "amenity": "parking",
        "@geometry": "center",
        "flood_count_5yr": 0.0,
        "elevation_m": 209.0,
        "risk_category": "moderate",
        "risk_color": "#FFFF00",
        "risk_label": "MODERATE",
        "data_source": "polygon",
        "assessment_criteria": {
          "flood_threshold_low": 2,
          "flood_threshold_moderate": 4,
          "elevation_threshold_high": 210,
          "elevation_threshold_low": 205
        },
        "assessed_date": "2026-02-13"
      },
      "geometry": {
        "type": "Point",
        "coordinates": [
          77.2820308,
          28.6877275
        ]
      },
      "id": "way/821862033"
    },
    {
      "type": "Feature",
      "properties": {
        "@id": "way/822454280",
        "amenity": "parking",
        "@geometry": "center",
        "flood_count_5yr": 0.0,
        "elevation_m": 207.0,
        "risk_category": "moderate",
        "risk_color": "#FFFF00",
        "risk_label": "MODERATE",
        "data_source": "polygon",
        "assessment_criteria": {
          "flood_threshold_low": 2,
          "flood_threshold_moderate": 4,
          "elevation_threshold_high": 210,
          "elevation_threshold_low": 205
        },
        "assessed_date": "2026-02-13"
      },
      "geometry": {
        "type": "Point",
        "coordinates": [
          77.2871535,
          28.659589
        ]
      },
      "id": "way/822454280"
    },
    {
      "type": "Feature",
      "properties": {
        "@id": "way/983518491",
        "amenity": "parking",
        "@geometry": "center",
        "flood_count_5yr": 0.0,
        "elevation_m": 206.0,
        "risk_category": "moderate",
        "risk_color": "#FFFF00",
        "risk_label": "MODERATE",
        "data_source": "polygon",
        "assessment_criteria": {
          "flood_threshold_low": 2,
          "flood_threshold_moderate": 4,
          "elevation_threshold_high": 210,
          "elevation_threshold_low": 205
        },
        "assessed_date": "2026-02-13"
      },
      "geometry": {
        "type": "Point",
        "coordinates": [
          77.2947966,
          28.6458396
        ]
      },
      "id": "way/983518491"
    },
    {
      "type": "Feature",
      "properties": {
        "@id": "way/1081418569",
        "amenity": "parking",
        "@geometry": "center",
        "flood_count_5yr": 0.0,
        "elevation_m": 205.0,
        "risk_category": "moderate",
        "risk_color": "#FFFF00",
        "risk_label": "MODERATE",
        "data_source": "polygon",
        "assessment_criteria": {
          "flood_threshold_low": 2,
          "flood_threshold_moderate": 4,
          "elevation_threshold_high": 210,
          "elevation_threshold_low": 205
        },
        "assessed_date": "2026-02-13"
      },
      "geometry": {
        "type": "Point",
        "coordinates": [
          77.3050335,
          28.6353721
        ]
      },
      "id": "way/1081418569"
    },
    {
      "type": "Feature",
      "properties": {
        "@id": "way/1124210509",
        "access": "customers",
        "amenity": "parking",
        "fee": "no",
        "parking": "surface",
        "@geometry": "center",
        "flood_count_5yr": 0.0,
        "elevation_m": 209.0,
        "risk_category": "moderate",
        "risk_color": "#FFFF00",
        "risk_label": "MODERATE",
        "data_source": "polygon",
        "assessment_criteria": {
          "flood_threshold_low": 2,
          "flood_threshold_moderate": 4,
          "elevation_threshold_high": 210,
          "elevation_threshold_low": 205
        },
        "assessed_date": "2026-02-13"
      },
      "geometry": {
        "type": "Point",
        "coordinates": [
          77.0661697,
          28.7190338
        ]
      },
      "id": "way/1124210509"
    },
    {
      "type": "Feature",
      "properties": {
        "@id": "way/1126432791",
        "access": "no",
        "amenity": "parking",
        "tourist_bus": "only",
        "@geometry": "center",
        "flood_count_5yr": 0.0,
        "elevation_m": 209.0,
        "risk_category": "moderate",
        "risk_color": "#FFFF00",
        "risk_label": "MODERATE",
        "data_source": "polygon",
        "assessment_criteria": {
          "flood_threshold_low": 2,
          "flood_threshold_moderate": 4,
          "elevation_threshold_high": 210,
          "elevation_threshold_low": 205
        },
        "assessed_date": "2026-02-13"
      },
      "geometry": {
        "type": "Point",
        "coordinates": [
          77.2517134,
          28.5957932
        ]
      },
      "id": "way/1126432791"
    },
    {
      "type": "Feature",
      "properties": {
        "@id": "way/1126432799",
        "amenity": "parking",
        "@geometry": "center",
        "flood_count_5yr": 0.0,
        "elevation_m": 209.0,
        "risk_category": "moderate",
        "risk_color": "#FFFF00",
        "risk_label": "MODERATE",
        "data_source": "polygon",
        "assessment_criteria": {
          "flood_threshold_low": 2,
          "flood_threshold_moderate": 4,
          "elevation_threshold_high": 210,
          "elevation_threshold_low": 205
        },
        "assessed_date": "2026-02-13"
      },
      "geometry": {
        "type": "Point",
        "coordinates": [
          77.252866,
          28.5948467
        ]
      },
      "id": "way/1126432799"
    },
    {
      "type": "Feature",
      "properties": {
        "@id": "way/1154010130",
        "amenity": "parking",
        "@geometry": "center",
        "flood_count_5yr": 0.0,
        "elevation_m": 207.0,
        "risk_category": "moderate",
        "risk_color": "#FFFF00",
        "risk_label": "MODERATE",
        "data_source": "polygon",
        "assessment_criteria": {
          "flood_threshold_low": 2,
          "flood_threshold_moderate": 4,
          "elevation_threshold_high": 210,
          "elevation_threshold_low": 205
        },
        "assessed_date": "2026-02-13"
      },
      "geometry": {
        "type": "Point",
        "coordinates": [
          77.1776628,
          28.7283267
        ]
      },
      "id": "way/1154010130"
    },
    {
      "type": "Feature",
      "properties": {
        "@id": "way/1157416745",
        "amenity": "parking",
        "@geometry": "center",
        "flood_count_5yr": 0.0,
        "elevation_m": 209.0,
        "risk_category": "moderate",
        "risk_color": "#FFFF00",
        "risk_label": "MODERATE",
        "data_source": "polygon",
        "assessment_criteria": {
          "flood_threshold_low": 2,
          "flood_threshold_moderate": 4,
          "elevation_threshold_high": 210,
          "elevation_threshold_low": 205
        },
        "assessed_date": "2026-02-13"
      },
      "geometry": {
        "type": "Point",
        "coordinates": [
          77.2864733,
          28.619345
        ]
      },
      "id": "way/1157416745"
    },
    {
      "type": "Feature",
      "properties": {
        "@id": "way/1162427167",
        "amenity": "parking",
        "@geometry": "center",
        "flood_count_5yr": 0.0,
        "elevation_m": 207.0,
        "risk_category": "moderate",
        "risk_color": "#FFFF00",
        "risk_label": "MODERATE",
        "data_source": "polygon",
        "assessment_criteria": {
          "flood_threshold_low": 2,
          "flood_threshold_moderate": 4,
          "elevation_threshold_high": 210,
          "elevation_threshold_low": 205
        },
        "assessed_date": "2026-02-13"
      },
      "geometry": {
        "type": "Point",
        "coordinates": [
          77.3110754,
          28.6925723
        ]
      },
      "id": "way/1162427167"
    },
    {
      "type": "Feature",
      "properties": {
        "@id": "way/1190155552",
        "amenity": "parking",
        "@geometry": "center",
        "flood_count_5yr": 0.0,
        "elevation_m": 210.0,
        "risk_category": "moderate",
        "risk_color": "#FFFF00",
        "risk_label": "MODERATE",
        "data_source": "polygon",
        "assessment_criteria": {
          "flood_threshold_low": 2,
          "flood_threshold_moderate": 4,
          "elevation_threshold_high": 210,
          "elevation_threshold_low": 205
        },
        "assessed_date": "2026-02-13"
      },
      "geometry": {
        "type": "Point",
        "coordinates": [
          77.1665833,
          28.7344979
        ]
      },
      "id": "way/1190155552"
    },
    {
      "type": "Feature",
      "properties": {
        "@id": "way/1200970626",
        "amenity": "parking",
        "@geometry": "center",
        "flood_count_5yr": 0.0,
        "elevation_m": 208.0,
        "risk_category": "moderate",
        "risk_color": "#FFFF00",
        "risk_label": "MODERATE",
        "data_source": "polygon",
        "assessment_criteria": {
          "flood_threshold_low": 2,
          "flood_threshold_moderate": 4,
          "elevation_threshold_high": 210,
          "elevation_threshold_low": 205
        },
        "assessed_date": "2026-02-13"
      },
      "geometry": {
        "type": "Point",
        "coordinates": [
          77.2553879,
          28.5912482
        ]
      },
      "id": "way/1200970626"
    },
    {
      "type": "Feature",
      "properties": {
        "@id": "way/1234221905",
        "amenity": "parking",
        "@geometry": "center",
        "flood_count_5yr": 0.0,
        "elevation_m": 207.0,
        "risk_category": "moderate",
        "risk_color": "#FFFF00",
        "risk_label": "MODERATE",
        "data_source": "polygon",
        "assessment_criteria": {
          "flood_threshold_low": 2,
          "flood_threshold_moderate": 4,
          "elevation_threshold_high": 210,
          "elevation_threshold_low": 205
        },
        "assessed_date": "2026-02-13"
      },
      "geometry": {
        "type": "Point",
        "coordinates": [
          77.2532832,
          28.6674008
        ]
      },
      "id": "way/1234221905"
    },
    {
      "type": "Feature",
      "properties": {
        "@id": "way/1239658220",
        "amenity": "parking",
        "building": "yes",
        "parking": "multi-storey",
        "roof:shape": "flat",
        "@geometry": "center",
        "flood_count_5yr": 0.0,
        "elevation_m": 208.0,
        "risk_category": "moderate",
        "risk_color": "#FFFF00",
        "risk_label": "MODERATE",
        "data_source": "polygon",
        "assessment_criteria": {
          "flood_threshold_low": 2,
          "flood_threshold_moderate": 4,
          "elevation_threshold_high": 210,
          "elevation_threshold_low": 205
        },
        "assessed_date": "2026-02-13"
      },
      "geometry": {
        "type": "Point",
        "coordinates": [
          77.2402932,
          28.5918781
        ]
      },
      "id": "way/1239658220"
    },
    {
      "type": "Feature",
      "properties": {
        "@id": "way/1239837984",
        "amenity": "parking",
        "parking": "surface",
        "@geometry": "center",
        "flood_count_5yr": 0.0,
        "elevation_m": 209.0,
        "risk_category": "moderate",
        "risk_color": "#FFFF00",
        "risk_label": "MODERATE",
        "data_source": "polygon",
        "assessment_criteria": {
          "flood_threshold_low": 2,
          "flood_threshold_moderate": 4,
          "elevation_threshold_high": 210,
          "elevation_threshold_low": 205
        },
        "assessed_date": "2026-02-13"
      },
      "geometry": {
        "type": "Point",
        "coordinates": [
          77.3142506,
          28.6758006
        ]
      },
      "id": "way/1239837984"
    },
    {
      "type": "Feature",
      "properties": {
        "@id": "way/1248079206",
        "access": "private",
        "amenity": "parking",
        "parking": "surface",
        "@geometry": "center",
        "flood_count_5yr": 0.0,
        "elevation_m": 209.0,
        "risk_category": "moderate",
        "risk_color": "#FFFF00",
        "risk_label": "MODERATE",
        "data_source": "polygon",
        "assessment_criteria": {
          "flood_threshold_low": 2,
          "flood_threshold_moderate": 4,
          "elevation_threshold_high": 210,
          "elevation_threshold_low": 205
        },
        "assessed_date": "2026-02-13"
      },
      "geometry": {
        "type": "Point",
        "coordinates": [
          77.2423081,
          28.6231649
        ]
      },
      "id": "way/1248079206"
    },
    {
      "type": "Feature",
      "properties": {
        "@id": "way/1255252345",
        "amenity": "parking",
        "parking": "street_side",
        "@geometry": "center",
        "flood_count_5yr": 0.0,
        "elevation_m": 210.0,
        "risk_category": "moderate",
        "risk_color": "#FFFF00",
        "risk_label": "MODERATE",
        "data_source": "polygon",
        "assessment_criteria": {
          "flood_threshold_low": 2,
          "flood_threshold_moderate": 4,
          "elevation_threshold_high": 210,
          "elevation_threshold_low": 205
        },
        "assessed_date": "2026-02-13"
      },
      "geometry": {
        "type": "Point",
        "coordinates": [
          77.2824797,
          28.6699648
        ]
      },
      "id": "way/1255252345"
    },
    {
      "type": "Feature",
      "properties": {
        "@id": "way/1272464500",
        "amenity": "parking",
        "capacity": "30",
        "layer": "-1",
        "parking": "underground",
        "@geometry": "center",
        "flood_count_5yr": 0.0,
        "elevation_m": 207.0,
        "risk_category": "moderate",
        "risk_color": "#FFFF00",
        "risk_label": "MODERATE",
        "data_source": "polygon",
        "assessment_criteria": {
          "flood_threshold_low": 2,
          "flood_threshold_moderate": 4,
          "elevation_threshold_high": 210,
          "elevation_threshold_low": 205
        },
        "assessed_date": "2026-02-13"
      },
      "geometry": {
        "type": "Point",
        "coordinates": [
          77.1271141,
          28.6576774
        ]
      },
      "id": "way/1272464500"
    },
    {
      "type": "Feature",
      "properties": {
        "@id": "way/1284468519",
        "amenity": "parking",
        "name": "MCD Parking",
        "@geometry": "center",
        "flood_count_5yr": 0.0,
        "elevation_m": 207.0,
        "risk_category": "moderate",
        "risk_color": "#FFFF00",
        "risk_label": "MODERATE",
        "data_source": "polygon",
        "assessment_criteria": {
          "flood_threshold_low": 2,
          "flood_threshold_moderate": 4,
          "elevation_threshold_high": 210,
          "elevation_threshold_low": 205
        },
        "assessed_date": "2026-02-13"
      },
      "geometry": {
        "type": "Point",
        "coordinates": [
          77.27681,
          28.6305433
        ]
      },
      "id": "way/1284468519"
    },
    {
      "type": "Feature",
      "properties": {
        "@id": "way/1287274468",
        "amenity": "parking",
        "@geometry": "center",
        "flood_count_5yr": 0.0,
        "elevation_m": 205.0,
        "risk_category": "moderate",
        "risk_color": "#FFFF00",
        "risk_label": "MODERATE",
        "data_source": "polygon",
        "assessment_criteria": {
          "flood_threshold_low": 2,
          "flood_threshold_moderate": 4,
          "elevation_threshold_high": 210,
          "elevation_threshold_low": 205
        },
        "assessed_date": "2026-02-13"
      },
      "geometry": {
        "type": "Point",
        "coordinates": [
          77.320466,
          28.6760236
        ]
      },
      "id": "way/1287274468"
    },
    {
      "type": "Feature",
      "properties": {
        "@id": "way/1291787163",
        "access": "permissive",
        "amenity": "parking",
        "@geometry": "center",
        "flood_count_5yr": 0.0,
        "elevation_m": 206.0,
        "risk_category": "moderate",
        "risk_color": "#FFFF00",
        "risk_label": "MODERATE",
        "data_source": "polygon",
        "assessment_criteria": {
          "flood_threshold_low": 2,
          "flood_threshold_moderate": 4,
          "elevation_threshold_high": 210,
          "elevation_threshold_low": 205
        },
        "assessed_date": "2026-02-13"
      },
      "geometry": {
        "type": "Point",
        "coordinates": [
          77.3093662,
          28.6708778
        ]
      },
      "id": "way/1291787163"
    },
    {
      "type": "Feature",
      "properties": {
        "@id": "way/1297324904",
        "amenity": "parking",
        "@geometry": "center",
        "flood_count_5yr": 0.0,
        "elevation_m": 205.0,
        "risk_category": "moderate",
        "risk_color": "#FFFF00",
        "risk_label": "MODERATE",
        "data_source": "polygon",
        "assessment_criteria": {
          "flood_threshold_low": 2,
          "flood_threshold_moderate": 4,
          "elevation_threshold_high": 210,
          "elevation_threshold_low": 205
        },
        "assessed_date": "2026-02-13"
      },
      "geometry": {
        "type": "Point",
        "coordinates": [
          77.2603037,
          28.590691
        ]
      },
      "id": "way/1297324904"
    },
    {
      "type": "Feature",
      "properties": {
        "@id": "way/1305711567",
        "amenity": "parking",
        "parking": "surface",
        "@geometry": "center",
        "flood_count_5yr": 0.0,
        "elevation_m": 209.0,
        "risk_category": "moderate",
        "risk_color": "#FFFF00",
        "risk_label": "MODERATE",
        "data_source": "polygon",
        "assessment_criteria": {
          "flood_threshold_low": 2,
          "flood_threshold_moderate": 4,
          "elevation_threshold_high": 210,
          "elevation_threshold_low": 205
        },
        "assessed_date": "2026-02-13"
      },
      "geometry": {
        "type": "Point",
        "coordinates": [
          77.0572163,
          28.5517923
        ]
      },
      "id": "way/1305711567"
    },
    {
      "type": "Feature",
      "properties": {
        "@id": "way/1306063631",
        "amenity": "parking",
        "parking": "surface",
        "@geometry": "center",
        "flood_count_5yr": 0.0,
        "elevation_m": 207.0,
        "risk_category": "moderate",
        "risk_color": "#FFFF00",
        "risk_label": "MODERATE",
        "data_source": "polygon",
        "assessment_criteria": {
          "flood_threshold_low": 2,
          "flood_threshold_moderate": 4,
          "elevation_threshold_high": 210,
          "elevation_threshold_low": 205
        },
        "assessed_date": "2026-02-13"
      },
      "geometry": {
        "type": "Point",
        "coordinates": [
          77.293591,
          28.6178621
        ]
      },
      "id": "way/1306063631"
    },
    {
      "type": "Feature",
      "properties": {
        "@id": "way/1306063632",
        "amenity": "parking",
        "parking": "surface",
        "@geometry": "center",
        "flood_count_5yr": 0.0,
        "elevation_m": 205.0,
        "risk_category": "moderate",
        "risk_color": "#FFFF00",
        "risk_label": "MODERATE",
        "data_source": "polygon",
        "assessment_criteria": {
          "flood_threshold_low": 2,
          "flood_threshold_moderate": 4,
          "elevation_threshold_high": 210,
          "elevation_threshold_low": 205
        },
        "assessed_date": "2026-02-13"
      },
      "geometry": {
        "type": "Point",
        "coordinates": [
          77.2937764,
          28.617914
        ]
      },
      "id": "way/1306063632"
    },
    {
      "type": "Feature",
      "properties": {
        "@id": "way/1307479726",
        "amenity": "parking",
        "parking": "surface",
        "@geometry": "center",
        "flood_count_5yr": 0.0,
        "elevation_m": 206.0,
        "risk_category": "moderate",
        "risk_color": "#FFFF00",
        "risk_label": "MODERATE",
        "data_source": "polygon",
        "assessment_criteria": {
          "flood_threshold_low": 2,
          "flood_threshold_moderate": 4,
          "elevation_threshold_high": 210,
          "elevation_threshold_low": 205
        },
        "assessed_date": "2026-02-13"
      },
      "geometry": {
        "type": "Point",
        "coordinates": [
          77.2945043,
          28.6180847
        ]
      },
      "id": "way/1307479726"
    },
    {
      "type": "Feature",
      "properties": {
        "@id": "way/1307479750",
        "amenity": "parking",
        "parking": "surface",
        "@geometry": "center",
        "flood_count_5yr": 0.0,
        "elevation_m": 205.0,
        "risk_category": "moderate",
        "risk_color": "#FFFF00",
        "risk_label": "MODERATE",
        "data_source": "polygon",
        "assessment_criteria": {
          "flood_threshold_low": 2,
          "flood_threshold_moderate": 4,
          "elevation_threshold_high": 210,
          "elevation_threshold_low": 205
        },
        "assessed_date": "2026-02-13"
      },
      "geometry": {
        "type": "Point",
        "coordinates": [
          77.2943188,
          28.6180328
        ]
      },
      "id": "way/1307479750"
    },
    {
      "type": "Feature",
      "properties": {
        "@id": "way/1307479767",
        "amenity": "parking",
        "parking": "surface",
        "@geometry": "center",
        "flood_count_5yr": 0.0,
        "elevation_m": 205.0,
        "risk_category": "moderate",
        "risk_color": "#FFFF00",
        "risk_label": "MODERATE",
        "data_source": "polygon",
        "assessment_criteria": {
          "flood_threshold_low": 2,
          "flood_threshold_moderate": 4,
          "elevation_threshold_high": 210,
          "elevation_threshold_low": 205
        },
        "assessed_date": "2026-02-13"
      },
      "geometry": {
        "type": "Point",
        "coordinates": [
          77.2943887,
          28.6173126
        ]
      },
      "id": "way/1307479767"
    },
    {
      "type": "Feature",
      "properties": {
        "@id": "way/1308305340",
        "amenity": "parking",
        "parking": "surface",
        "@geometry": "center",
        "flood_count_5yr": 0.0,
        "elevation_m": 205.0,
        "risk_category": "moderate",
        "risk_color": "#FFFF00",
        "risk_label": "MODERATE",
        "data_source": "polygon",
        "assessment_criteria": {
          "flood_threshold_low": 2,
          "flood_threshold_moderate": 4,
          "elevation_threshold_high": 210,
          "elevation_threshold_low": 205
        },
        "assessed_date": "2026-02-13"
      },
      "geometry": {
        "type": "Point",
        "coordinates": [
          77.2950407,
          28.6182268
        ]
      },
      "id": "way/1308305340"
    },
    {
      "type": "Feature",
      "properties": {
        "@id": "way/1308305356",
        "amenity": "parking",
        "parking": "surface",
        "@geometry": "center",
        "flood_count_5yr": 0.0,
        "elevation_m": 205.0,
        "risk_category": "moderate",
        "risk_color": "#FFFF00",
        "risk_label": "MODERATE",
        "data_source": "polygon",
        "assessment_criteria": {
          "flood_threshold_low": 2,
          "flood_threshold_moderate": 4,
          "elevation_threshold_high": 210,
          "elevation_threshold_low": 205
        },
        "assessed_date": "2026-02-13"
      },
      "geometry": {
        "type": "Point",
        "coordinates": [
          77.2951895,
          28.6182977
        ]
      },
      "id": "way/1308305356"
    },
    {
      "type": "Feature",
      "properties": {
        "@id": "way/1316621356",
        "amenity": "parking",
        "parking": "surface",
        "@geometry": "center",
        "flood_count_5yr": 0.0,
        "elevation_m": 205.0,
        "risk_category": "moderate",
        "risk_color": "#FFFF00",
        "risk_label": "MODERATE",
        "data_source": "polygon",
        "assessment_criteria": {
          "flood_threshold_low": 2,
          "flood_threshold_moderate": 4,
          "elevation_threshold_high": 210,
          "elevation_threshold_low": 205
        },
        "assessed_date": "2026-02-13"
      },
      "geometry": {
        "type": "Point",
        "coordinates": [
          77.2954205,
          28.6173296
        ]
      },
      "id": "way/1316621356"
    },
    {
      "type": "Feature",
      "properties": {
        "@id": "way/1358534120",
        "amenity": "parking",
        "@geometry": "center",
        "flood_count_5yr": 0.0,
        "elevation_m": 210.0,
        "risk_category": "moderate",
        "risk_color": "#FFFF00",
        "risk_label": "MODERATE",
        "data_source": "polygon",
        "assessment_criteria": {
          "flood_threshold_low": 2,
          "flood_threshold_moderate": 4,
          "elevation_threshold_high": 210,
          "elevation_threshold_low": 205
        },
        "assessed_date": "2026-02-13"
      },
      "geometry": {
        "type": "Point",
        "coordinates": [
          77.2280992,
          28.6686142
        ]
      },
      "id": "way/1358534120"
    },
    {
      "type": "Feature",
      "properties": {
        "@id": "way/1378338076",
        "access": "private",
        "amenity": "parking",
        "fee": "no",
        "parking": "surface",
        "smoothness": "excellent",
        "surface": "paved",
        "@geometry": "center",
        "flood_count_5yr": 0.0,
        "elevation_m": 210.0,
        "risk_category": "moderate",
        "risk_color": "#FFFF00",
        "risk_label": "MODERATE",
        "data_source": "polygon",
        "assessment_criteria": {
          "flood_threshold_low": 2,
          "flood_threshold_moderate": 4,
          "elevation_threshold_high": 210,
          "elevation_threshold_low": 205
        },
        "assessed_date": "2026-02-13"
      },
      "geometry": {
        "type": "Point",
        "coordinates": [
          77.2166591,
          28.5755524
        ]
      },
      "id": "way/1378338076"
    },
    {
      "type": "Feature",
      "properties": {
        "@id": "way/1380941295",
        "amenity": "parking",
        "@geometry": "center",
        "flood_count_5yr": 0.0,
        "elevation_m": 208.0,
        "risk_category": "moderate",
        "risk_color": "#FFFF00",
        "risk_label": "MODERATE",
        "data_source": "polygon",
        "assessment_criteria": {
          "flood_threshold_low": 2,
          "flood_threshold_moderate": 4,
          "elevation_threshold_high": 210,
          "elevation_threshold_low": 205
        },
        "assessed_date": "2026-02-13"
      },
      "geometry": {
        "type": "Point",
        "coordinates": [
          77.2918926,
          28.6220828
        ]
      },
      "id": "way/1380941295"
    },
    {
      "type": "Feature",
      "properties": {
        "@id": "way/1381391221",
        "amenity": "parking",
        "@geometry": "center",
        "flood_count_5yr": 0.0,
        "elevation_m": 209.0,
        "risk_category": "moderate",
        "risk_color": "#FFFF00",
        "risk_label": "MODERATE",
        "data_source": "polygon",
        "assessment_criteria": {
          "flood_threshold_low": 2,
          "flood_threshold_moderate": 4,
          "elevation_threshold_high": 210,
          "elevation_threshold_low": 205
        },
        "assessed_date": "2026-02-13"
      },
      "geometry": {
        "type": "Point",
        "coordinates": [
          77.3016458,
          28.6792694
        ]
      },
      "id": "way/1381391221"
    },
    {
      "type": "Feature",
      "properties": {
        "@id": "way/1386499579",
        "access": "customers",
        "amenity": "parking",
        "parking": "surface",
        "@geometry": "center",
        "flood_count_5yr": 0.0,
        "elevation_m": 208.0,
        "risk_category": "moderate",
        "risk_color": "#FFFF00",
        "risk_label": "MODERATE",
        "data_source": "polygon",
        "assessment_criteria": {
          "flood_threshold_low": 2,
          "flood_threshold_moderate": 4,
          "elevation_threshold_high": 210,
          "elevation_threshold_low": 205
        },
        "assessed_date": "2026-02-13"
      },
      "geometry": {
        "type": "Point",
        "coordinates": [
          77.3096296,
          28.6658195
        ]
      },
      "id": "way/1386499579"
    },
    {
      "type": "Feature",
      "properties": {
        "@id": "way/1386535300",
        "access": "customers",
        "amenity": "parking",
        "fee": "no",
        "parking": "surface",
        "smoothness": "excellent",
        "surface": "paved",
        "@geometry": "center",
        "flood_count_5yr": 0.0,
        "elevation_m": 206.0,
        "risk_category": "moderate",
        "risk_color": "#FFFF00",
        "risk_label": "MODERATE",
        "data_source": "polygon",
        "assessment_criteria": {
          "flood_threshold_low": 2,
          "flood_threshold_moderate": 4,
          "elevation_threshold_high": 210,
          "elevation_threshold_low": 205
        },
        "assessed_date": "2026-02-13"
      },
      "geometry": {
        "type": "Point",
        "coordinates": [
          77.3112167,
          28.6608064
        ]
      },
      "id": "way/1386535300"
    },
    {
      "type": "Feature",
      "properties": {
        "@id": "way/1387676301",
        "access": "customers",
        "amenity": "parking",
        "parking": "surface",
        "@geometry": "center",
        "flood_count_5yr": 0.0,
        "elevation_m": 206.0,
        "risk_category": "moderate",
        "risk_color": "#FFFF00",
        "risk_label": "MODERATE",
        "data_source": "polygon",
        "assessment_criteria": {
          "flood_threshold_low": 2,
          "flood_threshold_moderate": 4,
          "elevation_threshold_high": 210,
          "elevation_threshold_low": 205
        },
        "assessed_date": "2026-02-13"
      },
      "geometry": {
        "type": "Point",
        "coordinates": [
          77.3092726,
          28.6624423
        ]
      },
      "id": "way/1387676301"
    },
    {
      "type": "Feature",
      "properties": {
        "@id": "way/1389239368",
        "access": "customers",
        "amenity": "parking",
        "parking": "surface",
        "@geometry": "center",
        "flood_count_5yr": 0.0,
        "elevation_m": 205.0,
        "risk_category": "moderate",
        "risk_color": "#FFFF00",
        "risk_label": "MODERATE",
        "data_source": "polygon",
        "assessment_criteria": {
          "flood_threshold_low": 2,
          "flood_threshold_moderate": 4,
          "elevation_threshold_high": 210,
          "elevation_threshold_low": 205
        },
        "assessed_date": "2026-02-13"
      },
      "geometry": {
        "type": "Point",
        "coordinates": [
          77.2781489,
          28.6170853
        ]
      },
      "id": "way/1389239368"
    },
    {
      "type": "Feature",
      "properties": {
        "@id": "way/1389342826",
        "access": "private",
        "amenity": "parking",
        "parking": "surface",
        "@geometry": "center",
        "flood_count_5yr": 0.0,
        "elevation_m": 205.0,
        "risk_category": "moderate",
        "risk_color": "#FFFF00",
        "risk_label": "MODERATE",
        "data_source": "polygon",
        "assessment_criteria": {
          "flood_threshold_low": 2,
          "flood_threshold_moderate": 4,
          "elevation_threshold_high": 210,
          "elevation_threshold_low": 205
        },
        "assessed_date": "2026-02-13"
      },
      "geometry": {
        "type": "Point",
        "coordinates": [
          77.2488064,
          28.6722532
        ]
      },
      "id": "way/1389342826"
    },
    {
      "type": "Feature",
      "properties": {
        "@id": "way/1395424948",
        "access": "private",
        "amenity": "parking",
        "parking": "surface",
        "@geometry": "center",
        "flood_count_5yr": 0.0,
        "elevation_m": 206.0,
        "risk_category": "moderate",
        "risk_color": "#FFFF00",
        "risk_label": "MODERATE",
        "data_source": "polygon",
        "assessment_criteria": {
          "flood_threshold_low": 2,
          "flood_threshold_moderate": 4,
          "elevation_threshold_high": 210,
          "elevation_threshold_low": 205
        },
        "assessed_date": "2026-02-13"
      },
      "geometry": {
        "type": "Point",
        "coordinates": [
          77.3149099,
          28.6655566
        ]
      },
      "id": "way/1395424948"
    },
    {
      "type": "Feature",
      "properties": {
        "@id": "way/1422278878",
        "amenity": "parking",
        "@geometry": "center",
        "flood_count_5yr": 0.0,
        "elevation_m": 205.0,
        "risk_category": "moderate",
        "risk_color": "#FFFF00",
        "risk_label": "MODERATE",
        "data_source": "polygon",
        "assessment_criteria": {
          "flood_threshold_low": 2,
          "flood_threshold_moderate": 4,
          "elevation_threshold_high": 210,
          "elevation_threshold_low": 205
        },
        "assessed_date": "2026-02-13"
      },
      "geometry": {
        "type": "Point",
        "coordinates": [
          77.3003101,
          28.6179102
        ]
      },
      "id": "way/1422278878"
    },
    {
      "type": "Feature",
      "properties": {
        "@id": "way/1422278928",
        "amenity": "parking",
        "@geometry": "center",
        "flood_count_5yr": 0.0,
        "elevation_m": 206.0,
        "risk_category": "moderate",
        "risk_color": "#FFFF00",
        "risk_label": "MODERATE",
        "data_source": "polygon",
        "assessment_criteria": {
          "flood_threshold_low": 2,
          "flood_threshold_moderate": 4,
          "elevation_threshold_high": 210,
          "elevation_threshold_low": 205
        },
        "assessed_date": "2026-02-13"
      },
      "geometry": {
        "type": "Point",
        "coordinates": [
          77.3001561,
          28.6186518
        ]
      },
      "id": "way/1422278928"
    },
    {
      "type": "Feature",
      "properties": {
        "@id": "way/1422451261",
        "amenity": "parking",
        "@geometry": "center",
        "flood_count_5yr": 0.0,
        "elevation_m": 205.0,
        "risk_category": "moderate",
        "risk_color": "#FFFF00",
        "risk_label": "MODERATE",
        "data_source": "polygon",
        "assessment_criteria": {
          "flood_threshold_low": 2,
          "flood_threshold_moderate": 4,
          "elevation_threshold_high": 210,
          "elevation_threshold_low": 205
        },
        "assessed_date": "2026-02-13"
      },
      "geometry": {
        "type": "Point",
        "coordinates": [
          77.3081795,
          28.6330799
        ]
      },
      "id": "way/1422451261"
    },
    {
      "type": "Feature",
      "properties": {
        "@id": "way/1423272574",
        "amenity": "parking",
        "@geometry": "center",
        "flood_count_5yr": 0.0,
        "elevation_m": 209.0,
        "risk_category": "moderate",
        "risk_color": "#FFFF00",
        "risk_label": "MODERATE",
        "data_source": "polygon",
        "assessment_criteria": {
          "flood_threshold_low": 2,
          "flood_threshold_moderate": 4,
          "elevation_threshold_high": 210,
          "elevation_threshold_low": 205
        },
        "assessed_date": "2026-02-13"
      },
      "geometry": {
        "type": "Point",
        "coordinates": [
          77.2990558,
          28.6196887
        ]
      },
      "id": "way/1423272574"
    },
    {
      "type": "Feature",
      "properties": {
        "@id": "way/1423332992",
        "amenity": "parking",
        "@geometry": "center",
        "flood_count_5yr": 0.0,
        "elevation_m": 205.0,
        "risk_category": "moderate",
        "risk_color": "#FFFF00",
        "risk_label": "MODERATE",
        "data_source": "polygon",
        "assessment_criteria": {
          "flood_threshold_low": 2,
          "flood_threshold_moderate": 4,
          "elevation_threshold_high": 210,
          "elevation_threshold_low": 205
        },
        "assessed_date": "2026-02-13"
      },
      "geometry": {
        "type": "Point",
        "coordinates": [
          77.3052306,
          28.6198772
        ]
      },
      "id": "way/1423332992"
    },
    {
      "type": "Feature",
      "properties": {
        "@id": "way/1423334582",
        "amenity": "parking",
        "@geometry": "center",
        "flood_count_5yr": 0.0,
        "elevation_m": 208.0,
        "risk_category": "moderate",
        "risk_color": "#FFFF00",
        "risk_label": "MODERATE",
        "data_source": "polygon",
        "assessment_criteria": {
          "flood_threshold_low": 2,
          "flood_threshold_moderate": 4,
          "elevation_threshold_high": 210,
          "elevation_threshold_low": 205
        },
        "assessed_date": "2026-02-13"
      },
      "geometry": {
        "type": "Point",
        "coordinates": [
          77.3024038,
          28.6193746
        ]
      },
      "id": "way/1423334582"
    },
    {
      "type": "Feature",
      "properties": {
        "@id": "way/1423334583",
        "amenity": "parking",
        "@geometry": "center",
        "flood_count_5yr": 0.0,
        "elevation_m": 207.0,
        "risk_category": "moderate",
        "risk_color": "#FFFF00",
        "risk_label": "MODERATE",
        "data_source": "polygon",
        "assessment_criteria": {
          "flood_threshold_low": 2,
          "flood_threshold_moderate": 4,
          "elevation_threshold_high": 210,
          "elevation_threshold_low": 205
        },
        "assessed_date": "2026-02-13"
      },
      "geometry": {
        "type": "Point",
        "coordinates": [
          77.3026055,
          28.6194272
        ]
      },
      "id": "way/1423334583"
    },
    {
      "type": "Feature",
      "properties": {
        "@id": "way/1423574296",
        "amenity": "parking",
        "@geometry": "center",
        "flood_count_5yr": 0.0,
        "elevation_m": 210.0,
        "risk_category": "moderate",
        "risk_color": "#FFFF00",
        "risk_label": "MODERATE",
        "data_source": "polygon",
        "assessment_criteria": {
          "flood_threshold_low": 2,
          "flood_threshold_moderate": 4,
          "elevation_threshold_high": 210,
          "elevation_threshold_low": 205
        },
        "assessed_date": "2026-02-13"
      },
      "geometry": {
        "type": "Point",
        "coordinates": [
          77.301195,
          28.6197436
        ]
      },
      "id": "way/1423574296"
    },
    {
      "type": "Feature",
      "properties": {
        "@id": "way/1425950212",
        "amenity": "parking",
        "parking": "surface",
        "@geometry": "center",
        "flood_count_5yr": 0.0,
        "elevation_m": 205.0,
        "risk_category": "moderate",
        "risk_color": "#FFFF00",
        "risk_label": "MODERATE",
        "data_source": "polygon",
        "assessment_criteria": {
          "flood_threshold_low": 2,
          "flood_threshold_moderate": 4,
          "elevation_threshold_high": 210,
          "elevation_threshold_low": 205
        },
        "assessed_date": "2026-02-13"
      },
      "geometry": {
        "type": "Point",
        "coordinates": [
          77.2886698,
          28.6058558
        ]
      },
      "id": "way/1425950212"
    },
    {
      "type": "Feature",
      "properties": {
        "@id": "way/1429441578",
        "amenity": "parking",
        "parking": "surface",
        "@geometry": "center",
        "flood_count_5yr": 0.0,
        "elevation_m": 206.0,
        "risk_category": "moderate",
        "risk_color": "#FFFF00",
        "risk_label": "MODERATE",
        "data_source": "polygon",
        "assessment_criteria": {
          "flood_threshold_low": 2,
          "flood_threshold_moderate": 4,
          "elevation_threshold_high": 210,
          "elevation_threshold_low": 205
        },
        "assessed_date": "2026-02-13"
      },
      "geometry": {
        "type": "Point",
        "coordinates": [
          77.2904482,
          28.6205568
        ]
      },
      "id": "way/1429441578"
    },
    {
      "type": "Feature",
      "properties": {
        "@id": "way/1435598439",
        "amenity": "parking",
        "parking": "surface",
        "@geometry": "center",
        "flood_count_5yr": 0.0,
        "elevation_m": 206.0,
        "risk_category": "moderate",
        "risk_color": "#FFFF00",
        "risk_label": "MODERATE",
        "data_source": "polygon",
        "assessment_criteria": {
          "flood_threshold_low": 2,
          "flood_threshold_moderate": 4,
          "elevation_threshold_high": 210,
          "elevation_threshold_low": 205
        },
        "assessed_date": "2026-02-13"
      },
      "geometry": {
        "type": "Point",
        "coordinates": [
          77.1525324,
          28.6904593
        ]
      },
      "id": "way/1435598439"
    },
    {
      "type": "Feature",
      "properties": {
        "@id": "way/1441611979",
        "access": "yes",
        "amenity": "parking",
        "parking": "surface",
        "@geometry": "center",
        "flood_count_5yr": 0.0,
        "elevation_m": 210.0,
        "risk_category": "moderate",
        "risk_color": "#FFFF00",
        "risk_label": "MODERATE",
        "data_source": "polygon",
        "assessment_criteria": {
          "flood_threshold_low": 2,
          "flood_threshold_moderate": 4,
          "elevation_threshold_high": 210,
          "elevation_threshold_low": 205
        },
        "assessed_date": "2026-02-13"
      },
      "geometry": {
        "type": "Point",
        "coordinates": [
          77.0461021,
          28.5930245
        ]
      },
      "id": "way/1441611979"
    },
    {
      "type": "Feature",
      "properties": {
        "@id": "way/1460787210",
        "amenity": "parking",
        "parking": "surface",
        "@geometry": "center",
        "flood_count_5yr": 0.0,
        "elevation_m": 208.0,
        "risk_category": "moderate",
        "risk_color": "#FFFF00",
        "risk_label": "MODERATE",
        "data_source": "polygon",
        "assessment_criteria": {
          "flood_threshold_low": 2,
          "flood_threshold_moderate": 4,
          "elevation_threshold_high": 210,
          "elevation_threshold_low": 205
        },
        "assessed_date": "2026-02-13"
      },
      "geometry": {
        "type": "Point",
        "coordinates": [
          77.3095993,
          28.6591764
        ]
      },
      "id": "way/1460787210"
    },
    {
      "type": "Feature",
      "properties": {
        "@id": "node/1667005693",
        "amenity": "parking",
        "flood_count_5yr": 0.0,
        "elevation_m": 210.0,
        "risk_category": "moderate",
        "risk_color": "#FFFF00",
        "risk_label": "MODERATE",
        "data_source": "polygon",
        "assessment_criteria": {
          "flood_threshold_low": 2,
          "flood_threshold_moderate": 4,
          "elevation_threshold_high": 210,
          "elevation_threshold_low": 205
        },
        "assessed_date": "2026-02-13"
      },
      "geometry": {
        "type": "Point",
        "coordinates": [
          77.0215619,
          28.5947706
        ]
      },
      "id": "node/1667005693"
    },
    {
      "type": "Feature",
      "properties": {
        "@id": "node/5129832029",
        "amenity": "parking",
        "flood_count_5yr": 0.0,
        "elevation_m": 208.0,
        "risk_category": "moderate",
        "risk_color": "#FFFF00",
        "risk_label": "MODERATE",
        "data_source": "polygon",
        "assessment_criteria": {
          "flood_threshold_low": 2,
          "flood_threshold_moderate": 4,
          "elevation_threshold_high": 210,
          "elevation_threshold_low": 205
        },
        "assessed_date": "2026-02-13"
      },
      "geometry": {
        "type": "Point",
        "coordinates": [
          77.2601243,
          28.581627
        ]
      },
      "id": "node/5129832029"
    },
    {
      "type": "Feature",
      "properties": {
        "@id": "node/5129832046",
        "amenity": "parking",
        "flood_count_5yr": 0.0,
        "elevation_m": 208.0,
        "risk_category": "moderate",
        "risk_color": "#FFFF00",
        "risk_label": "MODERATE",
        "data_source": "polygon",
        "assessment_criteria": {
          "flood_threshold_low": 2,
          "flood_threshold_moderate": 4,
          "elevation_threshold_high": 210,
          "elevation_threshold_low": 205
        },
        "assessed_date": "2026-02-13"
      },
      "geometry": {
        "type": "Point",
        "coordinates": [
          77.2576397,
          28.5801846
        ]
      },
      "id": "node/5129832046"
    },
    {
      "type": "Feature",
      "properties": {
        "@id": "node/8017643971",
        "amenity": "parking",
        "flood_count_5yr": 0.0,
        "elevation_m": 209.0,
        "risk_category": "moderate",
        "risk_color": "#FFFF00",
        "risk_label": "MODERATE",
        "data_source": "polygon",
        "assessment_criteria": {
          "flood_threshold_low": 2,
          "flood_threshold_moderate": 4,
          "elevation_threshold_high": 210,
          "elevation_threshold_low": 205
        },
        "assessed_date": "2026-02-13"
      },
      "geometry": {
        "type": "Point",
        "coordinates": [
          77.1144775,
          28.6991616
        ]
      },
      "id": "node/8017643971"
    },
    {
      "type": "Feature",
      "properties": {
        "@id": "node/11236610073",
        "amenity": "parking",
        "name": "Parallel parking",
        "flood_count_5yr": 0.0,
        "elevation_m": 210.0,
        "risk_category": "moderate",
        "risk_color": "#FFFF00",
        "risk_label": "MODERATE",
        "data_source": "polygon",
        "assessment_criteria": {
          "flood_threshold_low": 2,
          "flood_threshold_moderate": 4,
          "elevation_threshold_high": 210,
          "elevation_threshold_low": 205
        },
        "assessed_date": "2026-02-13"
      },
      "geometry": {
        "type": "Point",
        "coordinates": [
          77.278985,
          28.63161
        ]
      },
      "id": "node/11236610073"
    },
    {
      "type": "Feature",
      "properties": {
        "@id": "node/13072243193",
        "amenity": "parking",
        "flood_count_5yr": 0.0,
        "elevation_m": 206.0,
        "risk_category": "moderate",
        "risk_color": "#FFFF00",
        "risk_label": "MODERATE",
        "data_source": "polygon",
        "assessment_criteria": {
          "flood_threshold_low": 2,
          "flood_threshold_moderate": 4,
          "elevation_threshold_high": 210,
          "elevation_threshold_low": 205
        },
        "assessed_date": "2026-02-13"
      },
      "geometry": {
        "type": "Point",
        "coordinates": [
          77.3075911,
          28.6328982
        ]
      },
      "id": "node/13072243193"
    }
  ],
  "metadata": {
    "risk_category": "safe",
    "description": "Low and Moderate risk locations combined",
    "recommended_for": "General public parking use"
  }
}